posicao,id_municipio,uf,n_alunos_avaliados,risco_medio,taxa_alfabetizacao_real,inse_municipio,gap_meta_2030
1,170770,TO,30,0.8731164866504081,13.333333333333334,4.262,-67.77898550724638
2,280510,SE,25,0.8680504027969621,8.0,4.4399999999999995,-66.94844827586206
3,170307,TO,28,0.8545345409661336,17.857142857142858,4.54,-64.99567567567567
4,290720,BA,223,0.8530643325063245,18.385650224215247,4.299310344827586,-63.80698630136987
5,290225,BA,29,0.849034892622867,6.896551724137931,4.2425,-64.85992481203007
6,290190,BA,99,0.8472735111390813,17.17171717171717,3.9890000000000003,-62.827547169811325
7,291540,BA,27,0.8457467928103056,18.51851851851852,4.473333333333334,-61.93347826086956
8,292980,BA,35,0.8429771227804975,5.714285714285714,4.384444444444445,-62.14230303030303
9,171195,TO,29,0.8417864698970473,13.793103448275861,4.415,-61.83175438596491
10,280150,SE,64,0.8400198501576682,20.3125,4.571428571428571,-59.244326923076926
11,292080,BA,31,0.8399002028616438,12.903225806451612,4.458749999999998,-60.25
12,292560,BA,39,0.8390477137372928,30.76923076923077,4.571818181818181,-59.33538461538461
13,291910,BA,20,0.8365646958284539,20.0,4.164285714285715,-58.84690265486726
14,280020,SE,39,0.8361856554559802,25.64102564102564,4.145,-59.06126984126984
15,280540,SE,148,0.835545570071842,27.027027027027028,4.168235294117648,-59.960262172284644
16,290220,BA,28,0.833219422620815,21.428571428571427,4.4079999999999995,-59.88999999999999
17,170300,TO,43,0.8300287959681919,13.953488372093023,4.46,-60.05072289156627
18,280270,SE,45,0.8289231811266453,31.11111111111111,4.298333333333333,-57.6508108108108
19,292610,BA,48,0.8286689896141651,22.916666666666664,4.478571428571429,-58.92785123966942
20,240540,RN,28,0.8266867947965462,25.0,4.3999999999999995,-59.42681481481482
21,293010,BA,168,0.8247085176663101,23.214285714285715,4.4237931034482765,-57.916670270270274
22,291060,BA,138,0.8231490850182693,20.28985507246377,4.34923076923077,-57.93193113772455
23,290210,BA,140,0.821670901283621,21.428571428571427,4.153333333333334,-57.732586206896556
24,293050,BA,198,0.8213918791159774,25.252525252525253,4.341304347826086,-57.32341511285574
25,240160,RN,20,0.8208366936124257,25.0,4.416666666666667,-57.19
26,241420,RN,91,0.8196904416772575,18.681318681318682,4.552727272727273,-58.5402421307506
27,291180,BA,57,0.8196700727064314,15.789473684210526,4.499999999999999,-57.33658862876254
28,292370,BA,107,0.8175158373830798,22.429906542056074,4.348000000000001,-57.266921487603305
29,240895,RN,44,0.8157514629067534,18.181818181818183,4.452,-57.57020618556701
30,290020,BA,71,0.8156916910249241,22.535211267605636,4.102307692307693,-56.30724137931035
31,171570,TO,32,0.8152411010257414,9.375,4.442,-57.634
32,290550,BA,53,0.8138255789928336,32.075471698113205,4.301,-54.76662835249042
33,160050,AP,149,0.8137705355002596,23.48993288590604,4.30375,-56.40427471116816
34,280560,SE,98,0.8130214622297443,16.3265306122449,4.209090909090908,-54.39139047619047
35,293245,BA,59,0.8128562655494319,16.94915254237288,4.458,-57.96768953068592
36,280630,SE,44,0.8116173668056668,36.36363636363637,4.198333333333332,-55.86049618320611
37,292970,BA,29,0.8110422166599088,27.586206896551722,4.247777777777777,-57.10837988826815
38,291960,BA,51,0.8107537749925117,23.52941176470588,3.8840000000000003,-55.44468085106383
39,292420,BA,54,0.8104285701585289,16.666666666666664,3.9755555555555557,-55.76205128205128
40,290890,BA,67,0.8096169113746751,26.865671641791046,4.266363636363637,-54.344967532467535
41,150280,PA,226,0.8094700008830177,28.761061946902654,3.604642857142857,-55.41452574525745
42,292440,BA,141,0.8093702078016326,16.312056737588655,3.8923999999999994,-56.780212765957444
43,270710,AL,146,0.808762435541801,26.027397260273972,4.223846153846154,-55.074680232558144
44,280490,SE,33,0.8082747155276948,18.181818181818183,3.9015384615384616,-56.11717514124294
45,150520,PA,173,0.8078714603894526,30.057803468208093,3.8174999999999994,-56.16594318181818
46,291110,BA,88,0.8074136300431934,25.0,4.336428571428572,-56.29818181818182
47,240980,RN,29,0.8073176208200351,17.24137931034483,4.42,-57.0230303030303
48,291630,BA,25,0.8072495790938194,24.0,4.506666666666667,-61.29151724137931
49,280120,SE,159,0.8071115579293943,27.67295597484277,4.309444444444446,-55.26269058295964
50,291190,BA,104,0.8070872890257254,25.0,4.200666666666665,-54.35249537892791
51,270360,AL,39,0.8057262891088148,23.076923076923077,4.3757142857142854,-54.843548387096774
52,280400,SE,55,0.8047909254679126,21.818181818181817,4.441111111111111,-54.5571186440678
53,293315,BA,55,0.8047559153183803,34.54545454545455,4.366666666666666,-54.89634551495017
54,280590,SE,48,0.8046732717297447,25.0,4.4075,-59.31272727272727
55,171886,TO,23,0.8045713340224318,26.08695652173913,4.51,-55.0541935483871
56,280480,SE,766,0.8040965483591541,28.590078328981722,4.647454545454544,-53.52644486692015
57,290682,BA,55,0.8035882637492243,14.545454545454545,4.2942857142857145,-55.651
58,291700,BA,107,0.80350652137998,22.429906542056074,4.227407407407408,-55.417668593448944
59,292090,BA,55,0.8034392304262128,10.909090909090908,4.27,-55.76012931034482
60,291580,BA,91,0.802646345002721,24.175824175824175,4.4786666666666655,-55.43305882352941
61,280640,SE,40,0.8025510486630738,27.500000000000004,4.32,-54.4313407821229
62,293020,BA,155,0.8023900133477782,21.29032258064516,4.376153846153846,-54.70488622754491
63,291915,BA,133,0.802041589259911,30.075187969924812,4.451333333333333,-54.839921752738654
64,280360,SE,79,0.8001160781256416,25.31645569620253,4.452307692307693,-51.4342663476874
65,240550,RN,23,0.7996784285651044,30.434782608695656,4.373333333333333,-54.35650793650794
66,292205,BA,39,0.7994521562593568,35.8974358974359,4.40625,-54.33561085972851
67,170900,TO,63,0.7993199771017322,20.634920634920633,4.05,-55.77329787234043
68,290530,BA,69,0.7992065582358179,21.73913043478261,4.361111111111112,-54.576109324758846
69,293110,BA,32,0.7989675795326493,18.75,4.42,-54.955416666666665
70,171875,TO,31,0.7977234574202633,38.70967741935484,4.414999999999999,-52.688652482269504
71,170390,TO,28,0.7972539153718524,14.285714285714285,4.693333333333333,-56.9225
72,241010,RN,28,0.7963592872561265,17.857142857142858,4.323333333333333,
73,290680,BA,145,0.7959714011550544,31.03448275862069,4.271000000000001,-53.48352941176471
74,290040,BA,27,0.7948689097560611,25.925925925925924,4.203749999999999,-54.44986013986014
75,241320,RN,28,0.7941414796667203,14.285714285714285,4.3533333333333335,-54.43963302752294
76,292800,BA,93,0.7935717424972982,25.806451612903224,4.362666666666667,-53.09171557562077
77,291140,BA,26,0.7933477067234143,23.076923076923077,4.259090909090908,-51.9957634730539
78,292225,BA,54,0.7933349017393643,27.77777777777778,4.260909090909091,-53.69300884955752
79,292830,BA,25,0.7929969416708101,20.0,4.416666666666666,
80,290580,BA,100,0.7926954197310284,24.0,4.281363636363636,-52.84275574112735
81,270310,AL,104,0.7925375118248049,27.884615384615387,4.2947058823529405,-52.84772277227723
82,291270,BA,92,0.7917571543450785,22.82608695652174,4.386153846153847,-53.27766265060241
83,290470,BA,60,0.7917072736636029,26.666666666666668,4.306000000000001,-54.139623430962345
84,290475,BA,47,0.7916874134438493,12.76595744680851,4.2621052631578955,
85,293170,BA,29,0.7913187403811557,24.137931034482758,4.355,-54.19192708333333
86,290360,BA,30,0.7913029198756879,16.666666666666664,4.072727272727272,-54.85297297297297
87,290990,BA,172,0.791179881458896,24.418604651162788,4.271818181818183,-53.52748166259169
88,251315,PB,35,0.7906384664554201,22.857142857142858,4.3774999999999995,-52.19369230769232
89,292937,BA,31,0.7905013303730237,19.35483870967742,4.385999999999999,-53.9435
90,280240,SE,37,0.7903504700777488,24.324324324324326,4.116666666666667,-52.47786802030457
91,290323,BA,46,0.7895337591782094,26.08695652173913,4.2975,-53.046048387096775
92,130426,AM,78,0.7893704419247135,20.51282051282051,3.778,-56.416666666666664
93,220230,PI,91,0.7886915080550307,28.57142857142857,4.126666666666668,-56.188552338530066
94,240670,RN,38,0.7884750051382475,39.473684210526315,4.524285714285714,-55.52245614035088
95,292335,BA,54,0.7877933031453103,25.925925925925924,4.395555555555556,-52.51268072289157
96,250720,PB,23,0.7871922029470828,26.08695652173913,4.06,-50.76831460674157
97,292850,BA,29,0.7869624655411984,44.827586206896555,4.358333333333334,-52.88898734177216
98,240730,RN,20,0.7868688007045619,5.0,4.32,-54.20066666666667
99,120013,AC,48,0.7865912913995728,25.0,4.341666666666667,
100,292290,BA,100,0.7865530493859619,30.0,4.162,-53.34623742454728
101,292310,BA,66,0.7861680053425463,31.818181818181817,4.173333333333334,-52.79076502732241
102,280220,SE,26,0.78597437222007,34.61538461538461,4.380000000000001,-52.381019108280256
103,291310,BA,41,0.7858394740952014,26.82926829268293,4.52,-52.91041666666666
104,292750,BA,42,0.7854948529291368,33.33333333333333,4.2254545454545465,-52.29566666666666
105,292400,BA,397,0.7853815088858634,28.967254408060455,4.532727272727273,-52.489758186397985
106,220335,PI,26,0.7848572979923532,23.076923076923077,4.021428571428571,-53.8
107,250520,PB,37,0.7842581762248876,24.324324324324326,4.24,-52.3938064516129
108,290270,BA,199,0.783085754783208,26.633165829145728,4.221590909090909,-52.38880952380952
109,130050,AM,155,0.782398934404671,30.967741935483872,3.6841379310344826,-51.65136794396374
110,280170,SE,77,0.7823989150696209,32.467532467532465,4.2153846153846155,-50.3836147757256
111,270740,AL,41,0.781959010240015,31.70731707317073,4.496250000000001,-51.1951119402985
112,160010,AP,55,0.7815873938203699,23.636363636363637,4.311111111111112,-53.856830601092895
113,292920,BA,136,0.7815061934171247,26.47058823529412,4.582173913043478,-51.99502702702703
114,292935,BA,30,0.7812175274086278,26.666666666666668,4.26,-50.810952380952386
115,291465,BA,138,0.7811524874070992,29.71014492753623,4.532,-51.88509259259259
116,290687,BA,96,0.7810752141712655,23.958333333333336,4.514615384615385,-52.28024
117,280060,SE,125,0.7810081440006624,28.799999999999997,4.726666666666667,-48.55064608347627
118,292760,BA,57,0.7805114029045407,24.561403508771928,4.234285714285714,-53.089762611275965
119,280040,SE,44,0.7803038289683109,36.36363636363637,4.290000000000001,-50.14160714285714
120,291085,BA,72,0.7802756701372044,22.22222222222222,4.364615384615385,-53.3424
121,220050,PI,80,0.7798238134990558,32.5,4.173846153846154,-52.44015037593985
122,290060,BA,25,0.7797255506545878,40.0,4.445,-52.18465517241379
123,292710,BA,53,0.779578946675917,16.9811320754717,4.550000000000001,-51.26590909090909
124,280230,SE,46,0.7783480433153089,28.26086956521739,4.472857142857142,-48.698564814814816
125,171250,TO,23,0.7781049854359451,17.391304347826086,4.61,-50.85643835616438
126,291535,BA,49,0.7780179268382328,24.489795918367346,4.225384615384615,-52.74782051282051
127,292540,BA,39,0.7779764813327964,30.76923076923077,4.4590000000000005,-52.23278846153846
128,293150,BA,79,0.7773150714577162,26.582278481012654,4.287857142857144,-51.23960099750623
129,293270,BA,78,0.7773149568747788,25.64102564102564,4.368571428571429,-51.536910569105686
130,293305,BA,35,0.7772871827004544,17.142857142857142,4.29,-52.70097826086956
131,290630,BA,119,0.7767931798512199,32.773109243697476,4.43,-51.16290718038529
132,292265,BA,52,0.7762798515051574,25.0,4.182857142857143,-51.81948805460751
133,291810,BA,64,0.776156273220506,31.25,4.263478260869567,-51.782132352941176
134,240120,RN,60,0.7756418900716003,26.666666666666668,4.42,-51.879265734265736
135,290790,BA,83,0.7753331300701489,28.915662650602407,4.198181818181818,-50.43602702702702
136,291510,BA,44,0.7751975235905934,31.818181818181817,4.055000000000001,-50.504536585365855
137,291590,BA,23,0.7748008919149754,30.434782608695656,4.453333333333333,
138,291370,BA,101,0.7746430497338701,27.722772277227726,4.296499999999999,-50.22430799220273
139,241340,RN,21,0.7744566223810022,28.57142857142857,4.503333333333334,-50.91729411764706
140,291360,BA,599,0.7743781688079205,29.883138564273793,4.4512068965517235,-52.84747159736423
141,291920,BA,570,0.774213834213025,31.2280701754386,4.578983050847457,-50.774017216642754
142,241500,RN,20,0.7740609922430578,25.0,4.4,-50.370000000000005
143,292150,BA,84,0.7739836913289263,25.0,4.206206896551725,-50.76519455252919
144,290760,BA,37,0.7736083560787971,21.62162162162162,4.211,-51.583413173652694
145,280440,SE,88,0.7735068497291397,30.681818181818183,4.3081249999999995,-50.89176100628931
146,292580,BA,81,0.7734386008425946,27.160493827160494,4.333846153846154,-51.50347022587269
147,290170,BA,24,0.7731777136018213,33.33333333333333,4.232500000000001,-50.175
148,293080,BA,63,0.7731318452962408,22.22222222222222,4.2772727272727264,-51.76144736842105
149,292810,BA,118,0.7729688244134416,28.8135593220339,4.282000000000001,-50.29745233968804
150,240710,RN,200,0.7728454066997693,30.5,4.508157894736843,-51.335629017447204
151,290135,BA,39,0.7727509079672463,38.46153846153847,4.20625,-49.36396226415094
152,221135,PI,21,0.7721008252610297,33.33333333333333,3.928,-51.39
153,240580,RN,99,0.7718239437662446,34.34343434343434,4.369999999999999,-50.28027184466019
154,280680,SE,29,0.7718060843002114,37.93103448275862,4.34,-50.3451724137931
155,240185,RN,35,0.7715199217556615,45.714285714285715,4.43,-50.90582191780822
156,290490,BA,100,0.7714998191824378,27.0,4.318823529411764,-51.11174796747967
157,291750,BA,249,0.7709589177650337,30.522088353413658,4.480434782608695,-50.30900249376559
158,292070,BA,38,0.7709110233832576,23.684210526315788,4.233888888888889,
159,291100,BA,29,0.7708178687356182,20.689655172413794,4.459999999999999,-50.74727272727272
160,500520,MS,119,0.770405674579138,31.932773109243694,4.867777777777777,-50.45848874598071
161,240420,RN,170,0.7702011490515128,30.0,4.531428571428572,-51.42117721518987
162,291840,BA,1077,0.7694221868450195,29.526462395543174,4.497471264367817,-49.66904059712361
163,292210,BA,45,0.7690050728721839,24.444444444444443,4.346153846153846,-50.38744680851064
164,211065,MA,41,0.768939338784842,41.46341463414634,4.297499999999999,-50.16589285714286
165,291390,BA,133,0.7687499238999442,24.81203007518797,4.473571428571429,-50.96522462562396
166,293060,BA,44,0.7685933617470895,27.27272727272727,4.387142857142857,-51.19764705882353
167,270240,AL,249,0.7684611989232678,30.923694779116467,4.488095238095237,-50.273747927031515
168,291530,BA,33,0.7683908416758057,24.242424242424242,4.383333333333334,-50.62296703296703
169,290265,BA,51,0.7674137257219411,35.294117647058826,4.221666666666668,-54.93473684210526
170,293220,BA,74,0.7671010468294908,35.13513513513514,4.3925,-49.5854938271605
171,292600,BA,138,0.7670443417148982,28.26086956521739,4.26,-50.13840455840456
172,170384,TO,66,0.7670315520645051,30.303030303030305,4.074,-52.66
173,292305,BA,38,0.7668873869919798,26.31578947368421,4.373333333333333,-51.733294117647056
174,290820,BA,67,0.766782201594136,28.35820895522388,4.484545454545454,-50.082470588235296
175,291220,BA,119,0.7667407805796893,28.57142857142857,4.531000000000001,-49.990591497227356
176,290090,BA,26,0.7663462733191823,26.923076923076923,4.21,-51.96924528301887
177,150700,PA,133,0.7663267854767893,27.06766917293233,4.279999999999999,-51.098543689320394
178,290840,BA,187,0.7660707185116894,26.737967914438503,4.515937500000001,-50.31087460484721
179,291050,BA,94,0.7657104452959641,27.659574468085108,4.338181818181819,
180,270130,AL,97,0.7655712844634438,27.835051546391753,4.314285714285715,-49.859518599562364
181,241120,RN,156,0.7652939896809011,26.923076923076923,4.446470588235295,-47.23916554508748
182,292570,BA,28,0.7652932861907759,32.142857142857146,4.361666666666666,-48.91756880733945
183,291480,BA,458,0.7644285463231372,28.82096069868996,4.44673469387755,-49.1962783171521
184,292525,BA,82,0.7641764160730093,28.04878048780488,4.415454545454545,-50.76182741116751
185,270380,AL,95,0.7640583414921679,30.526315789473685,4.087272727272727,-53.67328600405679
186,292575,BA,55,0.7638104746117119,21.818181818181817,4.228000000000001,
187,290710,BA,122,0.7636841241918518,27.049180327868854,4.317222222222222,-49.68350819672131
188,240930,RN,23,0.7636839681919951,34.78260869565217,4.426666666666667,-49.374242424242425
189,292020,BA,71,0.7635041705413291,23.943661971830984,4.271666666666667,-50.8058024691358
190,250030,PB,109,0.7634312573523062,29.357798165137616,4.223125000000001,-50.60660130718954
191,280760,SE,67,0.762940867581686,38.80597014925373,4.340714285714286,-47.74241935483871
192,290700,BA,46,0.762803189423825,30.434782608695656,4.437142857142857,-50.17245689655172
193,293015,BA,147,0.7623146839470253,28.57142857142857,4.4796,-49.19492939666239
194,292805,BA,34,0.7616020966693124,29.411764705882355,4.172,-48.89862068965517
195,293240,BA,30,0.7610670525180967,26.666666666666668,4.332222222222223,-49.53670588235294
196,293290,BA,226,0.760884417981455,29.646017699115045,4.359047619047619,-48.60483967935872
197,293077,BA,124,0.7606205915602549,26.61290322580645,4.555,-49.599344262295084
198,290380,BA,58,0.7602720108618445,29.310344827586203,4.106666666666667,-47.234532374100716
199,290180,BA,28,0.7597511783766049,21.428571428571427,4.37375,-51.40291666666667
200,280340,SE,62,0.7595813369405255,29.03225806451613,4.247999999999999,-47.93377483443709
201,240510,RN,28,0.7593833374500949,28.57142857142857,4.6125,-48.71720430107527
202,290620,BA,106,0.759244725452773,33.9622641509434,4.355384615384615,-48.89115321252059
203,292650,BA,65,0.7589787071504832,36.92307692307693,4.106363636363636,-48.67304615384615
204,292140,BA,42,0.7589107308345918,38.095238095238095,4.4023076923076925,-48.385555555555555
205,292250,BA,27,0.7583956732471391,22.22222222222222,4.368461538461539,
206,290610,BA,35,0.7581661713143457,31.428571428571427,4.245555555555556,-47.04394904458599
207,150070,PA,132,0.7580756814035481,33.33333333333333,3.534285714285714,-49.556748091603055
208,280460,SE,85,0.7576933642000839,30.58823529411765,4.3963636363636365,-46.78442753623188
209,221110,PI,190,0.7576453307226819,27.89473684210526,4.104827586206897,-49.33047058823529
210,291850,BA,50,0.7576080098128455,44.0,4.271111111111111,-48.26155709342561
211,221120,PI,123,0.7574573270599652,30.89430894308943,4.439090909090909,-50.44885906040268
212,293030,BA,56,0.757448120271763,28.57142857142857,4.3475,-49.09384879725086
213,291490,BA,98,0.7571152871441961,31.63265306122449,4.404444444444444,-48.20749464668094
214,292285,BA,20,0.7565106086402752,15.0,4.315,-49.80961904761905
215,241440,RN,135,0.7559463466675519,28.888888888888886,4.378823529411765,-47.58754555198285
216,292900,BA,35,0.7558666438918614,37.142857142857146,4.239999999999999,-48.29778443113773
217,292880,BA,197,0.7558468994902545,36.04060913705584,4.527200000000001,-47.758084886128366
218,290560,BA,85,0.7557044360403593,28.235294117647058,4.4,-50.18062937062937
219,292160,BA,41,0.7551552372926428,26.82926829268293,4.1325,-49.665
220,220490,PI,46,0.7550991922993205,30.434782608695656,4.072857142857143,-49.325714285714284
221,293360,BA,193,0.7550699771788119,32.64248704663213,4.295862068965518,-48.34375123395854
222,291660,BA,22,0.7549563196148535,31.818181818181817,4.430000000000001,-45.94488549618321
223,160080,AP,71,0.7541526878935775,30.985915492957744,4.347499999999999,-48.45675
224,241335,RN,35,0.7540595754179091,34.285714285714285,4.688,-49.95946107784431
225,352970,SP,31,0.7538210864874425,29.03225806451613,5.093333333333334,-50.91
226,292000,BA,39,0.7534941530421226,23.076923076923077,4.4425,-49.01911764705882
227,291400,BA,185,0.753401954339036,32.972972972972975,4.188857142857142,-47.949621380846324
228,240720,RN,73,0.7533773482528997,35.61643835616438,4.481999999999999,-47.30177419354838
229,290920,BA,31,0.7531731947696528,38.70967741935484,4.329999999999999,-47.64645739910314
230,291070,BA,184,0.7530797393984404,32.065217391304344,4.379999999999999,-48.6334
231,280067,SE,79,0.7529402058206517,30.37974683544304,4.492727272727272,-46.08662835249042
232,250640,PB,38,0.7528538230406774,31.57894736842105,4.18,-48.362857142857145
233,220327,PI,24,0.752802820284317,29.166666666666668,3.9633333333333334,-47.884625850340136
234,240470,RN,46,0.7526432565667334,23.91304347826087,4.505454545454546,-48.75027465667915
235,292940,BA,20,0.7524333225575943,80.0,4.373333333333334,-46.92253968253968
236,290590,BA,68,0.7520003149991275,33.82352941176471,4.316249999999998,-47.66297872340426
237,280200,SE,20,0.7519569690154417,20.0,4.4925,-49.680625
238,270050,AL,107,0.7514910369674714,28.037383177570092,4.448,-48.09426886792453
239,292170,BA,88,0.751457826634966,31.818181818181817,4.291363636363637,-47.38688149688149
240,280320,SE,136,0.751340575864929,34.55882352941176,4.359629629629631,-47.87343283582089
241,280070,SE,49,0.7511340636118626,34.69387755102041,4.195,-48.01300925925926
242,291160,BA,54,0.7507949835205979,33.33333333333333,4.503076923076923,-47.14411764705882
243,291620,BA,22,0.7507722247871161,31.818181818181817,4.422499999999999,-47.38824675324675
244,241220,RN,215,0.7506451478817363,33.02325581395349,4.539130434782607,-49.12712037037037
245,280420,SE,61,0.7498840155995194,19.672131147540984,4.298571428571429,-46.755558912386704
246,292930,BA,89,0.7497789487359953,33.70786516853933,4.364666666666666,-48.456321138211386
247,291080,BA,1485,0.749631084042047,32.996632996633,4.561403508771931,-47.456820319849484
248,172020,TO,64,0.7495922379736614,25.0,4.465,-47.58212624584718
249,280520,SE,20,0.7489086713575394,30.0,4.390000000000001,-50.999240506329116
250,280530,SE,31,0.7488727849539891,38.70967741935484,4.493333333333333,-46.86283950617284
251,150120,PA,130,0.7487448714816194,31.538461538461537,4.2458333333333345,-47.836120401337794
252,292270,BA,49,0.748654458035223,24.489795918367346,4.402222222222222,-48.90266009852216
253,220265,PI,24,0.7483983992807421,25.0,3.9566666666666666,-48.84825242718446
254,241090,RN,32,0.7482780898313875,34.375,4.426666666666667,-49.12520383693045
255,150290,PA,95,0.7475789303042899,35.78947368421053,4.168518518518519,-47.69080213903744
256,291992,BA,55,0.7475713973693064,27.27272727272727,4.583333333333333,-48.62131313131313
257,290485,BA,48,0.7473732621502284,37.5,4.372727272727272,
258,171190,TO,59,0.7463243056962857,30.508474576271187,4.6325,-48.7299076923077
259,240210,RN,21,0.7458021204208755,23.809523809523807,4.462857142857143,-48.99111111111111
260,292045,BA,29,0.7455479548991067,44.827586206896555,4.374545454545454,-47.07822857142857
261,291690,BA,23,0.7453841922480098,30.434782608695656,4.45,-48.480625
262,290290,BA,201,0.7453595002407079,31.343283582089555,4.382777777777776,-46.75428723404255
263,291550,BA,26,0.7450937649160364,38.46153846153847,4.386,-45.75258706467662
264,292500,BA,57,0.744879443111581,21.052631578947366,4.511818181818182,-48.09389684813753
265,150470,PA,296,0.7448223604391991,33.78378378378378,4.0121153846153845,-46.787817225509535
266,171488,TO,84,0.7436540878549406,34.523809523809526,4.451428571428572,-47.3632183908046
267,171890,TO,25,0.7434832443503261,32.0,4.616666666666667,-50.53642857142857
268,290930,BA,110,0.7434637806062601,32.72727272727273,4.469047619047619,-47.124483985765124
269,150720,PA,72,0.7433587011909628,36.11111111111111,3.9390476190476185,-47.736824512534824
270,291185,BA,23,0.7430304337171003,43.47826086956522,4.1525,-46.63976047904192
271,291955,BA,559,0.7429731839449925,28.622540250447226,4.895666666666667,-47.695160726764506
272,240230,RN,53,0.742957414677966,32.075471698113205,4.416666666666667,-46.159133089133086
273,293190,BA,111,0.7429299894945208,30.630630630630627,4.395714285714286,-47.689465346534654
274,150530,PA,279,0.742539819113941,29.749103942652326,3.8029545454545453,-47.49966220971147
275,270540,AL,45,0.7422064825904284,26.666666666666668,3.7785714285714285,-46.559705882352944
276,240260,RN,255,0.7417879388217103,29.411764705882355,4.4362790697674415,
277,291005,BA,233,0.7417484352350725,30.472103004291846,4.554736842105264,-46.02730736663844
278,170110,TO,33,0.7417289522352475,27.27272727272727,4.615,-47.13489510489511
279,270560,AL,64,0.7417019382392167,29.6875,4.305,-46.006
280,292390,BA,52,0.7416950796537403,32.69230769230769,4.35,-50.97041198501872
281,291855,BA,24,0.7411703169045857,25.0,4.386666666666667,-46.03674418604651
282,280210,SE,219,0.7408164168355087,26.94063926940639,4.448333333333333,-45.69701869158878
283,130353,AM,204,0.7407839666680929,33.33333333333333,4.604347826086956,-45.29338912133891
284,292925,BA,68,0.7406480972233114,35.294117647058826,4.235,-46.64242424242424
285,280140,SE,54,0.7406285048523422,37.03703703703704,4.308888888888888,-46.18675496688741
286,150820,PA,188,0.7406095891812412,35.638297872340424,4.290312500000001,-46.11739281575898
287,500560,MS,159,0.7405765949207936,26.41509433962264,4.737857142857143,-47.21929577464789
288,150450,PA,144,0.7405122275439447,32.63888888888889,3.580689655172413,-46.602000000000004
289,170560,TO,25,0.7400761683122173,32.0,4.53,-46.6265306122449
290,241040,RN,50,0.7399763863093916,26.0,4.359999999999999,-45.70269537480064
291,293280,BA,40,0.7399572722962879,30.0,4.222222222222222,-46.528
292,291165,BA,31,0.7398406182454411,32.25806451612903,4.638,-46.57269230769231
293,291430,BA,21,0.7389358794152974,23.809523809523807,4.584999999999999,
294,290390,BA,303,0.7388011207120384,35.973597359735976,4.3163888888888895,-45.78959566787004
295,170030,TO,32,0.738795767660951,43.75,4.7,-46.52513698630137
296,290780,BA,59,0.7386258760049423,25.423728813559322,4.257499999999999,-46.37135048231511
297,150050,PA,155,0.7386021830170432,32.25806451612903,4.077916666666667,-45.45068783068783
298,260420,PE,98,0.7379067023155376,41.83673469387755,4.300714285714285,-46.57571691176471
299,220790,PI,153,0.7377432220949052,35.294117647058826,4.146956521739129,-47.01365605095541
300,280390,SE,63,0.7375590552842484,38.095238095238095,4.482857142857143,-47.410314960629925
301,293300,BA,35,0.7369789414139021,25.71428571428571,4.455333333333334,-45.39416666666666
302,270790,AL,34,0.73684771951916,38.23529411764706,4.473999999999999,-45.63165745856353
303,292720,BA,105,0.7363337019040552,33.33333333333333,4.182666666666667,-47.04432432432432
304,330350,RJ,2495,0.7361269499196105,33.74749498997996,4.789504950495048,-46.67383181277271
305,290340,BA,79,0.7359449415770356,35.44303797468354,4.423333333333333,-45.087457627118646
306,290980,BA,204,0.7359264066838012,36.76470588235294,4.495555555555557,-45.896892980437286
307,293040,BA,31,0.7358823368801449,32.25806451612903,4.227500000000001,-45.7975
308,292820,BA,91,0.7357876850789902,32.967032967032964,4.302941176470589,-45.61721238938053
309,172210,TO,55,0.7355395684636722,38.18181818181819,4.711666666666666,-47.27454545454545
310,220770,PI,611,0.7348515508034124,36.00654664484452,4.357142857142857,-45.30379182156134
311,171888,TO,21,0.7344685666295753,33.33333333333333,4.550000000000001,-48.529222222222224
312,150460,PA,119,0.7342993983020079,34.45378151260504,4.121666666666666,-45.396868686868686
313,220435,PI,24,0.7341149801213341,33.33333333333333,4.1866666666666665,-46.268252427184464
314,291240,BA,59,0.7340530702168396,33.89830508474576,4.52,-46.498039215686276
315,211227,MA,35,0.7340246443895678,37.142857142857146,4.048571428571428,-44.555844155844156
316,280100,SE,49,0.7338094010209636,26.53061224489796,4.446000000000001,-46.45370666666667
317,270630,AL,261,0.733771526130958,34.86590038314176,4.34948717948718,-46.67284245695194
318,280570,SE,82,0.733381391320624,29.268292682926827,4.443846153846154,-47.28090909090909
319,250300,PB,93,0.7331415982946871,34.40860215053764,4.583076923076923,-45.87165399239544
320,150375,PA,78,0.7330629478522709,28.205128205128204,4.55,
321,220987,PI,24,0.7329102415012335,33.33333333333333,4.18,-47.41610687022901
322,290330,BA,33,0.7327647491624147,30.303030303030305,4.345,-48.5216265060241
323,260990,PE,227,0.7327090384128767,31.718061674008812,4.234285714285714,-46.219705117085866
324,280050,SE,67,0.7325807458216622,37.3134328358209,4.487500000000001,-45.4676
325,280130,SE,131,0.7325248386166481,33.587786259541986,4.323999999999999,-45.42798825256975
326,291610,BA,80,0.7324361927531992,43.75,4.477499999999999,-46.80671641791045
327,150340,PA,61,0.7321414493851642,26.229508196721312,4.1177777777777775,-48.25223175965665
328,290540,BA,98,0.73200269945281,37.755102040816325,4.308333333333334,-45.12422535211268
329,290650,BA,225,0.7319982572926688,31.555555555555554,4.540857142857144,-45.455115207373275
330,120017,AC,26,0.7317689594401438,46.15384615384615,4.386666666666667,
331,150750,PA,77,0.7317515715326608,38.961038961038966,4.278333333333332,-45.47770992366412
332,290160,BA,33,0.7317499503539013,36.36363636363637,4.234285714285714,-46.29151515151515
333,290120,BA,49,0.7315586440667,30.612244897959183,4.433333333333334,-45.29412408759124
334,220440,PI,58,0.7313764193197104,37.93103448275862,4.3100000000000005,-44.52416342412451
335,220667,PI,26,0.7313491611102653,34.61538461538461,3.9949999999999997,-46.1750289017341
336,290395,BA,34,0.7311219579104237,29.411764705882355,4.3244444444444445,-46.95280898876405
337,330115,RJ,66,0.7308172461351217,33.33333333333333,4.984999999999999,-46.52140186915888
338,150780,PA,120,0.7305251654141975,34.166666666666664,4.213076923076923,-45.431753846153846
339,150030,PA,226,0.730469265230414,34.95575221238938,3.657173913043478,-44.92206214689266
340,293140,BA,23,0.7298615909666152,21.73913043478261,4.406,-44.859375
341,291030,BA,21,0.7298487174905781,28.57142857142857,4.39,-47.52305555555556
342,290570,BA,1090,0.7298468685162128,36.788990825688074,4.669750000000002,-44.9639253240472
343,240650,RN,80,0.7296990122028526,37.5,4.446,-44.88040650406504
344,291780,BA,57,0.7295519402079469,35.08771929824561,4.336875,-43.83041237113402
345,291290,BA,75,0.7293509229184175,36.0,4.431818181818182,-44.879023136246786
346,291670,BA,32,0.7292498042148473,34.375,4.27,-45.695
347,240880,RN,23,0.7290637164516951,30.434782608695656,4.34,-42.443697478991595
348,241255,RN,31,0.7290016069654855,9.67741935483871,4.3100000000000005,
349,220860,PI,28,0.728594225474456,14.285714285714285,4.17,-48.725050505050504
350,210083,MA,71,0.7285366311371587,29.577464788732392,3.993846153846154,-44.78362017804154
351,510785,MT,53,0.728411927690923,35.84905660377358,4.765000000000001,-45.83308474576271
352,270060,AL,41,0.7282944501653242,29.268292682926827,4.656666666666666,-44.29628318584071
353,160055,AP,32,0.7282561120047308,37.5,4.326666666666667,-45.57561151079137
354,290070,BA,390,0.7282411943615493,35.38461538461539,4.497222222222222,-44.95257184607891
355,291830,BA,44,0.7282336463176061,34.090909090909086,4.197000000000001,-47.55730964467005
356,240220,RN,123,0.7281237363540906,30.89430894308943,4.435454545454544,-44.9471811023622
357,290140,BA,46,0.727950840696166,28.26086956521739,4.59625,-46.13996
358,292280,BA,39,0.7278647767005226,30.76923076923077,4.244,-46.1816
359,290770,BA,48,0.7276414976265101,37.5,4.228750000000001,-44.67933333333333
360,211027,MA,51,0.7267071213536858,45.09803921568628,3.8487500000000003,-43.2443829787234
361,280290,SE,296,0.7265964980124876,37.16216216216216,4.570571428571427,-45.42974123735592
362,171420,TO,40,0.7262378432468138,37.5,4.828,-44.637719298245614
363,270255,AL,55,0.7260166338013521,30.909090909090907,4.035,-44.60366795366796
364,150490,PA,233,0.7258035435979235,38.62660944206009,3.785769230769231,-45.16779359430605
365,172120,TO,92,0.7255304163033344,40.21739130434783,4.587,-45.09866520787747
366,290410,BA,63,0.7253269600355744,41.269841269841265,4.235714285714286,-43.41416988416989
367,270580,AL,44,0.725148820285884,34.090909090909086,4.112,-44.73011278195489
368,291770,BA,105,0.7248371517041616,39.04761904761905,4.436153846153847,-44.71051689860835
369,290860,BA,68,0.7246270614112683,36.76470588235294,4.054666666666668,-45.20150417827298
370,290850,BA,98,0.7245653941579752,36.734693877551024,4.4175,-44.44177693761815
371,150307,PA,136,0.724087869137068,31.61764705882353,3.791176470588235,-44.77185419968304
372,280450,SE,176,0.7239859313181563,39.77272727272727,4.510000000000001,-43.18124905944319
373,291072,BA,366,0.7237058056487887,37.15846994535519,4.646176470588235,-43.881903553299495
374,291450,BA,70,0.7236507328988441,28.57142857142857,4.464285714285715,
375,150160,PA,35,0.7229106830399177,40.0,4.131666666666666,-45.16715789473684
376,241030,RN,31,0.7223944747634199,29.03225806451613,4.398,
377,292010,BA,52,0.7221590153760752,42.30769230769231,4.141666666666666,-47.036707317073166
378,290200,BA,34,0.7214830625904636,44.11764705882353,4.495454545454545,-43.624690721649486
379,150310,PA,187,0.7212303888158816,37.4331550802139,3.687575757575758,
380,292460,BA,84,0.7207274925591034,40.476190476190474,4.503636363636363,-43.238279069767444
381,291930,BA,30,0.7203408796535969,46.666666666666664,4.52,-43.281052631578945
382,251530,PB,143,0.7201586294108369,37.06293706293706,4.410416666666666,-43.55839309428951
383,240830,RN,82,0.7200799996241091,30.48780487804878,4.35764705882353,-42.81127659574469
384,240750,RN,30,0.7198638769951977,40.0,4.387777777777777,
385,291640,BA,223,0.718811495565983,43.04932735426009,4.653333333333332,-43.7855965665236
386,240910,RN,36,0.7187768849328898,33.33333333333333,4.3533333333333335,-45.987500000000004
387,293350,BA,62,0.7182135658976833,43.54838709677419,4.206666666666667,-44.89533923303834
388,220205,PI,47,0.7181129227502094,23.404255319148938,4.125,-44.988
389,290115,BA,94,0.7181108485811987,37.234042553191486,4.399166666666666,-42.714615384615385
390,150440,PA,65,0.7180545079415144,35.38461538461539,4.101578947368422,-43.476
391,170305,TO,20,0.7178030872141657,25.0,4.745,-43.64012195121951
392,150830,PA,263,0.7173165510645095,37.6425855513308,3.8456,-43.753558327219366
393,290260,BA,41,0.717276193252923,36.58536585365854,4.248181818181818,-43.52465217391304
394,280370,SE,21,0.7164672242819753,33.33333333333333,4.265000000000001,-44.786197183098594
395,314085,MG,42,0.7162442880250671,30.952380952380953,4.415714285714286,-45.506206896551724
396,290670,BA,76,0.716220830364656,27.631578947368425,4.548333333333332,-45.069945945945946
397,330045,RJ,1345,0.7162050946387187,37.69516728624535,4.746161616161616,-43.37487113402062
398,500515,MS,64,0.7161008701871886,39.0625,5.075,-43.83486486486487
399,293130,BA,50,0.7152769829210364,42.0,4.056666666666667,-43.0856
400,150040,PA,334,0.7152450137425825,35.62874251497006,4.13974358974359,-42.666902356902355
401,170650,TO,38,0.715188246373065,28.947368421052634,4.515000000000001,-42.08090909090909
402,330510,RJ,1053,0.7151468219882365,38.65147198480532,4.781927710843375,-43.195450009595085
403,241460,RN,25,0.7149987681355635,20.0,4.392857142857143,
404,291345,BA,23,0.7146275858274652,30.434782608695656,4.2749999999999995,-43.92283464566929
405,500150,MS,56,0.7144255482349072,41.07142857142857,5.142499999999999,-42.20328671328671
406,172065,TO,25,0.7138495146191934,36.0,4.8133333333333335,-43.935
407,270520,AL,98,0.7136206639222182,33.6734693877551,4.442857142857142,-43.63595652173913
408,292590,BA,48,0.7131724436464587,35.41666666666667,4.166363636363637,-43.38697674418604
409,220465,PI,76,0.7128976821528449,42.10526315789473,4.10625,-42.66085324232082
410,330285,RJ,476,0.7128009868455236,37.39495798319328,4.859999999999999,-43.559048991354466
411,500480,MS,49,0.7127822923584626,30.612244897959183,4.425,-42.15235827664399
412,280710,SE,145,0.7118966896581715,37.24137931034483,4.362592592592593,-41.62317570700046
413,290300,BA,36,0.7118388872179311,36.11111111111111,4.199999999999999,-44.08488986784141
414,290030,BA,45,0.7118312345489853,40.0,4.076666666666667,-43.62763636363636
415,150740,PA,38,0.7117651411165479,23.684210526315788,4.276666666666666,-42.769999999999996
416,355540,SP,188,0.7112703828460493,36.702127659574465,5.043529411764707,-43.36
417,270290,AL,144,0.7111908648842841,37.5,4.077500000000001,-42.22489596083231
418,292630,BA,76,0.7111857420068886,36.84210526315789,4.327058823529412,-41.60960113960114
419,290320,BA,759,0.7106252439797709,40.57971014492754,4.727358490566038,-42.87016589611096
420,291733,BA,32,0.7105113346795633,34.375,4.258,-42.53544502617801
421,290205,BA,46,0.7102914325653166,39.130434782608695,4.3375,-42.49123853211009
422,210055,MA,28,0.7100851406111862,39.285714285714285,4.066666666666666,-46.27705263157895
423,280280,SE,95,0.7096442928964205,25.263157894736842,4.034545454545454,-43.94638554216868
424,291980,BA,96,0.7095607991619263,32.29166666666667,4.339285714285715,-42.56666666666666
425,270680,AL,70,0.709457582001233,41.42857142857143,4.276,-42.83905405405406
426,210975,MA,22,0.7090877181194758,40.909090909090914,4.206666666666666,-41.56777777777778
427,171750,TO,23,0.7088788186878554,43.47826086956522,4.87,-48.14823529411765
428,290600,BA,241,0.7087612766638886,39.83402489626556,4.345882352941177,-42.067061258278144
429,150240,PA,734,0.7086179806576964,34.332425068119896,4.454193548387096,
430,150747,PA,85,0.708254820422328,28.235294117647058,3.997500000000001,-44.17422222222222
431,170215,TO,27,0.7081942297688749,44.44444444444444,4.422499999999999,-42.23671755725191
432,292870,BA,189,0.7081530753351899,38.095238095238095,4.531290322580645,-43.077452736318406
433,241230,RN,38,0.7079280540701106,47.368421052631575,4.356666666666667,-39.914791666666666
434,150730,PA,303,0.7077523868121549,30.363036303630363,4.549354838709676,
435,250250,PB,43,0.7075392271197779,34.883720930232556,4.4075,-42.1439393939394
436,240660,RN,27,0.7072643738093694,33.33333333333333,4.38,-40.41462686567164
437,150795,PA,420,0.7071551271684663,38.57142857142858,4.263333333333334,-42.218077858880775
438,292130,BA,37,0.7070872792416347,37.83783783783784,4.382000000000001,-40.684823529411766
439,510650,MT,172,0.7069611336453201,31.3953488372093,4.6833333333333345,-40.78364812419146
440,240530,RN,21,0.7068570012210147,38.095238095238095,4.34,
441,270660,AL,31,0.7068434407695757,41.935483870967744,4.253333333333333,-42.24111801242236
442,160020,AP,80,0.7067696423944856,35.0,4.519,-41.62922362869199
443,270770,AL,515,0.7065498717172161,37.28155339805825,4.554411764705882,-42.21549071618037
444,160040,AP,149,0.7065016587347388,34.899328859060404,4.363684210526316,-43.74485981308411
445,120038,AC,38,0.7062100088236483,44.73684210526316,4.556363636363637,
446,280580,SE,46,0.7058916923584688,43.47826086956522,4.138124999999999,-42.284807692307695
447,170040,TO,50,0.7055054966060866,32.0,4.667142857142857,-44.906603773584905
448,280030,SE,1560,0.7054287398590384,35.320512820512825,4.738119658119657,-42.932278848692896
449,290800,BA,44,0.7053828093542429,36.36363636363637,4.402727272727272,-41.89406374501992
450,130200,AM,55,0.7053368544616242,40.0,4.2666666666666675,
451,290080,BA,107,0.7052801541709569,36.44859813084112,4.544615384615384,-42.48809145129225
452,240350,RN,29,0.7051338139867626,24.137931034482758,4.348333333333333,
453,290730,BA,93,0.7051280494279186,37.634408602150536,4.373846153846155,-42.20456818181818
454,314915,MG,28,0.7050147701480984,50.0,4.371428571428571,-43.1696875
455,330414,RJ,509,0.7049144444281232,37.32809430255403,4.73842105263158,-42.14296500196618
456,500790,MS,278,0.7048309113338234,36.330935251798564,5.0058823529411764,-41.9812215320911
457,130115,AM,51,0.7045431001436641,39.21568627450981,4.236190476190476,-42.798184176394294
458,130360,AM,57,0.7045398256765731,29.82456140350877,4.0600000000000005,-46.2708618504436
459,292550,BA,165,0.7045043017569468,40.0,4.333043478260869,-38.354189814814816
460,241310,RN,23,0.7044379423615778,56.52173913043478,4.45,
461,150010,PA,532,0.7044362433645485,37.21804511278196,4.17186046511628,-42.24736757624398
462,291950,BA,160,0.7034202021358528,38.75,4.568999999999999,-41.75454094292804
463,270040,AL,164,0.7033158003627121,38.41463414634146,4.156666666666666,-41.73950800915332
464,150549,PA,38,0.7032129243390093,36.84210526315789,4.212,-42.039
465,290250,BA,67,0.7030425308741616,26.865671641791046,4.586153846153847,-42.04816326530612
466,291800,BA,357,0.7030063732863425,38.93557422969188,4.5058139534883725,-41.32238636363637
467,130083,AM,46,0.7029676424679868,36.95652173913043,4.172222222222223,
468,170290,TO,40,0.7029115949400466,37.5,4.397142857142857,-44.034
469,330227,RJ,441,0.7025070247623203,39.909297052154194,4.713333333333334,-42.006912168344
470,130255,AM,70,0.7024708679558165,30.0,4.164000000000001,-43.99737704918033
471,240820,RN,129,0.7024525226991545,43.41085271317829,4.554117647058824,-42.64691894793344
472,290195,BA,29,0.7024116579775007,37.93103448275862,4.510000000000001,-39.79333333333333
473,241290,RN,25,0.7023648914615351,28.000000000000004,4.4125,-40.765443645083934
474,290240,BA,42,0.7022384274457633,54.761904761904766,4.3566666666666665,-42.166069868995635
475,290010,BA,21,0.7022063069748822,42.857142857142854,4.484,-42.61423913043478
476,280610,SE,37,0.7019129802893591,40.54054054054054,4.68,-40.91671111111111
477,292320,BA,89,0.7018102620412182,37.07865168539326,4.353846153846154,-41.35462962962963
478,240630,RN,20,0.7016596481602912,30.0,4.276,-41.695
479,280550,SE,56,0.7015410444484805,28.57142857142857,4.25,-41.20162251655629
480,292660,BA,194,0.7014633755167184,33.50515463917525,4.353928571428572,-42.460714995034756
481,250100,PB,57,0.7011879540048558,35.08771929824561,4.421538461538462,-42.54667731629393
482,280380,SE,28,0.7009846123192119,39.285714285714285,4.516666666666667,-41.25031496062992
483,293230,BA,46,0.6997360401999354,45.65217391304348,4.30090909090909,-43.64017937219731
484,240700,RN,38,0.6997252291276062,23.684210526315788,4.398571428571429,-41.38484848484848
485,280660,SE,42,0.6996248172610341,26.190476190476193,4.550000000000001,-44.553811594202905
486,250140,PB,49,0.6995543096187736,30.612244897959183,4.174,-44.90356862745098
487,270450,AL,165,0.699333546577249,38.18181818181819,4.386666666666666,-40.97564575645757
488,250700,PB,64,0.6990517093540901,48.4375,4.386999999999999,-45.503300330033
489,293320,BA,164,0.6987843270133445,40.243902439024396,4.5464,-41.286573849878934
490,211105,MA,40,0.6983430888959171,47.5,4.381428571428571,-41.48295154185023
491,172208,TO,50,0.698196201116419,38.0,4.625,-42.02835555555556
492,150650,PA,314,0.6981428235868046,38.853503184713375,4.2429411764705875,-42.73620641562064
493,270920,AL,68,0.6980732183759688,39.705882352941174,3.934285714285714,-41.08344827586207
494,292230,BA,71,0.6978605512438179,35.2112676056338,4.375000000000001,-43.20463215258856
495,251180,PB,20,0.6976543748615943,30.0,4.292,-42.11120967741935
496,220196,PI,50,0.6975256904233289,36.0,4.255999999999999,-42.6378672985782
497,500348,MS,90,0.6973728721453795,40.0,4.712857142857143,-40.985
498,220880,PI,74,0.6972329283220253,28.37837837837838,4.163076923076923,-43.43800561797753
499,221040,PI,53,0.6970092867892785,49.056603773584904,4.123636363636363,-43.469205020920505
500,270610,AL,38,0.6965180234075902,26.31578947368421,4.343333333333333,-42.831869158878504
501,240130,RN,39,0.6963512543518086,33.33333333333333,4.378,-43.44955128205128
502,291210,BA,61,0.695592924643515,26.229508196721312,4.366153846153847,
503,292740,BA,5020,0.6955478485052567,39.02390438247012,4.520567226890756,-33.95210375816993
504,290405,BA,60,0.6955053527737818,41.66666666666667,4.364999999999999,-42.689969040247675
505,292700,BA,127,0.695051653982081,38.582677165354326,4.078095238095239,-42.684973637961335
506,432085,RS,30,0.6947937382162722,33.33333333333333,5.553333333333334,-42.03918699186992
507,240340,RN,30,0.6947809735601443,33.33333333333333,4.4375,-43.811982758620694
508,240810,RN,1533,0.694694645750399,36.66014350945858,4.6657777777777785,
509,210140,MA,505,0.6943945264269639,40.396039603960396,4.556829268292682,-40.31511665325825
510,291730,BA,57,0.6942716414629433,28.07017543859649,4.48,-42.04150684931507
511,291320,BA,124,0.6940571218178104,37.903225806451616,4.510666666666666,-41.88106976744186
512,120032,AC,31,0.6935143758328184,19.35483870967742,4.056666666666667,
513,431490,RS,3142,0.6930999241166383,38.28771483131763,5.19166037735849,
514,160027,AP,241,0.6927060498480571,44.81327800829876,4.5634999999999994,-40.46478144513827
515,130423,AM,100,0.6926970384510055,37.0,3.805833333333334,-42.16168384879725
516,210220,MA,112,0.6925623697167141,32.142857142857146,3.944230769230769,-42.65081439393939
517,220610,PI,44,0.6921659438331008,36.36363636363637,4.21,-43.774115384615385
518,240990,RN,43,0.6917130924928356,34.883720930232556,4.45125,-42.40274436090226
519,270650,AL,92,0.6915334460021101,41.30434782608695,4.47,-42.382173913043474
520,270730,AL,118,0.6913114910297415,42.3728813559322,4.459090909090909,-38.665782312925174
521,500330,MS,180,0.6905389394102468,38.333333333333336,5.160000000000001,-40.564357298474945
522,510270,MT,125,0.690087019169615,37.6,4.815,-40.99494640943194
523,330100,RJ,1556,0.6899037398301078,40.74550128534704,4.817532467532467,-35.80783301465902
524,430110,RS,48,0.6895998178316662,35.41666666666667,5.106,-47.023501199040766
525,150330,PA,255,0.6895880796587899,36.86274509803922,4.16872340425532,-40.77518072289156
526,130110,AM,81,0.6895409177352283,33.33333333333333,4.285172413793103,
527,171790,TO,36,0.6893479528492642,36.11111111111111,4.496666666666666,-40.87623711340206
528,293090,BA,38,0.6893331320270464,42.10526315789473,4.25875,-40.157088607594936
529,292770,BA,173,0.6893315075568641,36.41618497109826,4.616470588235295,-40.94375464684015
530,221093,PI,27,0.6889966547732682,40.74074074074074,4.425,-38.30426229508197
531,250380,PB,20,0.6889488513292782,35.0,4.348333333333334,-34.20972972972973
532,251610,PB,49,0.6887571113490875,51.02040816326531,4.624285714285714,-40.48114173228347
533,510642,MT,191,0.6887516271294294,40.31413612565445,4.889166666666666,-41.07272043010752
534,292780,BA,24,0.6879981667390126,16.666666666666664,4.413333333333333,-38.952803738317755
535,240145,RN,65,0.6876574192029524,32.30769230769231,4.5075,-41.80569105691057
536,270800,AL,206,0.6873781484994811,36.407766990291265,4.193076923076924,-41.128389830508475
537,291120,BA,86,0.6873297374327412,33.72093023255814,4.3500000000000005,-40.125454545454545
538,220850,PI,47,0.6870606615988109,27.659574468085108,3.9724999999999997,-42.05319587628866
539,240460,RN,50,0.6867231837060801,46.0,4.256666666666667,-36.55132802124834
540,270260,AL,92,0.6866845745400121,50.0,4.289166666666666,-40.61139959432049
541,291000,BA,47,0.6864624494107553,42.5531914893617,4.377142857142857,-40.4677358490566
542,150380,PA,164,0.6862844516259375,42.073170731707314,4.317368421052632,-40.75477157360406
543,150210,PA,462,0.6856042688555759,39.82683982683983,4.025619047619047,-40.25123311546841
544,240280,RN,24,0.6853829611201058,37.5,4.42,-42.409230769230774
545,220555,PI,49,0.6846209101201491,36.734693877551024,4.0975,-40.504387755102044
546,250355,PB,43,0.6846048350820908,39.53488372093023,4.244,-40.12909090909091
547,270880,AL,141,0.6845221864682624,34.751773049645394,4.217619047619047,-40.37559633027523
548,120080,AC,35,0.6843361246643289,31.428571428571427,4.44375,
549,130356,AM,138,0.6843095156992652,48.55072463768116,4.475454545454546,-38.75666666666667
550,150285,PA,59,0.6842482411610354,44.06779661016949,3.8790909090909094,-40.03725714285714
551,280620,SE,65,0.6842330170477495,38.46153846153847,4.321666666666666,-40.26067484662576
552,171380,TO,31,0.6838418976197073,45.16129032258064,4.6066666666666665,-42.071230769230766
553,291520,BA,78,0.6838134850180569,39.743589743589745,4.445,-39.84378504672897
554,130390,AM,313,0.6837562194071479,41.853035143769965,3.7807407407407405,-36.80248241912799
555,240100,RN,70,0.683703748683405,41.42857142857143,4.535000000000002,-41.022533003300325
556,270720,AL,82,0.6836006419619063,29.268292682926827,3.9920000000000004,-40.636895734597154
557,291380,BA,35,0.6833801490064895,42.857142857142854,4.26,-39.11891566265061
558,250180,PB,201,0.6829044785189885,41.29353233830846,4.507999999999999,-30.236047863247865
559,240030,RN,32,0.6824343376567548,59.375,4.386666666666667,
560,292860,BA,173,0.6822619002412251,46.24277456647399,4.402424242424243,-39.62805590851334
561,290910,BA,59,0.6820491396013311,50.847457627118644,4.447142857142857,-40.63849315068493
562,270430,AL,2529,0.6820151568105364,40.094899169632264,4.55308510638298,-40.02025681014764
563,270370,AL,29,0.681752596790859,37.93103448275862,4.363333333333333,-41.99746268656716
564,210317,MA,87,0.6817438091566289,33.33333333333333,4.153333333333333,-41.20741228070175
565,240010,RN,36,0.6816059243859524,41.66666666666667,4.579999999999999,-38.73917525773196
566,240800,RN,673,0.6814544738555336,43.23922734026746,4.675543478260868,-40.46114156596915
567,500710,MS,162,0.6814429841750911,35.80246913580247,5.0616666666666665,-41.42028436018958
568,240940,RN,100,0.6807878988472993,35.0,4.595555555555555,-39.70969902182092
569,292040,BA,48,0.6807749522644865,29.166666666666668,4.455555555555555,-39.48442748091603
570,171430,TO,31,0.6800268640809661,45.16129032258064,4.5775,-39.8570297029703
571,150020,PA,184,0.6799920170871665,41.84782608695652,4.128000000000003,-39.55033673469388
572,130140,AM,180,0.6797242814980577,32.77777777777778,3.98125,
573,150810,PA,489,0.6796695504056389,42.12678936605317,4.422222222222223,-39.18488215488215
574,150034,PA,74,0.679266238956011,40.54054054054054,4.5,-40.608617021276594
575,291680,BA,59,0.6791161788322676,38.983050847457626,4.452500000000001,-40.64025641025641
576,500780,MS,33,0.6789279903832303,30.303030303030305,5.1475,-39.46568965517241
577,290685,BA,29,0.6788822642927651,51.724137931034484,4.403333333333334,-39.73916666666667
578,150345,PA,119,0.6788727685879715,34.45378151260504,4.089444444444444,-38.692156862745094
579,210215,MA,42,0.6786992777373463,50.0,4.1075,-39.09538461538462
580,291040,BA,64,0.6783781077789122,39.0625,4.35,-40.31842105263158
581,270070,AL,57,0.6783547686284969,40.35087719298245,4.340000000000001,-40.55282828282829
582,150170,PA,508,0.6782379889941136,41.14173228346456,4.091969696969697,-40.07301310043668
583,130230,AM,125,0.6781295469157657,32.800000000000004,3.7415789473684216,-36.55327675624705
584,292340,BA,56,0.6780223744943245,39.285714285714285,4.388888888888888,-39.17869426751592
585,430466,RS,107,0.6779643673125867,43.925233644859816,5.2175,-38.38226537216828
586,292840,BA,92,0.6779245382874459,39.130434782608695,4.3015384615384615,-40.183271719038814
587,500320,MS,478,0.6774109977949968,41.84100418410041,4.880606060606061,-40.067145110410095
588,510260,MT,58,0.677198645271988,48.275862068965516,4.0600000000000005,-38.77257839721254
589,270440,AL,64,0.6771977356816181,35.9375,3.8876923076923076,-40.94121718377088
590,292273,BA,25,0.6769587312391029,48.0,4.325,-39.22706896551724
591,240325,RN,575,0.6765423493787297,41.91304347826087,4.841929824561402,-39.99078242229368
592,171700,TO,20,0.6764054154884775,55.00000000000001,4.593333333333334,-39.73792452830189
593,241390,RN,27,0.6763519675713348,51.85185185185185,4.336250000000001,-41.443663003663005
594,172090,TO,83,0.6760008139523185,42.168674698795186,4.5874999999999995,-39.45878504672897
595,420250,SC,26,0.6758192564707552,34.61538461538461,5.363333333333333,-44.52656957928802
596,170930,TO,86,0.6757606332182399,45.348837209302324,4.801666666666667,-37.46757033248082
597,290110,BA,56,0.6754718426975513,53.57142857142857,4.33,-37.70217081850534
598,150178,PA,195,0.6754237370451736,38.97435897435898,4.209999999999999,-39.5183920076118
599,510677,MT,65,0.6754228612583757,50.76923076923077,4.88875,-38.64231671554252
600,420915,SC,28,0.6753170588870906,39.285714285714285,5.383333333333334,-41.88521541950113
601,261340,PE,104,0.6751626372554667,37.5,4.390000000000001,-39.41487523992322
602,293210,BA,50,0.674868314186818,57.99999999999999,4.329999999999999,-37.04304
603,270510,AL,115,0.6743151792524631,42.608695652173914,4.3725,-38.49119349005425
604,270180,AL,66,0.6742771497090544,46.96969696969697,3.811428571428572,-38.688403614457826
605,291710,BA,51,0.674247710019384,49.01960784313725,4.418181818181818,-39.99157088122605
606,280600,SE,41,0.6741209780549454,34.146341463414636,4.545000000000001,-37.44717299578059
607,220140,PI,23,0.6738728280705879,30.434782608695656,4.3100000000000005,-40.80428571428571
608,351140,SP,47,0.6733889899348466,27.659574468085108,5.243333333333333,-40.01
609,211040,MA,61,0.6732731246297079,37.704918032786885,3.867333333333333,-37.789292035398226
610,240610,RN,46,0.6731264474039569,41.30434782608695,4.45375,-35.82514124293785
611,292190,BA,35,0.673074724300287,45.714285714285715,4.418888888888889,-39.8534375
612,211125,MA,28,0.6728595013702939,25.0,4.377142857142857,-43.861029411764704
613,240020,RN,146,0.6727207293125166,34.24657534246575,4.538749999999999,-41.34762596899225
614,313930,MG,79,0.672139028425306,35.44303797468354,4.446,-39.218466312056734
615,150660,PA,81,0.6720197138387466,45.67901234567901,4.256,
616,500490,MS,38,0.672002356055489,39.473684210526315,4.933333333333334,-38.45836842105263
617,150090,PA,194,0.6714268117890771,35.56701030927835,3.786944444444444,-38.81720754716981
618,220545,PI,21,0.6714057027756747,38.095238095238095,4.05,-38.935
619,130280,AM,63,0.6713148051288006,46.03174603174603,3.78,-42.10217008797654
620,270910,AL,102,0.6712062878952997,41.17647058823529,4.261111111111111,-38.458155737704914
621,291150,BA,39,0.6711227990388403,33.33333333333333,4.443333333333333,-42.168800000000005
622,292405,BA,31,0.6708698931067647,29.03225806451613,4.288749999999999,
623,292895,BA,20,0.6707972781641495,45.0,4.5840000000000005,-39.39119565217392
624,150548,PA,200,0.6703642101680615,44.0,4.380624999999999,-38.352669491525425
625,291560,BA,256,0.6697626564145204,42.96875,4.2778125,-38.90665594855306
626,250730,PB,40,0.6696761188280147,52.5,4.341111111111111,-37.30034188034188
627,290440,BA,33,0.6692529377160265,48.484848484848484,4.527142857142858,-39.27280701754386
628,290350,BA,57,0.6690112039289594,42.10526315789473,4.481,-39.02852941176471
629,150130,PA,552,0.6689910048907401,46.01449275362319,4.461944444444445,-37.10461427541456
630,251370,PB,393,0.668635829211397,37.404580152671755,4.487692307692308,-36.605144032921814
631,292620,BA,40,0.6680353573289881,25.0,4.523999999999999,
632,250157,PB,25,0.6680136898191802,36.0,4.39,-40.34252252252252
633,292595,BA,80,0.6679999187756158,38.75,4.22,-38.364315789473686
634,270030,AL,955,0.6679609025086135,39.58115183246073,4.613199999999999,-38.36731742439827
635,290750,BA,107,0.6679038361126631,35.51401869158878,4.624999999999998,-38.3636186770428
636,353910,SP,57,0.667770580144585,45.614035087719294,5.055714285714285,-39.21
637,240310,RN,105,0.667643897124484,42.857142857142854,4.58611111111111,-41.12987253027406
638,292990,BA,140,0.6672140748249838,37.857142857142854,4.505599999999999,-37.91547393364929
639,150803,PA,63,0.6669431303524523,50.79365079365079,3.9123529411764704,-37.44552845528455
640,291470,BA,195,0.6669012322478428,40.51282051282051,4.426538461538461,-38.19347075743049
641,170200,TO,27,0.6667421797185875,51.85185185185185,4.9175,-37.13972027972028
642,500070,MS,161,0.6662484522467316,41.61490683229814,4.895384615384616,-31.374699792960662
643,291570,BA,25,0.6661068198320305,36.0,4.2225,-34.36495495495495
644,241250,RN,93,0.6660133253509838,45.16129032258064,4.5275,-37.80681818181818
645,292120,BA,69,0.6659328871753297,34.78260869565217,4.208461538461538,-37.50468085106383
646,150635,PA,95,0.6653376929529881,40.0,4.294375,-37.949564356435644
647,270170,AL,74,0.665106537706417,48.64864864864865,4.157,-38.08953125
648,270690,AL,218,0.6648485810523539,38.53211009174312,4.476153846153846,-38.39133333333333
649,170386,TO,22,0.6648205756992641,45.45454545454545,4.95,-45.10333333333334
650,250090,PB,23,0.664754789141139,34.78260869565217,4.338,-37.08780487804878
651,291440,BA,94,0.6647183979258899,40.42553191489361,4.3076923076923075,-38.12681912681913
652,251020,PB,32,0.6646646953220843,40.625,4.282,-37.54272727272727
653,130068,AM,72,0.6646288028682326,48.61111111111111,4.014,-35.010070921985815
654,280350,SE,319,0.664314414587695,42.00626959247649,4.507826086956522,-32.60764006056673
655,241415,RN,23,0.6637555942192758,47.82608695652174,4.5825,-38.61983193277311
656,171090,TO,27,0.6637523047598074,51.85185185185185,4.48,-36.08234042553191
657,170190,TO,30,0.6636874962325829,30.0,4.696666666666667,-36.297045454545454
658,290940,BA,47,0.6635712496739338,46.808510638297875,4.366923076923078,-38.702666666666666
659,430930,RS,414,0.663111814223004,46.13526570048309,5.347419354838709,-37.72724540614803
660,172030,TO,32,0.6631114171557725,50.0,4.386666666666667,-36.55063829787234
661,150495,PA,73,0.6628728359999656,35.61643835616438,3.9353846153846153,-37.01845433255269
662,270280,AL,66,0.6627124901654576,40.909090909090914,4.148000000000001,-37.556296296296296
663,130080,AM,140,0.662509279688339,39.285714285714285,3.9440625000000002,-40.366778554778556
664,241400,RN,55,0.662469186325406,32.72727272727273,4.425,-37.984210526315785
665,210380,MA,57,0.6622101157112579,49.122807017543856,4.35,-37.94736263736264
666,270120,AL,60,0.6621674808482075,45.0,4.061999999999999,-37.43873786407767
667,240050,RN,51,0.6615570560167422,33.33333333333333,4.48625,-39.2255
668,130185,AM,283,0.6614080619124552,35.68904593639576,4.637000000000001,-35.8816149068323
669,430060,RS,863,0.6613325429032675,42.98957126303592,5.241521739130435,-37.578640854047165
670,510777,MT,32,0.6612455356700436,31.25,4.784,-39.13566265060241
671,270220,AL,24,0.6611013410111908,37.5,4.3516666666666675,-35.4
672,211107,MA,60,0.6603082004446521,40.0,4.1461538461538465,-41.30724770642202
673,150580,PA,272,0.6599551864270905,41.17647058823529,3.66,-37.963357558139535
674,221062,PI,28,0.6597165410451551,39.285714285714285,4.1425,-42.21052631578947
675,220410,PI,24,0.6596285639345321,33.33333333333333,4.266666666666667,-40.23056910569105
676,293310,BA,26,0.6595601181704834,46.15384615384615,4.346,-35.792264150943396
677,292350,BA,35,0.6592738133555679,54.285714285714285,4.632000000000001,-37.856521739130436
678,251490,PB,35,0.6591722753416218,40.0,4.529999999999999,-37.6125
679,293070,BA,456,0.6589655724166296,40.35087719298245,4.523559322033899,-37.621997371879104
680,170370,TO,25,0.6587725907924556,48.0,4.833333333333333,-36.224999999999994
681,330200,RJ,605,0.6584404481616718,41.15702479338843,4.933749999999999,-38.16797752808989
682,240250,RN,38,0.6579149801945917,44.73684210526316,4.564,-36.780574712643684
683,290689,BA,34,0.6575974902870341,44.11764705882353,4.33,-38.37349999999999
684,150760,PA,226,0.6574792904840857,49.11504424778761,4.196400000000001,-35.51723270440252
685,353110,SP,145,0.6572201129552577,40.689655172413794,5.170869565217392,-38.61
686,251120,PB,158,0.6571415017514974,46.20253164556962,4.461111111111111,-37.17029986962191
687,352040,SP,87,0.6568798952666924,49.42528735632184,5.169999999999999,-36.73
688,210190,MA,32,0.6567913673627223,56.25,4.04,-36.485
689,120042,AC,25,0.656738503609931,28.000000000000004,3.9530769230769227,
690,241200,RN,284,0.656726730752792,38.732394366197184,4.529761904761905,-38.617404444444446
691,260640,PE,183,0.6566564773028143,46.44808743169399,4.459999999999999,-37.31952967525196
692,291650,BA,129,0.6562422011616657,44.96124031007752,4.171333333333333,-39.62863192182411
693,292510,BA,187,0.6562181939007814,45.98930481283423,4.503666666666667,-36.49253588516746
694,330410,RJ,51,0.6562158036248025,45.09803921568628,4.786666666666666,-35.44894736842105
695,130350,AM,82,0.6559615169916788,56.09756097560976,4.058333333333334,-36.27540145985401
696,240360,RN,231,0.6558819860227856,41.99134199134199,4.592727272727272,-36.23852821407796
697,291790,BA,44,0.6555356253425514,45.45454545454545,4.098571428571428,-37.223204419889505
698,250905,PB,57,0.6551120731426343,35.08771929824561,4.31,-43.492896825396826
699,270500,AL,47,0.6550319032233003,31.914893617021278,4.058333333333333,-38.788823529411765
700,280470,SE,27,0.6550104686282192,62.96296296296296,4.382,-38.63317757009345
701,150320,PA,132,0.6544705928884171,40.15151515151515,4.160454545454546,-33.56368065605403
702,251450,PB,61,0.6543717191821331,44.26229508196721,4.3116666666666665,-36.188361204013376
703,220290,PI,114,0.6543520430610724,49.122807017543856,4.275,-37.03842778793419
704,330480,RJ,134,0.6543307473939779,39.55223880597015,4.934,-35.38375
705,251130,PB,24,0.6543109325182817,45.83333333333333,4.207,-35.490158730158726
706,170100,TO,78,0.6540262798182647,46.15384615384615,4.675714285714286,-36.819105960264906
707,120033,AC,50,0.6538819653861414,32.0,4.265,
708,270270,AL,34,0.6538642338214121,38.23529411764706,4.42,-38.05905172413793
709,293120,BA,52,0.6536625920189787,48.07692307692308,4.24,-36.32695652173913
710,150370,PA,220,0.6535445226408573,47.27272727272727,4.338636363636363,-36.63921370967742
711,291735,BA,44,0.6534175515359223,38.63636363636363,4.488,-38.063155339805824
712,293317,BA,25,0.6533251538308825,48.0,4.258,-37.75411764705882
713,170220,TO,111,0.6525457330854757,45.94594594594595,4.404117647058823,-37.11300484652666
714,500630,MS,187,0.652509140399892,42.780748663101605,5.141666666666667,-37.62113347457627
715,260570,PE,86,0.6523683880653207,48.837209302325576,4.2992307692307685,-37.911249999999995
716,130406,AM,458,0.6523190126779039,42.79475982532751,3.91,-34.37652222222222
717,280750,SE,49,0.6522619582188457,42.857142857142854,4.127142857142857,-38.25621951219512
718,170210,TO,843,0.6522071756324677,43.06049822064057,4.860468750000002,-37.113735905788026
719,292480,BA,57,0.652084644018085,31.57894736842105,4.246363636363637,-38.131468531468535
720,240080,RN,44,0.6515856527159355,43.18181818181818,4.572,-37.77176870748299
721,250060,PB,94,0.6514583270661202,40.42553191489361,4.465833333333333,-35.96
722,292260,BA,35,0.6513314527465234,51.42857142857142,4.2524999999999995,-36.01559322033898
723,292105,BA,49,0.6509035162392461,44.89795918367347,4.303333333333333,-37.85685106382979
724,240200,RN,143,0.6508776370387253,46.15384615384615,4.566923076923077,-35.320418535127054
725,291500,BA,40,0.6508666711734593,47.5,4.362727272727272,-36.610547945205475
726,220670,PI,31,0.6506799690857165,41.935483870967744,4.206666666666667,-36.04375
727,292467,BA,26,0.6501825814833496,61.53846153846154,4.08,
728,220840,PI,306,0.6500880439153383,42.15686274509804,4.293809523809522,-36.1470322138451
729,420260,SC,41,0.6498008858565401,43.90243902439025,5.4475,-36.9646192893401
730,160030,AP,2504,0.6497704132145641,43.29073482428115,4.667882352941173,-37.3590216565847
731,292330,BA,30,0.6496168436529057,40.0,4.1225,-36.42042944785276
732,250690,PB,60,0.6495816369582801,40.0,4.2754545454545445,-32.27222958057395
733,317103,MG,32,0.649529199818394,40.625,4.313999999999999,
734,211153,MA,72,0.6492754741874007,44.44444444444444,4.332857142857143,-36.572558823529405
735,270570,AL,94,0.6492414286889712,41.48936170212766,4.1,-37.06732824427481
736,293200,BA,79,0.64913158625297,39.24050632911392,4.416666666666666,-37.45574821852732
737,241140,RN,41,0.6488944117696913,36.58536585365854,4.416,-36.52923395445134
738,313700,MG,33,0.6488767607809313,45.45454545454545,4.532,-41.55421348314607
739,290520,BA,178,0.6487447906234086,40.44943820224719,4.511935483870969,-35.782468714448235
740,431177,RS,23,0.6482356216806519,52.17391304347826,5.390000000000001,
741,270670,AL,250,0.6482018025671172,44.0,4.402333333333331,-36.51251366120219
742,420340,SC,23,0.6481832800309509,34.78260869565217,5.098000000000001,-43.9506611570248
743,270620,AL,25,0.6480680379386041,48.0,3.9225,-36.00529411764706
744,293076,BA,26,0.6479709315705502,34.61538461538461,4.188000000000001,-36.666397515527954
745,171880,TO,33,0.6479672417604178,57.57575757575758,4.44,-36.592649006622516
746,270870,AL,59,0.6479482306121592,42.3728813559322,4.66,-37.41
747,353580,SP,45,0.6469969566974838,37.77777777777778,5.20375,-37.41
748,220110,PI,52,0.6469289735831948,46.15384615384615,4.225,-36.97470588235294
749,500440,MS,39,0.6468532651367624,53.84615384615385,5.0225,-36.78034782608695
750,500290,MS,111,0.646649384096025,40.54054054054054,5.3,-34.8827027027027
751,352760,SP,21,0.6464501019190217,38.095238095238095,5.174,-36.97
752,210250,MA,32,0.6464250543893848,31.25,4.088888888888889,-34.754651162790694
753,270470,AL,359,0.6462785949917715,39.27576601671309,4.647058823529412,-36.54558343057176
754,170740,TO,34,0.6462303249812175,55.88235294117647,4.330000000000001,-35.73223880597015
755,211210,MA,104,0.6459970984022158,50.0,4.069411764705882,-36.70603448275862
756,210870,MA,89,0.6453538402399055,44.9438202247191,4.208947368421051,-36.16510067114094
757,240560,RN,41,0.6452941286619275,46.34146341463415,4.272857142857142,-39.515791090629804
758,270420,AL,126,0.6451199369167305,45.23809523809524,4.267333333333333,-36.00431952662722
759,251390,PB,92,0.644949608699854,43.47826086956522,4.323846153846154,-35.61007920792079
760,292430,BA,95,0.6448313246475142,45.26315789473684,4.553076923076923,-36.70813953488372
761,421650,SC,121,0.6445855931243255,38.84297520661157,5.2628571428571425,-36.25638297872341
762,355150,SP,110,0.6445402710973097,57.27272727272727,5.215,-36.03
763,430545,RS,55,0.6445071671320993,32.72727272727273,5.2333333333333325,
764,500540,MS,255,0.644237859801536,44.31372549019608,5.212727272727272,-36.410417310664606
765,210047,MA,113,0.6441922472616903,43.36283185840708,4.174583333333333,-34.51758426966292
766,292220,BA,21,0.6439783685061131,57.14285714285714,4.324,-36.37375
767,291350,BA,53,0.643968122784106,37.735849056603776,4.415555555555556,-37.57248175182482
768,290970,BA,48,0.6438861752365227,47.91666666666667,4.54125,-35.862344827586206
769,270150,AL,24,0.6435190233213914,50.0,3.796666666666667,-35.04616161616162
770,292380,BA,83,0.6432006949299942,51.80722891566265,4.248749999999999,-34.31657963446475
771,250920,PB,40,0.6430807875748205,50.0,4.27375,-37.435566037735846
772,130120,AM,378,0.6430764602598878,47.354497354497354,4.081666666666667,-35.88338047138047
773,500260,MS,87,0.6430671767315733,44.827586206896555,5.01875,-40.989877149877145
774,241160,RN,26,0.6429463525614483,34.61538461538461,4.4,-35.63289719626168
775,350860,SP,49,0.642932067784846,22.448979591836736,5.132777777777778,-38.2
776,130380,AM,244,0.6428261453126156,43.85245901639344,3.7777777777777777,-36.44847315436242
777,430463,RS,274,0.6423329272103196,46.715328467153284,5.3406666666666665,
778,211167,MA,20,0.642177836070303,30.0,4.29,-36.64055555555555
779,130250,AM,517,0.642039107633033,45.45454545454545,4.329122807017543,-32.62141011022425
780,270940,AL,96,0.6419574698598466,50.0,4.024666666666666,-35.010474308300395
781,510735,MT,46,0.6419523613936855,43.47826086956522,4.960000000000001,-36.26865800865801
782,291460,BA,265,0.6417860648668529,44.15094339622642,4.5147619047619045,-35.70217837411207
783,240170,RN,43,0.6414651783117964,34.883720930232556,4.576666666666667,
784,510850,MT,69,0.6413275351897721,55.072463768115945,5.125,-36.183542857142854
785,211100,MA,31,0.6413260067254014,51.61290322580645,4.094166666666666,-36.03
786,210232,MA,273,0.6413031873420083,42.124542124542124,4.300000000000001,-29.519611856033876
787,261130,PE,62,0.6412300189499346,46.774193548387096,4.306000000000001,-36.06219512195122
788,150715,PA,87,0.6411997748997562,39.08045977011494,4.4525,-36.650784313725495
789,291835,BA,101,0.6411275881555634,44.554455445544555,4.203846153846154,-36.318576923076925
790,330260,RJ,202,0.6406118556389043,42.57425742574257,5.127692307692309,-35.4771931696905
791,500750,MS,37,0.6405807963987715,32.432432432432435,5.1,-36.24409836065574
792,292910,BA,62,0.6403994956036995,38.70967741935484,4.1535714285714285,-36.24878594249201
793,292905,BA,83,0.6403548309196612,48.19277108433735,4.427777777777778,-34.09562874251497
794,290035,BA,41,0.6400906542099033,34.146341463414636,4.04375,-36.45542124542124
795,293135,BA,516,0.6399456152588526,45.542635658914726,4.676153846153846,-36.54578735842163
796,290327,BA,43,0.639442659843243,39.53488372093023,4.498181818181818,-36.139375
797,210060,MA,114,0.6394193649459959,40.35087719298245,4.362941176470588,-36.48576433121019
798,120034,AC,44,0.6393422630085254,29.545454545454547,4.444,
799,210480,MA,420,0.6392034248704831,43.333333333333336,4.362444444444444,-35.954997518610426
800,330490,RJ,1739,0.639127398578765,46.11845888441633,4.845828220858897,-35.31850811057802
801,270642,AL,44,0.6391171111369752,54.54545454545454,4.2316666666666665,-36.99668181818181
802,210550,MA,89,0.6385288319868662,49.43820224719101,4.435,-35.40362101313321
803,421265,SC,49,0.6384909132179641,42.857142857142854,5.36375,-36.653999999999996
804,260460,PE,89,0.6383047057458061,46.06741573033708,4.331428571428571,-35.46498905908096
805,150260,PA,31,0.6377336362138479,41.935483870967744,4.105555555555555,-35.46497041420118
806,220820,PI,77,0.6377321585234292,44.15584415584416,4.155555555555555,-34.31584295612009
807,220010,PI,31,0.6376681096673166,45.16129032258064,4.373333333333333,-35.8664238410596
808,310450,MG,72,0.6376512396041724,51.388888888888886,4.574,-36.93527001862198
809,250630,PB,186,0.6373999049942233,50.0,4.375806451612903,-32.4942365097589
810,291075,BA,36,0.6370155933764031,52.77777777777778,4.148,-33.88292576419214
811,150309,PA,123,0.6368813994770154,42.27642276422765,4.311875,-35.820646766169155
812,350850,SP,145,0.6368528140428731,47.58620689655172,5.3053846153846145,-35.74
813,220217,PI,27,0.6367252579430263,48.148148148148145,4.058333333333334,-42.48893617021277
814,330475,RJ,215,0.6365573281309513,46.97674418604651,4.820000000000001,-34.53012195121951
815,250053,PB,36,0.63652204883037,36.11111111111111,4.635,-35.58458598726115
816,290370,BA,60,0.6364927653710094,51.66666666666667,4.512727272727273,-34.652480916030534
817,250535,PB,21,0.6360174027528069,47.61904761904761,4.3566666666666665,-35.96245098039216
818,290690,BA,89,0.635978405615714,41.57303370786517,4.4174999999999995,-34.63520089285714
819,172080,TO,60,0.6355592116782101,46.666666666666664,4.334,-35.119364548494985
820,280740,SE,186,0.6354318105611609,48.38709677419355,4.298260869565218,-34.20120985010707
821,510335,MT,227,0.6352343933981723,45.81497797356828,4.98875,-35.00750216076059
822,240110,RN,76,0.6350264222503401,47.368421052631575,4.66357142857143,-34.666421845574384
823,261470,PE,37,0.6346939774607855,45.94594594594595,4.4225,-34.94985915492958
824,316245,MG,22,0.6345814332313704,40.909090909090914,4.403333333333333,-31.421240875912403
825,290150,BA,36,0.6345136540782745,47.22222222222222,4.406,-33.273038674033145
826,210150,MA,54,0.634480122114409,46.2962962962963,4.316363636363637,-33.731249999999996
827,240725,RN,24,0.6342756360841447,37.5,4.550000000000001,-35.701
828,291010,BA,56,0.6342336310269628,44.642857142857146,4.442500000000001,-34.29030303030303
829,293330,BA,1209,0.6341317486780019,46.07113316790736,4.679462365591398,-34.60053160674732
830,260520,PE,178,0.6336931084488645,51.12359550561798,4.404583333333333,-36.80807424593967
831,210930,MA,49,0.6334878579723604,48.97959183673469,3.7553846153846155,-34.15594339622641
832,500640,MS,50,0.6333877283481867,38.0,5.075,-34.76654028436019
833,220420,PI,23,0.6333737431110097,56.52173913043478,4.2700000000000005,-34.33728813559322
834,500190,MS,127,0.6331803433620968,50.39370078740157,5.112500000000001,-34.95750392464678
835,355070,SP,196,0.6330825112187936,41.83673469387755,5.172727272727272,-35.62
836,430187,RS,26,0.6327709342800028,38.46153846153847,5.253333333333333,-41.09474747474747
837,220150,PI,92,0.6323406667538864,43.47826086956522,4.089444444444444,-34.64840294840295
838,130440,AM,115,0.6319590448074877,47.82608695652174,3.931111111111111,
839,250790,PB,47,0.6319154861078415,40.42553191489361,4.246666666666666,-36.395177304964534
840,352100,SP,73,0.6317459322280903,31.506849315068493,5.24,-35.25
841,310610,MG,20,0.631712576483147,45.0,5.0,
842,510700,MT,108,0.6314646924588939,37.96296296296296,4.967777777777778,-38.12784126984127
843,353720,SP,20,0.6311361482761034,50.0,4.922000000000001,-34.03
844,220380,PI,28,0.6311195047449333,50.0,4.308,-34.90290909090909
845,150060,PA,571,0.6310175707281213,47.46059544658494,4.6196,-34.03131622792402
846,260765,PE,103,0.630878715083475,43.689320388349515,4.294545454545455,-33.7639247311828
847,150390,PA,281,0.6307161152829202,50.5338078291815,3.8970731707317072,-40.13681328158689
848,210230,MA,99,0.6306370572588854,48.484848484848484,4.072941176470589,-36.018127490039845
849,314995,MG,28,0.6304232462413569,35.714285714285715,5.016,-35.081304347826084
850,210670,MA,85,0.6303599342448343,48.23529411764706,4.102941176470589,-34.51223776223776
851,500210,MS,144,0.6303359072214901,51.388888888888886,4.921,-33.99364928909952
852,290660,BA,47,0.6302252013502032,51.06382978723404,4.694285714285715,-35.78413223140496
853,270644,AL,93,0.6300858661633282,43.01075268817204,4.4799999999999995,-36.15339578454333
854,110175,RO,48,0.6295149256427767,58.333333333333336,4.865,-33.492222222222225
855,330320,RJ,355,0.6294936652093519,44.225352112676056,4.845000000000001,-34.16
856,261380,PE,66,0.6294291021779352,45.45454545454545,3.861666666666667,-34.136632996633
857,150270,PA,198,0.6293221982427335,45.95959595959596,4.427826086956522,-33.83166666666667
858,210320,MA,294,0.6292659496607165,45.23809523809524,4.044102564102563,-35.41409574468085
859,500500,MS,155,0.6292615640267066,45.16129032258064,5.0489999999999995,-35.13377331420373
860,350230,SP,20,0.6288994306361991,45.0,5.2075,-34.31
861,290400,BA,51,0.6283833861227274,43.13725490196079,4.5633333333333335,-33.22816513761468
862,241260,RN,53,0.6280622451661314,43.39622641509434,4.534999999999999,
863,171320,TO,63,0.6279068647809763,41.269841269841265,4.856000000000001,-36.414037267080744
864,270480,AL,49,0.62779644404366,46.93877551020408,4.1,-35.656291079812206
865,270410,AL,57,0.6276984622879168,50.877192982456144,4.45,-35.05076124567474
866,171360,TO,30,0.6275669473135298,43.333333333333336,4.486,-36.186341463414635
867,150095,PA,82,0.6272554924905895,48.78048780487805,3.9952941176470587,-34.64322738386308
868,250330,PB,40,0.6269219503049351,35.0,4.245,-33.690283687943264
869,430467,RS,20,0.6265845133490127,40.0,5.654999999999999,-37.80544554455446
870,430676,RS,110,0.6264305386660346,43.63636363636363,5.316923076923077,
871,352520,SP,115,0.626338317612036,45.21739130434783,5.372727272727272,-35.93
872,291250,BA,46,0.6262896977173303,34.78260869565217,4.523636363636364,-34.69684931506849
873,431640,RS,128,0.62618713034541,39.84375,5.2,-36.09689189189189
874,290130,BA,49,0.6261216996184786,40.816326530612244,4.332222222222222,-33.693925925925925
875,260200,PE,117,0.6260684534214768,51.28205128205128,4.225625000000001,-33.803584
876,270190,AL,23,0.6259563351375936,39.130434782608695,3.8850000000000002,-32.960434782608694
877,220920,PI,50,0.6259104103622964,36.0,4.405,-35.56288461538462
878,500215,MS,50,0.6256905737816232,46.0,5.033333333333333,-34.44778195488722
879,210690,MA,96,0.6255741761656781,41.66666666666667,4.034285714285715,-35.18398148148148
880,351350,SP,213,0.6252535444953182,43.66197183098591,5.103448275862069,-35.29333333333334
881,351100,SP,44,0.6246709369007666,45.45454545454545,5.158571428571428,-34.58
882,293160,BA,55,0.624427796257798,47.27272727272727,4.294444444444445,-33.942344827586204
883,291880,BA,51,0.624131102078121,45.09803921568628,4.385999999999999,-33.89836653386454
884,330170,RJ,2666,0.6239573998858342,48.762190547636905,4.818853211009175,-33.72779542899963
885,250860,PB,77,0.6239002973378188,42.857142857142854,4.573,-33.8455672823219
886,353940,SP,24,0.6238936183015981,29.166666666666668,5.475,-35.63
887,431440,RS,828,0.6236735874753239,46.01449275362319,5.226534653465347,
888,220192,PI,39,0.623552549544835,41.02564102564102,4.0075,-37.14160714285714
889,310170,MG,171,0.6233839694258307,45.02923976608187,4.585000000000001,-32.9927797833935
890,291970,BA,73,0.6232933002172809,50.68493150684932,4.497142857142857,-32.49996845425868
891,150350,PA,71,0.6231470353443203,52.112676056338024,4.162000000000001,-32.274447592067986
892,330030,RJ,306,0.6228761038751238,49.01960784313725,4.963636363636363,-33.42588548601864
893,330230,RJ,31,0.622718506096777,48.38709677419355,4.785,-33.43613333333334
894,260170,PE,276,0.6226315892576956,46.3768115942029,4.3549999999999995,-33.159684210526315
895,150405,PA,139,0.6225484385401224,46.043165467625904,4.2456249999999995,-33.695218702865766
896,240740,RN,33,0.6223998353250426,51.515151515151516,4.651250000000001,-31.13057471264368
897,292530,BA,888,0.6219115411753228,44.707207207207205,4.631153846153845,-33.88710246550554
898,293180,BA,34,0.6215795856064307,55.88235294117647,4.327777777777778,-33.513
899,500270,MS,3883,0.6215149913610819,46.40741694566057,5.270176470588234,-41.48329935125116
900,150400,PA,134,0.6213970031710464,47.01492537313433,3.780714285714285,-32.2772710951526
901,130030,AM,179,0.621309996014567,45.2513966480447,4.185862068965517,
902,250190,PB,51,0.6212196063480258,43.13725490196079,4.21875,-32.66285714285715
903,351515,SP,32,0.6211575197415892,40.625,5.17,-32.14
904,171660,TO,40,0.621091345455232,45.0,4.807142857142857,-34.932641509433964
905,292730,BA,100,0.6210533722402285,53.0,4.531538461538462,-33.195
906,330250,RJ,1109,0.6209015061118092,47.15960324616772,4.833544303797469,-33.53531196139262
907,210850,MA,141,0.6207057643574307,49.645390070921984,4.218518518518519,-33.7867578125
908,431250,RS,55,0.6207009163430398,43.63636363636363,5.2725,-35.58988764044944
909,260005,PE,288,0.6204193022068449,53.47222222222222,4.612702702702704,-33.06025316455696
910,150796,PA,33,0.6204096099363,45.45454545454545,4.162222222222222,-34.583999999999996
911,150655,PA,60,0.620230023969577,43.333333333333336,4.241818181818181,-32.219210526315784
912,421800,SC,134,0.6202053302793473,50.74626865671642,5.461666666666666,
913,353760,SP,140,0.6199727712391166,43.57142857142857,5.114583333333333,-33.19
914,352510,SP,97,0.6199520983640586,39.175257731958766,5.335000000000001,-34.58
915,353670,SP,85,0.6197929070331388,45.88235294117647,5.333888888888889,-33.23
916,353180,SP,156,0.6197338515510046,42.94871794871795,5.340952380952381,-33.02
917,354075,SP,41,0.6191901850607842,41.46341463414634,5.005,-33.42
918,510682,MT,53,0.6191837997239646,41.509433962264154,4.75,-33.205689655172414
919,150620,PA,211,0.6190189073719082,50.23696682464455,4.048518518518519,-33.19390404515522
920,290960,BA,61,0.6187125227638083,47.540983606557376,4.216666666666667,-33.69094890510949
921,240500,RN,43,0.6186285563900513,41.86046511627907,4.515000000000001,-32.352543859649124
922,150445,PA,145,0.6182839048235912,51.03448275862069,4.386153846153847,-31.266549520766773
923,312670,MG,76,0.6178584888473349,47.368421052631575,4.478571428571429,-33.101098376313274
924,270850,AL,173,0.6177147629534964,44.50867052023121,4.256666666666667,-33.39381430363864
925,250400,PB,1139,0.6175298422826487,46.26865671641791,4.673802816901407,-30.873753171856983
926,270010,AL,82,0.6171995842019519,58.536585365853654,4.295454545454546,-32.138260869565215
927,290280,BA,103,0.6171103358840245,44.66019417475729,4.5627272727272725,-32.631381322957196
928,211250,MA,215,0.616942972049185,45.58139534883721,4.105121951219511,-31.57044105173876
929,353190,SP,59,0.6165344792512593,47.45762711864407,5.192499999999999,-34.7
930,130310,AM,131,0.616133931911908,39.69465648854962,3.8156521739130436,-34.14628678437667
931,150195,PA,62,0.6157627265023911,56.451612903225815,4.041764705882353,-30.181649484536084
932,260060,PE,69,0.6155388498466977,52.17391304347826,4.349999999999999,-31.200851735015775
933,352400,SP,126,0.6154569725319342,53.17460317460318,5.428947368421053,-31.060000000000002
934,260930,PE,80,0.6151761453915431,38.75,4.148571428571429,-34.53630727762803
935,292950,BA,97,0.6151102790785661,52.57731958762887,4.492500000000001,-32.018916349809885
936,240180,RN,38,0.6149761377860956,42.10526315789473,4.484,
937,432380,RS,85,0.6149081219199158,51.76470588235295,5.456,-32.22985915492958
938,292200,BA,137,0.6148603452394013,49.63503649635037,4.579999999999999,-31.49207621550591
939,241410,RN,45,0.6147536835989362,44.44444444444444,4.53125,-37.00333333333333
940,220550,PI,167,0.614406999833561,41.91616766467065,4.10409090909091,-33.558795180722896
941,220900,PI,27,0.6139622132861973,55.55555555555556,4.28,-34.50931972789115
942,260800,PE,64,0.613202736191163,43.75,4.073333333333334,-34.37353896103896
943,292360,BA,46,0.6130470068812319,52.17391304347826,4.655,-32.07025179856115
944,130060,AM,271,0.6129699463924704,41.69741697416974,3.733125,
945,431870,RS,815,0.6127463972705782,47.85276073619632,5.3845,-32.5470944515036
946,353890,SP,22,0.612622041695377,36.36363636363637,5.3425,-33.97
947,351030,SP,56,0.6125679031711668,48.214285714285715,5.217142857142858,-32.36
948,420195,SC,50,0.6124415776116905,38.0,5.2625,
949,221130,PI,55,0.612343398707617,58.18181818181818,4.455454545454547,-33.683177570093456
950,291170,BA,317,0.6122332162128148,47.63406940063091,4.661851851851852,-32.469684990735026
951,421330,SC,20,0.6117570777125996,45.0,5.4,-37.897304347826086
952,150770,PA,134,0.6116418551543918,47.01492537313433,3.7459999999999996,-32.260877192982456
953,352210,SP,251,0.6115250059526471,48.20717131474104,5.135135135135136,-31.950000000000003
954,251615,PB,21,0.6114038704424205,42.857142857142854,4.536666666666667,-33.06236559139785
955,210280,MA,94,0.6113863202514958,54.25531914893617,4.353157894736842,-32.11735537190083
956,420230,SC,263,0.6113384045781142,42.96577946768061,5.3975,
957,350580,SP,45,0.6113094501466524,37.77777777777778,5.338333333333333,-33.11
958,432130,RS,93,0.6112721451697593,52.68817204301075,5.387000000000001,-36.89292011019284
959,352720,SP,139,0.6111316275722299,49.64028776978417,5.222666666666667,-32.18
960,432300,RS,1018,0.6109576141062087,50.884086444007856,5.230263157894735,-34.22045977011494
961,500600,MS,150,0.6108311340021185,42.0,5.111428571428571,-32.95759679572764
962,353060,SP,869,0.6106584721705369,49.36708860759494,5.289999999999998,-32.12
963,291300,BA,26,0.6105837685677791,50.0,4.491111111111112,-32.8814
964,352180,SP,66,0.6103865273956917,43.93939393939394,5.181666666666667,-33.29
965,250490,PB,70,0.6102979871657086,55.714285714285715,4.291666666666666,-33.06654320987654
966,293340,BA,27,0.610236381962953,44.44444444444444,4.29,-31.36409090909091
967,312930,MG,34,0.6102333062530922,47.05882352941176,4.89,-29.144499999999997
968,150085,PA,134,0.6101946853684982,47.76119402985074,4.403333333333333,-31.37710709318498
969,172110,TO,27,0.6099311883786707,48.148148148148145,4.772499999999999,-33.27243243243243
970,150800,PA,435,0.6099232277125991,47.12643678160919,4.1154716981132085,-31.263333333333332
971,500370,MS,1298,0.6097350678377191,49.152542372881356,5.1322222222222225,-31.85842811130471
972,170600,TO,26,0.6094899269295927,34.61538461538461,4.5680000000000005,-31.398543046357617
973,211070,MA,129,0.6094395251566388,48.837209302325576,4.3608,-33.99895652173913
974,261290,PE,33,0.6093225460545967,45.45454545454545,4.222,-30.10147928994083
975,292300,BA,207,0.6092191211115294,49.275362318840585,4.556111111111111,-32.8829718875502
976,354600,SP,25,0.6090807772723433,36.0,5.225999999999999,-30.29
977,251445,PB,25,0.6089249220138849,56.00000000000001,4.133333333333334,-37.32348623853211
978,292790,BA,44,0.6088468760987147,45.45454545454545,4.526666666666666,-32.67416243654822
979,353440,SP,1347,0.608741563779281,49.962880475129914,5.234311926605503,-30.869999999999997
980,172010,TO,23,0.6087134660726506,43.47826086956522,4.311999999999999,-31.774
981,350050,SP,36,0.608492473571708,44.44444444444444,5.503333333333334,-32.52333333333333
982,500325,MS,172,0.6084611055099567,43.02325581395349,5.159999999999999,-33.135
983,293250,BA,61,0.6079401501166297,52.459016393442624,4.407,-31.043370473537607
984,500350,MS,25,0.6079034506675931,56.00000000000001,4.78,-33.66336206896551
985,120045,AC,49,0.60779855292967,48.97959183673469,4.594117647058824,
986,150275,PA,111,0.6076266448018954,39.63963963963964,3.8999999999999995,-32.57
987,316960,MG,102,0.6075455560182118,48.03921568627451,5.1,-31.623795309168443
988,150611,PA,61,0.6074405114999717,50.81967213114754,4.028888888888889,-31.891340206185568
989,500740,MS,139,0.6068953215831535,51.07913669064749,5.01,-31.831200000000003
990,350960,SP,183,0.6068792968929309,45.90163934426229,5.4395999999999995,-31.229999999999997
991,240570,RN,38,0.6068274902638333,44.73684210526316,4.606,-26.550360360360358
992,500720,MS,201,0.606593338018998,45.77114427860697,5.047999999999999,-33.56400528169014
993,211176,MA,53,0.6065568388567114,52.83018867924528,4.4781818181818185,-33.2347602739726
994,160025,AP,36,0.6064959831292857,58.333333333333336,4.1290000000000004,-25.095410122164054
995,110010,RO,197,0.6064089589359041,45.68527918781726,4.768888888888888,-30.323923541247485
996,270340,AL,35,0.6063272912604899,48.57142857142857,4.194,-33.74156862745098
997,220795,PI,28,0.6063070582724669,50.0,4.125,-31.403
998,150840,PA,228,0.6062407696091936,49.122807017543856,4.6080000000000005,-30.435
999,351300,SP,612,0.6057792128616376,50.16339869281046,5.287564102564101,-30.509999999999998
1000,431480,RS,143,0.6056205736664543,55.94405594405595,5.418125000000001,-30.74168359941945
1001,210360,MA,243,0.605562975054803,51.028806584362144,4.017999999999998,-31.702742214532872
1002,210237,MA,29,0.6055094593414563,55.172413793103445,3.8,-31.196759776536314
1003,351960,SP,96,0.6053443453753456,44.79166666666667,5.285714285714285,-30.799999999999997
1004,330555,RJ,394,0.6048473990872262,47.71573604060914,4.909736842105264,-31.49624556062912
1005,310945,MG,31,0.6042470375664899,54.83870967741935,4.912,-31.284999999999997
1006,211157,MA,26,0.6040051756765686,53.84615384615385,4.535,-30.811290322580646
1007,430693,RS,23,0.6039965684037629,39.130434782608695,5.276000000000001,
1008,210300,MA,601,0.6038815791054589,50.74875207986689,4.344646464646466,-30.879401824940857
1009,150658,PA,97,0.6036831957635721,50.51546391752577,4.495384615384615,-31.89871227364185
1010,310480,MG,21,0.6035052471700129,52.38095238095239,4.805,-31.498645833333335
1011,250540,PB,36,0.6034557129182145,30.555555555555557,4.5625,-33.83047619047619
1012,420665,SC,57,0.6034546385622738,52.63157894736842,5.3975,-28.47144986449864
1013,355620,SP,161,0.6033778147149577,49.06832298136646,5.5018518518518515,-31.79
1014,170730,TO,20,0.603070450443728,45.0,4.654999999999999,-28.421287128712866
1015,211180,MA,91,0.6029554261151081,53.84615384615385,4.276428571428571,-31.536411290322583
1016,291820,BA,30,0.602937481824089,30.0,4.455,
1017,420720,SC,30,0.6029265237114051,46.666666666666664,5.426,
1018,510780,MT,83,0.6029247828752462,42.168674698795186,4.89625,
1019,210120,MA,405,0.6028130512412321,47.901234567901234,4.293749999999998,-31.67362273901809
1020,130220,AM,65,0.6026134389674881,53.84615384615385,3.8957142857142855,-32.33245261984392
1021,293260,BA,46,0.6024354637266766,52.17391304347826,4.646999999999999,-30.539505300353355
1022,210950,MA,112,0.6022677372924984,41.964285714285715,4.2676923076923075,
1023,270890,AL,109,0.6019862226220449,52.293577981651374,4.646666666666667,-31.102021857923496
1024,292490,BA,26,0.6018680180522042,42.30769230769231,4.3100000000000005,-31.11216
1025,290460,BA,259,0.6013120668385477,53.66795366795367,4.652692307692309,-31.735822368421054
1026,355280,SP,505,0.6010594698149101,49.7029702970297,5.274901960784312,-27.456666666666663
1027,260820,PE,41,0.600903588752844,60.97560975609756,4.232857142857143,-31.420388349514564
1028,261370,PE,353,0.6007749953025965,49.858356940509914,4.472162162162162,-31.230444691495276
1029,355100,SP,606,0.6002950994455775,50.99009900990099,5.057192982456142,-26.86
1030,410040,PR,463,0.6002212611520212,50.9719222462203,5.18531914893617,-31.039844559585497
1031,292145,BA,29,0.6001926908261994,55.172413793103445,4.508,-30.981409395973156
1032,261310,PE,143,0.6000011771162761,52.44755244755245,4.2700000000000005,-30.95259044862518
1033,150497,PA,82,0.5997836388297215,46.34146341463415,4.355555555555556,-31.74319371727749
1034,431410,RS,740,0.5997464072235813,47.83783783783784,5.4380952380952365,-32.14329103885805
1035,261640,PE,420,0.5996857587378365,47.85714285714286,4.439722222222223,-31.636323092170464
1036,313520,MG,292,0.5996113835115136,42.80821917808219,4.315294117647059,-35.27369846878681
1037,220780,PI,104,0.5995832330074273,55.769230769230774,4.135625,-32.098
1038,352410,SP,69,0.5995282677510084,52.17391304347826,5.195,-30.060000000000002
1039,521975,GO,350,0.5991574187808235,48.0,4.932380952380953,-31.679802148106276
1040,260980,PE,59,0.5989984882494118,44.06779661016949,4.286666666666667,-31.881538461538465
1041,210920,MA,33,0.598862142052189,48.484848484848484,3.887777777777777,-30.69201438848921
1042,430435,RS,41,0.5988455327987443,43.90243902439025,5.293333333333333,
1043,240450,RN,64,0.5987668346619122,56.25,4.606666666666667,
1044,350055,SP,23,0.5985814379810709,43.47826086956522,5.5,-31.009999999999998
1045,150616,PA,70,0.5982275892874062,47.14285714285714,4.593333333333333,-31.015701357466064
1046,150745,PA,134,0.5980491492049365,52.23880597014925,4.417368421052632,-30.989094827586204
1047,220750,PI,60,0.5976567619336925,60.0,4.0625,-31.511262798634814
1048,510515,MT,200,0.597590409132707,47.5,4.965714285714285,-32.26439291465378
1049,150610,PA,57,0.5972931252975469,50.877192982456144,4.180000000000001,-30.562564102564103
1050,170710,TO,29,0.5972649220818932,37.93103448275862,4.765000000000001,-30.374857142857138
1051,292640,BA,99,0.597008291416317,49.494949494949495,4.381333333333334,-33.02549295774648
1052,241480,RN,41,0.5968678091423164,39.02439024390244,4.4799999999999995,-28.769775280898877
1053,292890,BA,166,0.5966522369296886,47.59036144578313,4.473000000000001,-31.608637532133677
1054,130160,AM,118,0.5966483150308336,42.3728813559322,4.1688888888888895,
1055,160060,AP,677,0.5965778870991756,48.301329394387,4.643200000000001,-31.82252095040915
1056,150540,PA,59,0.5965207693065845,57.6271186440678,4.27875,-32.04358509566969
1057,510550,MT,69,0.5961681547988841,52.17391304347826,4.812857142857143,-31.70285600636436
1058,210910,MA,181,0.596033973021128,53.03867403314917,4.377894736842105,-30.187105263157893
1059,430517,RS,28,0.5960124071932746,50.0,5.08,-28.991223628691984
1060,170380,TO,38,0.5957372929587745,52.63157894736842,4.42,
1061,260070,PE,117,0.5954988310208207,50.427350427350426,4.054166666666667,-31.652540540540542
1062,210330,MA,475,0.5951780654205531,49.89473684210527,4.104461538461536,-31.15959983326386
1063,150276,PA,71,0.59508624475027,50.70422535211267,4.515714285714286,-32.164744744744745
1064,500310,MS,25,0.5950227047266489,56.00000000000001,5.159999999999999,-28.820750000000004
1065,313070,MG,22,0.5949420490589789,50.0,5.29,-31.329104477611942
1066,150230,PA,186,0.5948319823528915,53.2258064516129,4.045151515151514,-30.011471215351815
1067,431033,RS,114,0.5945395231947255,48.24561403508772,5.4262500000000005,
1068,510040,MT,69,0.5945138164563841,49.275362318840585,5.2125,-33.22760806916426
1069,354530,SP,97,0.5943841983713396,43.29896907216495,5.271176470588236,-26.89333333333333
1070,292110,BA,113,0.5943246523139837,49.557522123893804,4.514375,-30.695983263598325
1071,150180,PA,376,0.5940258387406577,55.053191489361694,3.910526315789473,-29.613259052924793
1072,270900,AL,32,0.5937746280550574,50.0,4.307499999999999,-31.92887323943662
1073,251140,PB,75,0.5935770465927676,34.66666666666667,4.483333333333333,-32.20882352941177
1074,292050,BA,105,0.5935050269165448,48.57142857142857,4.570909090909091,-31.074120267260582
1075,291130,BA,24,0.5933662165349025,54.166666666666664,4.593333333333334,-30.096129032258062
1076,330380,RJ,178,0.5933012484460014,48.87640449438202,4.875624999999999,-30.192800480769233
1077,150500,PA,51,0.5932742793446155,52.94117647058824,4.2299999999999995,-29.04498054474708
1078,292975,BA,26,0.5932182567948427,53.84615384615385,4.361111111111111,-31.797622377622375
1079,431560,RS,648,0.5931449674509692,53.24074074074075,5.205441176470585,-30.874322321050403
1080,280720,SE,29,0.5930932675744551,34.48275862068966,4.322,-30.509615384615383
1081,290755,BA,26,0.593024005265339,65.38461538461539,4.478,-30.89254716981132
1082,210530,MA,1043,0.5930038068870319,49.37679769894535,4.684835164835165,-30.352311270125227
1083,150570,PA,102,0.5928516068504068,47.05882352941176,3.76375,-29.35019460138104
1084,432170,RS,93,0.5928510997489664,48.38709677419355,5.377777777777778,-30.731193737769082
1085,251200,PB,92,0.5923275879901885,47.82608695652174,4.397272727272727,-31.893661327231122
1086,260940,PE,180,0.5921489924118455,47.22222222222222,4.394761904761904,-30.940961995249403
1087,130420,AM,450,0.5916770182455382,42.66666666666667,4.0806818181818185,
1088,270320,AL,112,0.5911191758218387,50.0,4.263636363636363,-30.721849710982656
1089,420710,SC,94,0.5910132999480209,45.744680851063826,5.416666666666667,
1090,261430,PE,29,0.590926658223766,44.827586206896555,4.446666666666666,-29.44
1091,260620,PE,297,0.5906853040251837,46.12794612794613,4.507428571428571,-30.406689895470382
1092,170240,TO,34,0.5906534900524633,58.82352941176471,4.62125,-30.461
1093,110080,RO,151,0.5904400390722795,53.64238410596026,4.747999999999999,-29.629870129870127
1094,330185,RJ,235,0.5903383268554853,47.65957446808511,4.915500000000001,-31.045627668659268
1095,170230,TO,33,0.5901523690543075,72.72727272727273,4.633333333333333,-28.97809523809524
1096,150555,PA,33,0.5900335127539982,39.39393939393939,4.45,-30.151151079136692
1097,250770,PB,73,0.5899233410667778,52.054794520547944,4.385833333333334,-31.20404699738903
1098,150475,PA,82,0.5897377497847848,51.21951219512195,4.340588235294118,-30.373106267029975
1099,431405,RS,259,0.5895346780259155,45.559845559845556,5.317619047619048,-28.86291072371896
1100,250010,PB,48,0.5893799199552225,54.166666666666664,4.387499999999999,-30.098082901554402
1101,431120,RS,56,0.5891098961704427,55.35714285714286,5.183333333333333,
1102,330080,RJ,191,0.5890890729261873,54.45026178010471,4.849545454545455,-30.02117073170732
1103,420930,SC,617,0.5890554531897695,54.13290113452188,5.4248,-30.233373621713312
1104,280330,SE,73,0.588980990568937,58.9041095890411,4.432,-29.59196319018405
1105,170950,TO,287,0.5889124186616982,51.56794425087108,5.008387096774195,-30.313962264150945
1106,210860,MA,235,0.5888546923110092,45.1063829787234,4.171276595744681,-29.888017467248908
1107,150543,PA,180,0.588653498425144,47.22222222222222,4.535000000000001,-29.081296076099882
1108,240485,RN,24,0.5886433820522194,37.5,4.526,-31.08722627737226
1109,292665,BA,27,0.5885848409813778,37.03703703703704,4.445714285714286,-29.8906993006993
1110,270020,AL,57,0.5883233347247081,47.368421052631575,3.9954545454545456,-30.804604810996565
1111,220730,PI,22,0.588215931296106,45.45454545454545,4.283333333333333,-31.73830508474576
1112,270840,AL,173,0.5879711807112076,52.601156069364166,4.0556,-30.303492822966508
1113,260550,PE,42,0.5878456003412077,42.857142857142854,4.205,-29.66727272727273
1114,290500,BA,102,0.5875250565507111,47.05882352941176,4.731428571428572,-29.872527964205815
1115,312500,MG,20,0.5875055540604807,60.0,4.783333333333333,-29.333716814159295
1116,351870,SP,609,0.5874058943084064,49.42528735632184,5.01125,-30.47
1117,150600,PA,176,0.5873280207969549,53.97727272727273,3.7272,-29.266153846153845
1118,110180,RO,40,0.5868465947158774,55.00000000000001,4.8075,-30.278026315789475
1119,510704,MT,442,0.5858329126631547,54.07239819004525,5.291111111111111,-33.63428571428572
1120,412100,PR,67,0.5858274020761899,44.776119402985074,5.06,-32.35596091205212
1121,210720,MA,55,0.5857566151057441,74.54545454545455,3.9718181818181812,-30.0696062992126
1122,351500,SP,570,0.5857291910280326,48.421052631578945,5.161406249999999,-27.759999999999998
1123,150630,PA,85,0.5855515584421698,47.05882352941176,4.159473684210527,-29.093348017621146
1124,421620,SC,208,0.5853383334219276,49.519230769230774,5.475238095238095,
1125,292275,BA,24,0.585251906069513,50.0,4.163333333333333,-30.384347826086955
1126,211200,MA,51,0.5852318401641551,64.70588235294117,4.458,-29.840650406504064
1127,250430,PB,80,0.5851587057682072,51.24999999999999,4.462222222222222,-29.527876712328766
1128,430460,RS,1117,0.5851024954130235,48.97045658012534,5.363974358974361,-29.514524200913243
1129,210005,MA,525,0.5849170469251391,53.714285714285715,4.549019607843137,-29.468107896794372
1130,291420,BA,20,0.5849158527969023,40.0,4.508,-32.505714285714284
1131,210632,MA,125,0.5848249443277169,46.400000000000006,4.1831249999999995,-29.91533742331288
1132,510250,MT,441,0.5846258534628004,49.2063492063492,4.839999999999997,-30.689211009174308
1133,521800,GO,146,0.5846054838135787,48.63013698630137,4.934666666666666,-29.13232142857143
1134,251620,PB,230,0.5845997464714857,55.65217391304348,4.399666666666667,-31.657199281867147
1135,313470,MG,47,0.5845490817420664,57.446808510638306,4.338,-30.09433884297521
1136,351880,SP,2646,0.5845422307082113,51.47392290249433,5.216889763779529,-26.49666666666667
1137,310940,MG,109,0.5845153333604614,40.36697247706422,4.572307692307693,-30.040844036697244
1138,150480,PA,281,0.5844881671587714,53.380782918149464,4.149799999999999,-29.635910931174088
1139,150565,PA,80,0.5843446476609422,56.25,4.369000000000001,
1140,432135,RS,20,0.5842938956184759,55.00000000000001,5.1,-33.8611003236246
1141,421130,SC,428,0.5842325312710138,53.0373831775701,5.309565217391304,
1142,292060,BA,71,0.5841273825233639,40.845070422535215,4.108571428571427,-29.539100257069407
1143,313400,MG,54,0.5838029721388743,66.66666666666666,4.295714285714285,-31.984486215538848
1144,420540,SC,1148,0.583537387911702,52.264808362369344,5.353378378378378,
1145,330370,RJ,127,0.5835190217086794,54.330708661417326,5.020000000000001,-29.049300998573464
1146,291760,BA,224,0.5833318565672233,52.67857142857143,4.247000000000001,-30.14951818181818
1147,150640,PA,41,0.5832028135916714,51.21951219512195,3.915,-28.892146341463416
1148,260105,PE,78,0.5830926952211049,44.871794871794876,4.4125,-30.57643628509719
1149,210355,MA,69,0.5830474832349538,47.82608695652174,4.071538461538461,-30.982292817679557
1150,291340,BA,56,0.5830177687977364,48.214285714285715,4.493,-28.974166666666665
1151,150200,PA,81,0.5828433217539585,48.148148148148145,4.022142857142858,-24.696258503401367
1152,251400,PB,23,0.5828430155451086,39.130434782608695,4.616,-35.03746987951807
1153,171820,TO,280,0.5825753727191071,48.92857142857142,4.799714285714287,-29.305242914979758
1154,220620,PI,142,0.5824280455984755,48.59154929577465,4.017826086956521,-30.951958041958044
1155,410520,PR,74,0.5823829558445693,56.75675675675676,4.821666666666667,-27.79548571428571
1156,290810,BA,73,0.5823179004660326,46.57534246575342,4.4,-29.74634961439589
1157,420845,SC,121,0.58228491892272,52.066115702479344,5.405555555555556,
1158,240270,RN,32,0.5822325276435523,46.875,4.633333333333333,-29.67178010471204
1159,315710,MG,22,0.5822194125261398,63.63636363636363,4.6033333333333335,-28.444520547945206
1160,240070,RN,52,0.5820149295537099,55.769230769230774,4.7725,-29.773645161290325
1161,290430,BA,58,0.581504070236433,53.44827586206896,4.424285714285714,-29.435236486486488
1162,210840,MA,30,0.5814339940304123,50.0,4.108333333333333,-29.98571428571428
1163,251160,PB,38,0.5813555603530185,44.73684210526316,4.185714285714286,-29.598100000000002
1164,130410,AM,99,0.5813181811149433,56.56565656565656,4.04,-30.08552380952381
1165,130130,AM,128,0.5813139633248251,53.125,4.243076923076923,-29.38871794871795
1166,240430,RN,37,0.5812069851445213,51.35135135135135,4.468,-29.609681647940075
1167,315733,MG,30,0.5811170525780195,63.33333333333333,5.015,-27.134166666666665
1168,291720,BA,85,0.5810951883140804,45.88235294117647,4.5218181818181815,-28.881336633663366
1169,351640,SP,333,0.5810939211506476,51.95195195195195,5.220555555555555,-25.403333333333336
1170,352840,SP,92,0.5810825956762933,58.69565217391305,5.360454545454546,
1171,260330,PE,31,0.5810319221625767,54.83870967741935,4.375,-30.846083333333333
1172,510460,MT,103,0.580626798405858,57.28155339805825,5.121666666666667,-30.167027027027025
1173,312125,MG,39,0.5805907786927275,58.97435897435898,5.036666666666667,-30.617737556561085
1174,330140,RJ,86,0.5805062920858012,51.162790697674424,4.794,-27.28357512953368
1175,260260,PE,157,0.5803767272412353,47.77070063694268,4.515555555555555,-29.183063932448736
1176,510860,MT,120,0.5803390745066435,49.166666666666664,4.975714285714286,-28.401284403669724
1177,150110,PA,112,0.580014047596824,42.857142857142854,3.5081250000000006,-29.791615384615383
1178,520025,GO,1124,0.5799938543570553,50.71174377224199,4.891754385964912,-28.612525050100203
1179,250200,PB,24,0.579916581144406,41.66666666666667,4.398333333333333,-30.98362831858407
1180,290100,BA,103,0.5793069646380895,59.22330097087378,4.313076923076923,-28.964109589041097
1181,430160,RS,353,0.5791900621157144,46.742209631728045,5.1306382978723395,-29.473897379912664
1182,500755,MS,52,0.5789966533423312,48.07692307692308,5.033333333333333,-30.084664031620555
1183,431420,RS,22,0.5785433470615562,54.54545454545454,5.1000000000000005,-27.355000000000004
1184,210050,MA,53,0.5779366808548521,49.056603773584904,4.385000000000001,-29.708051948051946
1185,170510,TO,20,0.5776128131482977,50.0,4.5649999999999995,-29.198354430379748
1186,220390,PI,206,0.5773285842758009,53.398058252427184,4.425312499999999,-28.75388101983003
1187,150295,PA,123,0.5772924225998349,51.21951219512195,4.390624999999999,-28.26304273504273
1188,260880,PE,205,0.5772223780678808,51.21951219512195,4.478235294117647,-27.84958426966292
1189,430163,RS,68,0.5770517552439897,54.41176470588235,5.293333333333334,-28.79005952380952
1190,500690,MS,86,0.5769541114820815,54.65116279069767,4.656666666666666,-29.203277108433735
1191,150506,PA,268,0.5769363943786383,57.46268656716418,4.3765714285714274,-28.080404585300066
1192,510340,MT,2390,0.5768538908175898,51.04602510460251,5.085486725663716,-27.319346900661888
1193,250450,PB,21,0.5768384259917608,47.61904761904761,4.324999999999999,-28.864077669902912
1194,510757,MT,20,0.576794104177207,65.0,4.89,-27.094207119741096
1195,421190,SC,790,0.5766459490253864,49.87341772151899,5.439736842105265,
1196,150553,PA,1221,0.5766316196873964,54.054054054054056,4.710181818181816,-27.97174064837905
1197,510523,MT,22,0.5764116303386619,40.909090909090914,4.823333333333333,-32.75758807588076
1198,421440,SC,26,0.5763812652943398,42.30769230769231,5.403333333333333,
1199,354070,SP,66,0.5763743192394494,39.39393939393939,5.320833333333333,-29.92
1200,210090,MA,119,0.576201428878671,47.05882352941176,4.005172413793103,-29.42922279792746
1201,430310,RS,501,0.5761784026017017,49.9001996007984,5.3753125,-28.98860561056106
1202,250610,PB,20,0.5761768567200442,55.00000000000001,4.168,-28.50290322580645
1203,510562,MT,113,0.5761460869066214,61.06194690265486,4.9255555555555555,-34.819820958399156
1204,422000,SC,87,0.5761245289550146,51.724137931034484,5.3325,-28.826666666666664
1205,431850,RS,93,0.5758195435749173,61.29032258064516,5.167272727272727,-27.281641221374045
1206,150710,PA,68,0.5758135795452569,50.0,3.917272727272727,-28.192454873646213
1207,150420,PA,1227,0.5757004531544349,50.8557457212714,4.522905982905984,-28.91807860262009
1208,291280,BA,41,0.5755533375065851,56.09756097560976,4.581666666666667,-32.557821011673155
1209,250680,PB,66,0.575524674545499,54.54545454545454,4.22125,-24.6514605418139
1210,290480,BA,25,0.5754595308374539,44.0,4.553333333333334,-30.85858407079646
1211,241150,RN,45,0.5754345939361294,51.11111111111111,4.45375,-29.665679012345677
1212,260320,PE,159,0.5753678462210143,54.71698113207547,4.349333333333334,-28.578
1213,170720,TO,23,0.5751767227194506,47.82608695652174,4.575,-29.17302521008403
1214,355720,SP,21,0.5750596527792508,61.904761904761905,5.1525,-28.42
1215,160021,AP,43,0.5748277361056744,58.139534883720934,4.221666666666667,-30.019885714285714
1216,350660,SP,65,0.5747067495059348,41.53846153846154,5.106999999999999,-27.810000000000002
1217,150510,PA,199,0.5744029698010937,56.28140703517588,3.9792682926829275,-28.088020022246944
1218,431730,RS,120,0.5741647343698616,47.5,5.09875,-30.04754355400697
1219,150442,PA,621,0.5740656973802981,51.690821256038646,4.501521739130435,-26.779237713139416
1220,431820,RS,91,0.5738209780279624,58.24175824175825,5.283636363636364,-28.40101872659176
1221,500430,MS,94,0.5735254989365757,50.0,5.002000000000001,-30.07702222222222
1222,354100,SP,766,0.5726149007898693,50.0,5.245081967213115,-28.75
1223,350560,SP,84,0.5724486910003488,53.57142857142857,5.24,-28.57
1224,521100,GO,33,0.5722634618566591,45.45454545454545,4.93,-26.215000000000003
1225,251430,PB,27,0.5720915955584465,40.74074074074074,4.34,-29.6725
1226,431270,RS,47,0.5718601732278648,51.06382978723404,5.24,-30.91908396946565
1227,291077,BA,25,0.5717978435833083,68.0,4.438,-29.333283582089553
1228,330190,RJ,987,0.571591139272484,51.77304964539007,4.880799999999999,-29.1120699940346
1229,314630,MG,76,0.571510106655829,60.526315789473685,4.441818181818181,-28.13904513888889
1230,251630,PB,46,0.5712787784710673,56.52173913043478,4.566666666666666,-31.25278195488722
1231,250750,PB,2173,0.5712445668066255,51.58766682006443,4.740534759358291,-27.33758032128514
1232,421830,SC,99,0.5708608772095742,50.505050505050505,5.225714285714285,-25.715255376344086
1233,430130,RS,51,0.5704094157022565,45.09803921568628,5.034,
1234,431340,RS,858,0.5703247390592562,51.86480186480187,5.358461538461539,-25.668408477842004
1235,280410,SE,50,0.5701804005157524,50.0,4.5360000000000005,-29.61567567567568
1236,510719,MT,20,0.5699056587453634,45.0,5.385,-29.447529411764705
1237,430190,RS,28,0.5697241177782982,39.285714285714285,5.280000000000001,-31.55107382550335
1238,352440,SP,393,0.569662563736603,49.36386768447837,5.31542372881356,-28.520000000000003
1239,120010,AC,67,0.5695812886884546,46.26865671641791,4.6054545454545455,
1240,420130,SC,244,0.5695098461687852,47.540983606557376,5.365454545454545,
1241,150300,PA,56,0.5694763225416787,53.57142857142857,4.057272727272727,-28.52876923076923
1242,241350,RN,23,0.569327549699387,39.130434782608695,4.300000000000001,-27.725172413793103
1243,330330,RJ,944,0.5692023364489831,53.07203389830508,4.928901098901098,-28.433120066472785
1244,130395,AM,53,0.5690514654742073,49.056603773584904,4.0225,-29.661971326164874
1245,432345,RS,21,0.569020959542472,57.14285714285714,5.234999999999999,-27.90650406504065
1246,312015,MG,22,0.5688878643767907,59.09090909090909,4.4,-29.302352941176473
1247,261080,PE,82,0.5687293004305245,54.87804878048781,4.200000000000001,-28.831454545454548
1248,220350,PI,31,0.5684692801618327,58.06451612903226,4.235714285714286,-29.37736842105263
1249,292593,BA,28,0.5681825564599359,64.28571428571429,4.512499999999999,-27.46617021276596
1250,210460,MA,54,0.5681733009215959,51.85185185185185,4.47,-29.16942857142857
1251,261040,PE,67,0.5680710928369654,56.71641791044776,4.204285714285715,-26.425616438356165
1252,352500,SP,172,0.5679940044583467,47.093023255813954,5.200769230769231,-28.61
1253,430300,RS,226,0.5676498866827293,48.23008849557522,5.231764705882353,-29.105388601036267
1254,293000,BA,28,0.5676054075407247,46.42857142857143,4.574285714285715,-27.748896551724137
1255,411180,PR,151,0.5675760629533855,54.3046357615894,5.20625,-28.294589502018844
1256,421080,SC,32,0.5675566864650047,43.75,5.61,-28.51491124260355
1257,352290,SP,33,0.5673369666892873,51.515151515151516,5.285,-26.96
1258,420207,SC,71,0.5670686760566135,52.112676056338024,5.375,
1259,311530,MG,165,0.5668279095133986,52.121212121212125,4.968095238095238,-29.214729783037473
1260,150190,PA,93,0.5667140739792689,48.38709677419355,3.883599999999999,-28.491932584269662
1261,160005,AP,23,0.5666089453654446,34.78260869565217,4.636666666666667,-30.03888888888889
1262,420320,SC,269,0.5665241016685723,50.92936802973978,5.370526315789474,
1263,171884,TO,21,0.5664747046710364,52.38095238095239,4.93,-30.170588235294115
1264,270640,AL,117,0.5664585649113782,49.572649572649574,4.083636363636364,-28.363191126279865
1265,240770,RN,48,0.5664138232801404,56.25,4.257142857142857,-28.37829268292683
1266,430920,RS,1022,0.5663608246681763,55.18590998043052,5.393529411764708,-28.75920507144295
1267,410310,PR,79,0.5661448143440198,50.63291139240506,4.984999999999999,-26.581454545454545
1268,353980,SP,223,0.5660504418657516,51.569506726457405,5.3342857142857145,-28.28
1269,510385,MT,45,0.5658862073386212,55.55555555555556,5.083333333333333,-27.827843137254902
1270,130040,AM,99,0.565841713486926,50.505050505050505,4.03090909090909,-23.653637681159417
1271,411325,PR,43,0.5655681540129046,46.51162790697674,4.346666666666667,
1272,120025,AC,50,0.5655347373601128,50.0,4.71,
1273,250415,PB,34,0.5655346053837024,50.0,4.265999999999999,-26.40435582822086
1274,150125,PA,21,0.5654601872715904,61.904761904761905,4.425000000000001,
1275,420370,SC,45,0.5648103642274892,48.888888888888886,5.424285714285714,-27.589025157232705
1276,210990,MA,329,0.5648001655964706,48.632218844984806,4.454102564102564,-21.395833333333332
1277,261150,PE,78,0.5647058248559322,51.28205128205128,4.312857142857142,-26.786281755196306
1278,220070,PI,48,0.5646398206714223,54.166666666666664,4.231428571428571,-27.930251046025106
1279,510630,MT,141,0.5643147734173783,52.4822695035461,5.05,-29.435123456790123
1280,330600,RJ,262,0.5642777412210126,52.67175572519084,4.952187500000001,-27.48048888888889
1281,311545,MG,39,0.5638461400666847,48.717948717948715,4.5,-22.771966205837174
1282,313670,MG,1392,0.5637624115239442,52.72988505747126,5.077586206896555,-26.523948168524683
1283,431920,RS,20,0.5635840977855479,35.0,4.9025,-29.882417582417578
1284,260780,PE,39,0.563382040031323,53.84615384615385,4.21,-28.55517857142857
1285,355180,SP,32,0.5631423845597088,68.75,4.843333333333334,-27.9
1286,350920,SP,218,0.5631269571741657,52.752293577981646,5.253913043478261,-26.83
1287,250670,PB,34,0.5631228403185452,47.05882352941176,4.243,-28.193505154639176
1288,211245,MA,93,0.5631180798375476,49.46236559139785,4.152857142857142,-26.81868
1289,261070,PE,773,0.5629845336316339,54.463130659767145,4.630266666666668,-29.908404154863078
1290,292240,BA,55,0.5629156389321551,50.90909090909091,4.548571428571429,-26.568157894736842
1291,261485,PE,100,0.5627188199282142,49.0,4.434444444444444,-28.27189655172414
1292,351160,SP,53,0.5627123982720585,52.83018867924528,5.206666666666666,-28.68
1293,431710,RS,305,0.5623272653613629,55.40983606557377,5.1000000000000005,-28.563158500115023
1294,510840,MT,1575,0.5622285581893999,53.9047619047619,5.00108108108108,-30.994444153234614
1295,432160,RS,277,0.5620414571469076,50.18050541516246,5.338125,-23.943124999999995
1296,210955,MA,32,0.5616108546618368,65.625,4.473333333333333,-27.365594405594404
1297,431350,RS,196,0.5615119158266061,53.06122448979592,5.568333333333334,-27.90944501895898
1298,292465,BA,25,0.5612786738334641,32.0,4.5175,-28.31738095238095
1299,355250,SP,724,0.5610712429293249,53.86740331491713,5.279393939393938,-27.663333333333334
1300,260760,PE,81,0.5610264756265055,38.2716049382716,4.511818181818183,-28.10876213592233
1301,510795,MT,486,0.5605849870011476,53.90946502057613,5.120384615384616,-26.207232704402514
1302,250280,PB,44,0.56048749839642,59.09090909090909,4.3742857142857146,-27.250128755364805
1303,150140,PA,3651,0.5603934481331716,54.75212270610792,4.5008934707903805,-27.608251175656985
1304,355410,SP,425,0.5602131034910993,54.58823529411765,5.393918918918919,-26.119999999999997
1305,355060,SP,143,0.5601689398290052,47.55244755244755,5.31,-28.490000000000002
1306,270860,AL,223,0.5600482607639335,52.46636771300448,4.506666666666667,-26.393756613756615
1307,290230,BA,35,0.5600341919263075,45.714285714285715,4.282857142857143,-26.50462427745665
1308,250240,PB,35,0.5599745488359072,48.57142857142857,4.29,-28.723875
1309,351970,SP,181,0.5599640154934148,49.72375690607735,5.1308888888888875,-26.939999999999998
1310,260670,PE,20,0.5598216057344259,45.0,4.4225,-29.410924369747896
1311,250320,PB,227,0.5598066859852248,51.541850220264315,4.7363333333333335,-25.77653834676216
1312,510330,MT,109,0.5597009160600008,59.63302752293578,4.922499999999999,-27.087676348547713
1313,350450,SP,176,0.5595897269077924,48.29545454545455,5.3109677419354835,-27.53
1314,211130,MA,2556,0.5595349020986615,52.54303599374022,4.58125,-21.82704590818363
1315,314320,MG,75,0.5593598630476264,50.66666666666667,5.048,-28.185542857142856
1316,130370,AM,228,0.5593536963272865,56.14035087719298,3.789444444444444,-20.46153392330384
1317,170820,TO,67,0.5593242713489791,58.2089552238806,4.694999999999999,-26.554904458598728
1318,150680,PA,1695,0.5593015149818491,54.395280235988196,4.26266666666667,-26.838839050131927
1319,110034,RO,63,0.5591331938879373,57.14285714285714,4.948333333333333,-28.068858447488587
1320,430770,RS,269,0.5590109590575288,50.18587360594795,5.332,-33.42887610831536
1321,150808,PA,192,0.5587834024737172,51.041666666666664,4.701538461538461,-26.134521112255406
1322,350760,SP,279,0.5586553627193541,51.61290322580645,5.41425925925926,-26.64
1323,293100,BA,59,0.5585679218931437,55.932203389830505,4.487692307692307,-25.505791505791507
1324,250850,PB,26,0.5583068367962702,46.15384615384615,4.3625,-30.63344827586207
1325,430290,RS,34,0.558209396849522,41.17647058823529,5.1000000000000005,-25.888693957115013
1326,431830,RS,231,0.5581682436766326,48.917748917748916,5.226923076923077,-27.237397101449275
1327,130002,AM,100,0.5580633275610429,55.00000000000001,3.9033333333333338,-24.036285714285714
1328,210750,MA,608,0.5579540569592228,52.960526315789465,4.543548387096775,-26.912240558552842
1329,353700,SP,30,0.5577835332275742,50.0,5.41375,-28.33
1330,355650,SP,223,0.5577697588835969,50.672645739910315,5.336521739130435,-26.759999999999998
1331,221100,PI,2910,0.5573132242987701,53.02405498281787,4.532272727272728,-24.657077657632357
1332,330020,RJ,509,0.55699979144414,54.223968565815326,4.838478260869567,-26.616455266138164
1333,421825,SC,33,0.5569126974677179,48.484848484848484,5.045999999999999,
1334,500280,MS,44,0.5569118870331168,63.63636363636363,5.016666666666667,-27.435
1335,420210,SC,188,0.5564095139989735,54.25531914893617,5.460999999999999,
1336,431690,RS,730,0.5563531576629688,53.56164383561644,5.366428571428571,-26.547149014213666
1337,130008,AM,33,0.5562695128701107,60.60606060606061,4.159166666666667,-22.383614457831328
1338,352320,SP,111,0.5562168834983441,51.35135135135135,5.184500000000001,-26.83
1339,355480,SP,59,0.556118569289593,55.932203389830505,5.302666666666667,-25.270000000000003
1340,310825,MG,24,0.5561079198263311,54.166666666666664,4.26375,-26.715441176470588
1341,350780,SP,34,0.55607193545068,52.94117647058824,5.485,-25.729999999999997
1342,240320,RN,20,0.5554701725276499,70.0,4.59,-26.47029126213592
1343,260290,PE,917,0.5554681407367098,50.81788440567067,4.533124999999999,-26.95652256985909
1344,291685,BA,76,0.5554355395577452,46.05263157894737,4.306666666666667,-27.26739583333333
1345,130260,AM,9333,0.5553412585357989,53.86263795135541,4.853927893738139,-25.378086223240942
1346,510350,MT,124,0.5552485786178486,55.64516129032258,5.0525,-29.054038461538465
1347,210125,MA,72,0.554696393709141,50.0,4.243499999999998,-27.34182795698925
1348,350900,SP,215,0.5546525327416335,54.418604651162795,5.328888888888888,-28.543333333333337
1349,260845,PE,57,0.5546273001870078,52.63157894736842,4.315,-25.66763157894737
1350,221000,PI,118,0.5546040297217733,55.08474576271186,4.086666666666667,-26.24874551971326
1351,261250,PE,413,0.5543866900830544,58.83777239709443,4.488846153846154,-25.658776978417265
1352,351630,SP,429,0.5543604141774838,50.116550116550115,5.093783783783784,-25.099999999999994
1353,355690,SP,25,0.5543201121418109,68.0,5.0600000000000005,-27.14
1354,130400,AM,47,0.554286177934854,46.808510638297875,4.212,
1355,352020,SP,30,0.5542317344269215,50.0,5.306,-29.39
1356,250990,PB,39,0.5540707911551231,53.84615384615385,4.123333333333333,-26.88026490066225
1357,350275,SP,54,0.5538451276193386,48.148148148148145,5.043,-25.96
1358,210350,MA,149,0.5532906627413329,48.322147651006716,4.225416666666666,-25.343243243243244
1359,120070,AC,44,0.5531223410051903,54.54545454545454,4.484,
1360,260430,PE,38,0.5530580859929701,50.0,4.261666666666667,-26.843054187192124
1361,350250,SP,63,0.5529487334672094,52.38095238095239,5.196470588235295,-26.25
1362,432000,RS,566,0.5528899666124871,49.11660777385159,5.364000000000001,-25.99133188563156
1363,510269,MT,33,0.5528198275958446,42.42424242424242,4.876666666666667,-24.22633986928105
1364,250390,PB,37,0.5527265057978323,59.45945945945946,4.386666666666667,-29.817142857142855
1365,211085,MA,52,0.5525738745136451,57.692307692307686,4.503333333333333,-26.995473684210527
1366,211230,MA,131,0.5525395843604018,54.961832061068705,4.281851851851852,-27.524545454545454
1367,251090,PB,40,0.5525057872891688,45.0,4.431666666666667,-26.6710989010989
1368,120020,AC,230,0.5524392047442005,51.30434782608696,4.488305084745762,
1369,354850,SP,424,0.5524222196611346,52.12264150943396,5.143870967741936,-26.549999999999997
1370,354870,SP,1299,0.5521060678715017,54.4264819091609,5.419513888888892,-25.840000000000003
1371,350115,SP,33,0.5520763065936174,48.484848484848484,5.319999999999999,-26.32
1372,293345,BA,65,0.5520732544107841,56.92307692307692,4.486666666666666,-25.397067137809188
1373,170550,TO,161,0.5519508945052616,59.006211180124225,4.737058823529412,-26.617209821428574
1374,353010,SP,34,0.5519373866077881,44.11764705882353,5.191666666666666,-25.869999999999997
1375,130070,AM,141,0.5519013118289412,56.73758865248227,4.446315789473685,-27.51067330488383
1376,352010,SP,45,0.5518348732689259,57.77777777777777,5.14875,-24.4
1377,261000,PE,157,0.5517243945021755,48.40764331210191,4.358846153846154,-26.38294117647059
1378,421545,SC,49,0.5515360087576914,51.02040816326531,5.4775,-24.616403508771924
1379,220200,PI,126,0.5514672697138319,47.61904761904761,4.130666666666666,-27.986643356643356
1380,240370,RN,20,0.5514097449763183,30.0,4.46,-27.00868131868132
1381,431860,RS,28,0.5510875570229353,57.14285714285714,5.526666666666666,-26.276120218579237
1382,350400,SP,164,0.5508321770563472,48.170731707317074,5.420624999999998,-25.15
1383,430660,RS,108,0.5506080739760199,51.85185185185185,5.146315789473683,-25.75851711026616
1384,270400,AL,117,0.5505147207737943,54.700854700854705,4.392352941176469,-25.03530054644809
1385,251270,PB,59,0.5501218190105924,59.32203389830508,4.384545454545455,-25.559166666666666
1386,500770,MS,62,0.5500261391622557,56.451612903225815,5.1275,-26.346571428571426
1387,210927,MA,105,0.5500025968390868,51.42857142857142,4.0475,-27.526829268292683
1388,430270,RS,98,0.549936453053971,56.12244897959183,5.232500000000001,-25.041871921182263
1389,355700,SP,228,0.5498056173592725,53.50877192982456,5.367297297297298,-25.310000000000002
1390,292670,BA,45,0.5497508742678102,53.333333333333336,4.77375,-26.91
1391,355400,SP,208,0.5497105598334379,56.25,5.311,-26.08
1392,261240,PE,78,0.5496029665469307,47.43589743589743,4.220909090909092,-26.51661931818182
1393,500295,MS,185,0.5493622982631327,48.10810810810811,5.255714285714285,-27.13386990077177
1394,351740,SP,50,0.5492702337076129,52.0,5.242857142857143,-26.509999999999998
1395,521523,GO,434,0.5490760778152467,56.91244239631337,4.884375000000001,-25.275075646656905
1396,211190,MA,45,0.5490013518255027,51.11111111111111,4.125555555555556,-25.413682008368202
1397,260190,PE,174,0.5489138274792175,54.59770114942529,4.467,-26.07181506849315
1398,431240,RS,222,0.5488786883353751,57.65765765765766,5.425714285714286,-26.46393442622951
1399,431100,RS,90,0.5487994400266741,58.88888888888889,5.149333333333334,-22.53927107061503
1400,250260,PB,29,0.5486554977290683,51.724137931034484,4.3933333333333335,-29.87706896551724
1401,431450,RS,28,0.5485357369387341,46.42857142857143,5.207999999999999,-25.481666666666666
1402,350710,SP,60,0.5484687909938923,55.00000000000001,5.27125,-26.08
1403,315280,MG,130,0.5484260164180251,50.76923076923077,5.076666666666666,-26.98563134978229
1404,431365,RS,52,0.5483956134255819,65.38461538461539,5.36,-24.62462772050401
1405,312707,MG,20,0.548329816912898,40.0,4.1,
1406,355170,SP,261,0.5483099587065844,57.08812260536399,5.3603571428571435,-25.840000000000003
1407,312730,MG,27,0.5481617089923476,33.33333333333333,5.0649999999999995,-25.335
1408,420940,SC,123,0.5480261763565317,56.91056910569105,5.46,-30.94785150078989
1409,315057,MG,43,0.5479932056212485,48.837209302325576,4.38,-26.819047619047623
1410,261350,PE,188,0.5478686076688097,54.25531914893617,4.40421052631579,-27.024484304932734
1411,432110,RS,66,0.547676996542686,63.63636363636363,5.261666666666667,-24.52076923076923
1412,240240,RN,39,0.547536478748673,46.15384615384615,4.81,-29.037183098591555
1413,260825,PE,58,0.5473524804779826,44.827586206896555,4.246,-23.605472779369627
1414,220220,PI,169,0.5473046725193568,63.905325443786985,4.2659259259259255,-26.622222222222224
1415,330025,RJ,147,0.5472703872262927,57.82312925170068,4.942,-25.51823529411765
1416,313330,MG,79,0.5472674572608883,55.69620253164557,4.538,-20.892121212121214
1417,350380,SP,97,0.5471975634413445,56.70103092783505,5.3133333333333335,-25.590000000000003
1418,313505,MG,182,0.546957248455433,55.494505494505496,4.428235294117647,-26.991223470661673
1419,500730,MS,29,0.5469412816330013,44.827586206896555,5.085,-26.93
1420,220640,PI,56,0.546788338974988,53.57142857142857,4.380000000000001,-29.391875000000002
1421,315240,MG,54,0.5467627743623987,55.55555555555556,4.464285714285714,-26.07309617918314
1422,210440,MA,35,0.5466533239968698,60.0,4.340000000000001,-24.50557788944724
1423,431550,RS,43,0.5465433362785528,60.46511627906976,5.37,-25.314564676616918
1424,352250,SP,678,0.5465382904517148,53.687315634218294,5.166140350877193,-24.54
1425,316110,MG,257,0.5463732430101061,53.69649805447471,4.391304347826087,-26.701961382113822
1426,510790,MT,1007,0.5463715958391785,55.610724925521346,5.149428571428572,-28.188600566572234
1427,220800,PI,214,0.5461951920470931,51.86915887850467,4.465333333333333,-26.078401486988845
1428,311940,MG,277,0.5461651791244032,56.317689530685925,5.123333333333331,-25.047479674796747
1429,420970,SC,63,0.5459159304620409,50.79365079365079,5.158571428571428,-23.431964285714287
1430,411950,PR,505,0.5458070261955755,56.237623762376245,5.253225806451613,-25.81274959742351
1431,350610,SP,119,0.5457335140024624,57.14285714285714,5.3585714285714285,-24.25
1432,130190,AM,462,0.5456674327931395,55.41125541125541,4.272075471698114,-21.522368894423686
1433,250150,PB,47,0.5455739211315217,46.808510638297875,4.481538461538461,-26.684426877470358
1434,170310,TO,28,0.5452493766237996,57.14285714285714,4.912000000000001,-25.790317460317457
1435,270235,AL,108,0.5451730555460844,62.03703703703704,4.347333333333334,-25.470848126232738
1436,354390,SP,333,0.5449191496139967,52.25225225225225,5.346875000000002,-24.089999999999996
1437,421605,SC,26,0.5447148913097161,53.84615384615385,5.385,
1438,352610,SP,45,0.5446516216856888,46.666666666666664,4.920999999999999,-24.82
1439,420880,SC,121,0.5445136351218077,52.892561983471076,5.512857142857143,-24.060427631578946
1440,250820,PB,25,0.5445054943600939,56.00000000000001,4.296666666666667,-26.218524590163938
1441,522045,GO,753,0.5443971596431673,56.440903054448874,5.021212121212121,-25.49499206768905
1442,351340,SP,88,0.5443427925699528,56.81818181818182,5.153333333333332,-24.009999999999998
1443,432120,RS,196,0.5443187715271663,52.04081632653062,5.287599999999999,-27.627270896273917
1444,150157,PA,68,0.5442376164956573,55.88235294117647,4.338333333333334,-25.242155688622756
1445,500795,MS,62,0.5442172824576098,48.38709677419355,4.6775,-25.87153225806452
1446,241300,RN,22,0.5439790532005097,45.45454545454545,4.675000000000001,-26.112666666666662
1447,220580,PI,69,0.5439404082899547,55.072463768115945,4.141764705882352,-26.51170666666667
1448,431750,RS,255,0.5435169459308875,52.156862745098046,5.223333333333334,-26.74200913242009
1449,350290,SP,84,0.5432528425275057,63.095238095238095,5.381333333333332,-23.840000000000003
1450,353930,SP,91,0.5431634988872313,52.74725274725275,5.395,-23.6
1451,330110,RJ,74,0.5431557413087561,56.75675675675676,4.935384615384614,-25.905313351498638
1452,210675,MA,111,0.5430294612428553,46.846846846846844,4.081538461538462,-27.1
1453,330500,RJ,208,0.5430053307806143,59.13461538461539,4.8896428571428565,-24.832750225428317
1454,351220,SP,80,0.5428564107868217,57.49999999999999,5.234545454545454,-24.46
1455,211110,MA,133,0.5428286016329429,54.13533834586466,4.421666666666666,-25.659787985865727
1456,110033,RO,175,0.5427000430554458,55.42857142857143,4.692727272727273,-26.0648730964467
1457,354980,SP,697,0.542634428889243,56.81492109038737,5.404124999999999,-23.15
1458,270915,AL,155,0.5424467816369084,54.19354838709678,4.558421052631579,-25.11937114673243
1459,420730,SC,185,0.5423523116327698,57.83783783783784,5.476315789473684,
1460,210210,MA,126,0.5422861171178904,57.14285714285714,4.0819230769230765,-25.949398230088494
1461,430760,RS,224,0.5422105776322435,55.80357142857143,5.504666666666668,-26.10394787644788
1462,352350,SP,43,0.5420199305556971,58.139534883720934,5.26,-25.82
1463,120060,AC,137,0.5419956612882355,50.36496350364964,4.204444444444444,
1464,315540,MG,46,0.5419617724555528,58.69565217391305,4.9825,-27.784999999999997
1465,350310,SP,20,0.5419015786085337,60.0,5.273333333333333,-23.39
1466,350970,SP,104,0.5417515546735002,57.692307692307686,5.291666666666667,-22.880000000000003
1467,411760,PR,283,0.5416122757894605,53.71024734982333,5.034375000000001,-24.992957430918597
1468,410600,PR,36,0.5414328048168134,50.0,5.1325,-26.825439560439563
1469,220250,PI,42,0.5413266191897927,50.0,3.9924999999999997,-25.199865470852018
1470,351907,SP,470,0.5412929494247039,55.53191489361702,5.394909090909093,-24.950000000000003
1471,330560,RJ,107,0.5411837229754688,62.616822429906534,4.857777777777778,-23.66278810408922
1472,421230,SC,48,0.5410813196804012,47.91666666666667,5.598,-28.08229508196721
1473,432240,RS,440,0.5410733624329255,54.77272727272727,5.1535,-25.70113055181696
1474,250050,PB,56,0.5410361774099207,55.35714285714286,4.271666666666666,-24.99988372093023
1475,352530,SP,203,0.5410020413994362,58.620689655172406,5.390606060606061,-25.11
1476,292100,BA,239,0.5409212789548602,53.13807531380753,4.595714285714287,-24.53385523210071
1477,500060,MS,195,0.5407973175404402,52.307692307692314,4.9484615384615385,-27.242536728697356
1478,355380,SP,39,0.5406242059652303,69.23076923076923,5.150909090909091,-23.33
1479,312245,MG,29,0.5404316954382973,48.275862068965516,4.605,-23.948953488372087
1480,130170,AM,275,0.5403427105796388,59.63636363636363,4.168823529411765,-24.1606103286385
1481,510325,MT,168,0.5400598782611304,49.404761904761905,4.6433333333333335,-25.079734939759035
1482,500100,MS,159,0.5399838476892284,52.20125786163522,5.058571428571428,-25.320356703567036
1483,171050,TO,22,0.5399059902220922,40.909090909090914,4.6,-28.0584
1484,260280,PE,196,0.5397998044567861,51.53061224489795,4.077333333333334,-26.00011650485437
1485,220240,PI,41,0.5397475667344747,60.97560975609756,4.010000000000001,-26.131625
1486,330070,RJ,833,0.5396035703499492,57.62304921968787,4.8859375,-25.170507556959173
1487,352240,SP,188,0.5393920808478675,60.63829787234043,5.1193333333333335,-23.799999999999997
1488,330412,RJ,46,0.5390464044332429,67.3913043478261,5.0120000000000005,-25.76589958158996
1489,510480,MT,140,0.5390338968405243,55.00000000000001,5.0488888888888885,-26.5697304964539
1490,260370,PE,97,0.5388680707874807,55.670103092783506,4.305000000000001,-24.059566074950695
1491,355670,SP,116,0.5388416717821747,60.3448275862069,5.588823529411764,-23.880000000000003
1492,210740,MA,65,0.5388365074204693,52.307692307692314,4.318666666666667,-23.657010309278352
1493,210180,MA,23,0.5387884090861086,34.78260869565217,4.3775,-27.851779141104295
1494,260950,PE,92,0.5387462006866592,50.0,4.476923076923076,-24.186433260393873
1495,353470,SP,184,0.5386304424190909,51.08695652173913,5.332142857142858,-25.856666666666662
1496,313050,MG,43,0.5385729298724679,60.46511627906976,5.1466666666666665,-23.71894736842105
1497,353430,SP,61,0.5384150441009811,65.57377049180327,5.3625,-22.85
1498,240780,RN,109,0.5383861565593746,57.798165137614674,4.363076923076923,-24.95467469879518
1499,500635,MS,64,0.5383411199005608,54.6875,4.956666666666667,-25.64337579617834
1500,431530,RS,105,0.5383157071501102,61.904761904761905,5.136666666666666,-26.500933625091175
1501,241020,RN,33,0.5381731921279195,48.484848484848484,4.546,-24.45225
1502,250910,PB,83,0.5381330130475309,59.036144578313255,4.34076923076923,-26.01730870712401
1503,411125,PR,188,0.5380520627922137,56.91489361702128,4.964166666666667,-25.53265864332604
1504,353550,SP,78,0.5378909142670677,50.0,5.2813333333333325,-23.07
1505,510623,MT,80,0.5372292014512952,65.0,4.971428571428571,-25.978162839248434
1506,210260,MA,93,0.537218441419977,50.53763440860215,4.047857142857143,-24.352564102564102
1507,353150,SP,22,0.5372123991930735,63.63636363636363,5.406,-24.619999999999997
1508,431370,RS,133,0.537172157317389,50.37593984962406,5.335333333333333,-26.29277096114519
1509,260110,PE,390,0.537084888657479,53.84615384615385,4.204146341463415,-25.367211970074813
1510,510510,MT,162,0.5370785789372065,50.0,5.009,-26.65340991535671
1511,251540,PB,44,0.5370509411582538,54.54545454545454,4.369999999999999,-24.841865284974094
1512,260915,PE,55,0.5370258937554565,56.36363636363636,3.8957142857142855,-25.027355371900825
1513,210610,MA,51,0.536912186945343,60.78431372549019,4.4275,-27.697011494252877
1514,291600,BA,42,0.5369085625697241,57.14285714285714,4.651111111111112,
1515,170255,TO,80,0.5366341007633932,67.5,4.645555555555555,-25.15910941475827
1516,500510,MS,28,0.5366338547120888,64.28571428571429,5.29,-25.228170426065162
1517,261450,PE,115,0.5363977688458192,54.78260869565217,4.509999999999999,-22.990338983050847
1518,430965,RS,27,0.5361004285562235,74.07407407407408,5.048,-26.262711864406782
1519,311610,MG,36,0.5360699749869964,61.111111111111114,4.361,-26.536438356164382
1520,270895,AL,67,0.5359616921601928,59.70149253731343,3.87125,-25.596595744680855
1521,354660,SP,76,0.5359604820780867,55.26315789473685,5.474444444444445,-25.97
1522,320180,ES,29,0.5359336133782651,51.724137931034484,4.806666666666667,-17.492439024390237
1523,316950,MG,24,0.5358594138576144,54.166666666666664,4.828,-22.2215
1524,354270,SP,27,0.5358346911830851,51.85185185185185,5.329999999999999,-24.82
1525,521980,GO,35,0.5357242338559585,51.42857142857142,4.7925,-24.701616161616165
1526,310750,MG,28,0.5356304403809612,64.28571428571429,5.105,-25.596103896103894
1527,355040,SP,59,0.5355971738365779,62.71186440677966,5.464,-21.840000000000003
1528,351200,SP,37,0.5351480275854761,56.75675675675676,5.29125,-22.11
1529,354995,SP,29,0.5348793770545446,55.172413793103445,5.27,-21.6
1530,510770,MT,50,0.5348557727921937,44.0,4.807777777777778,-25.07383561643836
1531,351490,SP,50,0.5348514401907487,57.99999999999999,5.4425,-23.72
1532,350940,SP,35,0.5348381644185988,57.14285714285714,5.220000000000001,-25.009999999999998
1533,150670,PA,227,0.5347819810058075,58.590308370044056,4.5093749999999995,-23.4178125
1534,420480,SC,176,0.5347809980735808,57.38636363636363,5.340833333333332,-23.841575622445188
1535,420070,SC,56,0.534772151258079,64.28571428571429,5.486666666666666,
1536,432150,RS,186,0.5347680464742984,55.376344086021504,5.4992857142857146,-23.223310423825893
1537,420990,SC,66,0.534713637417946,59.09090909090909,5.558,-25.417122507122507
1538,352090,SP,27,0.5346779427562596,62.96296296296296,5.175,-25.04
1539,171650,TO,96,0.5346389560342858,58.333333333333336,4.819999999999999,-24.843142144638403
1540,412260,PR,47,0.534611499073521,48.93617021276596,5.2,-24.83831632653061
1541,311090,MG,56,0.5345922907963991,53.57142857142857,5.0075,-26.39753246753247
1542,352220,SP,358,0.5345218155194352,55.3072625698324,5.228852459016394,-22.373333333333335
1543,210408,MA,29,0.5344848854949242,48.275862068965516,4.113333333333332,-24.96964028776978
1544,120040,AC,883,0.5343960760123324,53.907134767836915,4.768936170212765,
1545,150013,PA,39,0.5343589626595069,69.23076923076923,4.432499999999999,-22.62877659574468
1546,220253,PI,31,0.534231929649937,64.51612903225806,3.968,-26.939811320754718
1547,330430,RJ,244,0.5342078277363231,61.065573770491795,4.824642857142858,-23.37754512635379
1548,500090,MS,52,0.5341594871412547,55.769230769230774,5.12,-24.82301075268817
1549,130290,AM,221,0.5341087083230694,61.990950226244344,3.8873333333333333,-23.029285714285717
1550,150613,PA,472,0.534080191349795,58.686440677966104,4.658214285714285,-23.41826855123675
1551,330120,RJ,58,0.533937380118126,70.6896551724138,4.96,-24.423859649122804
1552,150080,PA,1703,0.533903531667843,56.077510275983556,4.5197183098591545,-24.268966789667896
1553,291230,BA,38,0.5336637623504782,60.526315789473685,4.32625,-24.569158878504673
1554,313925,MG,25,0.5334978929088142,56.00000000000001,4.73,-25.605528455284556
1555,261620,PE,93,0.5333515042252769,62.365591397849464,4.352857142857143,-24.160443864229766
1556,280670,SE,302,0.5332836175828657,57.94701986754966,4.5779411764705875,-32.03785587975243
1557,421480,SC,180,0.5331013729675322,55.00000000000001,5.5905555555555555,
1558,351130,SP,22,0.5330445610959165,59.09090909090909,5.605,-24.270000000000003
1559,251150,PB,42,0.5330111917269313,61.904761904761905,4.347142857142857,-25.67103448275862
1560,351410,SP,45,0.5330043983927494,57.77777777777777,5.244285714285714,-22.590000000000003
1561,260410,PE,1291,0.5329359976725194,56.31293570875291,4.615443037974683,-23.40530787217459
1562,510300,MT,94,0.5328745028362691,59.57446808510638,4.91,-21.88290258449304
1563,330575,RJ,160,0.5327051477571515,56.875,4.848571428571429,-25.004478764478765
1564,351840,SP,173,0.5326740305055067,51.445086705202314,5.307142857142858,-24.17
1565,352430,SP,94,0.532476820855465,62.76595744680851,5.280588235294118,-22.060000000000002
1566,270780,AL,45,0.5324579680093247,51.11111111111111,4.5649999999999995,-24.66626213592233
1567,354630,SP,66,0.5322925957180944,57.57575757575758,5.223333333333333,-20.310000000000002
1568,211280,MA,201,0.5320097275914494,51.741293532338304,4.287857142857142,-24.177627772420443
1569,330093,RJ,66,0.5319287295698893,50.0,5.05375,-24.986122448979593
1570,210660,MA,117,0.5317777112565538,47.008547008547005,4.028148148148149,-25.89222222222222
1571,313730,MG,20,0.5317465023022188,55.00000000000001,4.645,-27.43027027027027
1572,350670,SP,35,0.5316639007436513,54.285714285714285,5.2299999999999995,-24.659999999999997
1573,150304,PA,97,0.5314645279985775,60.824742268041234,4.423,-22.8810460251046
1574,261400,PE,100,0.531283524594409,60.0,4.136666666666667,-23.661307189542484
1575,292680,BA,40,0.5311524838079983,47.5,4.614285714285714,-26.564262295081967
1576,315160,MG,61,0.5310218734614909,50.81967213114754,4.925,-24.653112582781457
1577,430280,RS,106,0.5310141660440828,59.43396226415094,5.288,-23.144707505518767
1578,261600,PE,55,0.5309894638467542,41.81818181818181,4.00111111111111,-24.127051792828688
1579,432067,RS,23,0.5307540230074836,69.56521739130434,4.992,-26.15263157894737
1580,351310,SP,64,0.5305036328137226,54.6875,5.458749999999999,-21.0
1581,430510,RS,1492,0.5301304757685721,56.233243967828415,5.494354838709677,-24.552951145698223
1582,211000,MA,296,0.5301214875250263,58.108108108108105,4.2475,-23.494803921568625
1583,211290,MA,93,0.5301148627166096,52.68817204301075,4.260000000000001,-25.155945378151262
1584,170320,TO,26,0.5301145308829767,53.84615384615385,4.626,-23.78716981132076
1585,150619,PA,149,0.5297001193976563,58.38926174496645,4.415624999999999,-23.54728212703102
1586,500800,MS,106,0.5296858270077903,53.77358490566038,5.104444444444444,-26.858178016726402
1587,260790,PE,1951,0.529517034685253,55.45873910814967,4.549503105590062,-23.859651429764142
1588,171670,TO,25,0.5294132641522549,52.0,4.942,-26.30890510948905
1589,330610,RJ,274,0.529392339227141,61.31386861313869,5.027741935483873,-22.86835030549898
1590,311050,MG,100,0.5292582027863986,53.0,5.177142857142856,-23.202133333333332
1591,317010,MG,1266,0.5292495289908486,56.24012638230648,5.227941176470587,-23.058921340856294
1592,220277,PI,25,0.5292061873848268,52.0,4.286,-26.869716312056738
1593,430650,RS,36,0.5291236486238444,69.44444444444444,4.848333333333334,-17.68549731182796
1594,431162,RS,28,0.5290368457473049,46.42857142857143,5.402,-24.806799116997794
1595,310470,MG,43,0.5289879865859567,60.46511627906976,4.492,-32.33594632768361
1596,330520,RJ,438,0.5289581619659334,51.82648401826484,4.89948717948718,-24.030434782608694
1597,430040,RS,226,0.528829322977928,54.86725663716814,5.188125000000001,
1598,353080,SP,142,0.5286289307212387,58.45070422535211,5.456206896551724,-22.299999999999997
1599,330130,RJ,207,0.5284784217493284,57.971014492753625,5.032,-23.408220918866082
1600,351670,SP,62,0.5284698218528213,61.29032258064516,5.2825,-22.729999999999997
1601,350750,SP,207,0.528448500705957,58.454106280193244,5.362820512820512,-22.909999999999997
1602,352460,SP,30,0.5284339731819055,60.0,4.92,-25.200000000000003
1603,211240,MA,83,0.5282431606778596,57.831325301204814,4.025217391304347,-23.523727272727275
1604,352730,SP,131,0.5280468045094419,56.48854961832062,5.354999999999999,-21.75
1605,500220,MS,154,0.5280465111536059,52.5974025974026,5.089999999999999,-23.876572890025578
1606,160015,AP,74,0.5279201303340345,48.64864864864865,4.396666666666666,-24.947569060773482
1607,220208,PI,67,0.5273640234012117,53.73134328358209,4.174,-24.417602996254683
1608,250130,PB,89,0.5271012660199507,55.0561797752809,3.8711764705882348,-22.765662921348316
1609,290420,BA,31,0.5270564529382946,58.06451612903226,4.498,-23.952158273381297
1610,421250,SC,192,0.5269836781477124,61.979166666666664,5.512307692307692,
1611,270135,AL,38,0.5268395148001037,63.1578947368421,4.443333333333333,-26.92011695906433
1612,313560,MG,25,0.5268165244837825,64.0,4.586666666666666,-22.295633802816905
1613,421895,SC,22,0.5267924162241748,68.18181818181817,5.390000000000001,-24.32120481927711
1614,412625,PR,591,0.5267304966598183,57.360406091370564,5.2472,-22.727036787040166
1615,354860,SP,20,0.526667128712593,65.0,5.506,-22.11
1616,311730,MG,133,0.5266344813001981,54.88721804511278,4.9799999999999995,-22.995224358974358
1617,251680,PB,27,0.5265039279391442,55.55555555555556,4.225,-23.596015625
1618,351360,SP,29,0.5264060729764392,58.620689655172406,4.925714285714285,-21.909999999999997
1619,351050,SP,298,0.526376288225695,61.07382550335571,5.2506818181818184,-21.810000000000002
1620,355220,SP,1268,0.5263096366568224,54.495268138801265,5.459492753623192,-21.72
1621,430700,RS,383,0.5262804072185413,57.180156657963444,5.475185185185185,-23.66116024973985
1622,431060,RS,117,0.526275523550098,52.13675213675214,5.074117647058823,
1623,251597,PB,22,0.5262091432220515,59.09090909090909,4.494285714285715,-25.90931818181818
1624,313210,MG,68,0.5261419954967488,69.11764705882352,4.387142857142857,-29.191917404129796
1625,420820,SC,969,0.5260459616255551,57.585139318885446,5.400892857142856,
1626,431395,RS,44,0.5259071192497334,40.909090909090914,5.121666666666667,-20.646666666666672
1627,311370,MG,78,0.5257694757702288,62.82051282051282,4.568181818181818,-23.80272727272727
1628,251700,PB,50,0.5257654992071872,52.0,4.351666666666667,-21.348437500000003
1629,220760,PI,44,0.52572250662002,56.81818181818182,4.285714285714285,-22.27744769874477
1630,260450,PE,107,0.5256650997946913,50.467289719626166,4.3950000000000005,-23.191631878557878
1631,150563,PA,63,0.525630744074191,61.904761904761905,4.4037500000000005,-22.293608247422682
1632,250939,PB,35,0.5254118396982888,60.0,4.293333333333333,-24.359529411764704
1633,311330,MG,96,0.5252881775213152,62.5,4.895,-26.963333333333335
1634,172100,TO,1193,0.5251796431980608,59.01089689857501,5.06050847457627,-22.174581806064648
1635,270160,AL,68,0.5249834406947246,51.470588235294116,3.9285714285714284,-25.885259067357513
1636,251550,PB,47,0.5245671135631075,61.702127659574465,4.376666666666666,-23.88045045045045
1637,220680,PI,61,0.5242847948256742,59.01639344262295,3.753,-26.02513888888889
1638,330530,RJ,35,0.5242382577933788,54.285714285714285,5.201666666666666,-22.42725925925926
1639,330280,RJ,48,0.5240239743587153,60.416666666666664,4.93,-22.323829113924052
1640,500410,MS,76,0.5238168145620083,60.526315789473685,5.04,-24.36754777070064
1641,251080,PB,313,0.5236888785258443,55.27156549520767,4.49076923076923,-24.344919614147912
1642,171620,TO,49,0.5235381928286122,65.3061224489796,4.542222222222222,-25.1584
1643,260345,PE,496,0.5232764069208641,62.096774193548384,4.590750000000001,-21.87622781675609
1644,510600,MT,27,0.523257224829331,70.37037037037037,4.986666666666667,-23.95730496453901
1645,211163,MA,22,0.5226184727317038,50.0,4.2299999999999995,-24.18505376344086
1646,354340,SP,985,0.5225760167299711,55.73604060913706,5.289504950495047,-24.513333333333335
1647,412050,PR,31,0.5225442592590481,48.38709677419355,5.05,-22.74475609756098
1648,421225,SC,57,0.522449765649837,59.64912280701754,5.416666666666667,
1649,260020,PE,68,0.5222186871666743,57.35294117647059,4.267499999999999,-23.025578947368423
1650,355030,SP,19045,0.522109482410389,56.6132843265949,5.142790697674418,-24.32666666666666
1651,510320,MT,174,0.5213772370303262,60.91954022988506,5.175999999999999,-23.723639705882356
1652,210945,MA,177,0.5212904082703544,55.932203389830505,4.3735294117647046,-22.053107142857144
1653,430400,RS,20,0.5211012480318193,75.0,5.1466666666666665,-23.493333333333336
1654,420205,SC,49,0.5209709456795462,57.14285714285714,5.45,-23.88424836601307
1655,510125,MT,76,0.5208557143541114,64.47368421052632,5.095,-25.718387096774194
1656,293325,BA,20,0.5207770074768995,65.0,4.6,-26.651196581196576
1657,410010,PR,33,0.5207371414931753,63.63636363636363,5.056666666666667,-23.11128205128205
1658,314110,MG,178,0.5205820268214308,52.80898876404494,5.101666666666667,-23.622636054421772
1659,220600,PI,27,0.5205256830347958,48.148148148148145,4.535,-30.184029850746267
1660,420350,SC,49,0.5204721633255556,67.3469387755102,5.376,-25.363739837398374
1661,431950,RS,103,0.5202801731211074,65.0485436893204,5.525,-19.22907216494845
1662,313270,MG,87,0.5201279240359655,49.42528735632184,4.514545454545455,-24.6290749235474
1663,210405,MA,171,0.5200370505974897,53.216374269005854,4.575454545454545,-22.602323439099283
1664,431306,RS,85,0.5197866302812504,56.470588235294116,5.25,-20.052279942279945
1665,317180,MG,52,0.5196216161522295,59.61538461538461,4.911666666666666,-25.501284046692604
1666,411290,PR,22,0.5195991601510074,40.909090909090914,5.03,-23.901555555555554
1667,314675,MG,22,0.5192544735470451,45.45454545454545,4.3,-16.132396694214883
1668,291995,BA,20,0.5192327589652816,50.0,4.545,-23.853457943925235
1669,261540,PE,243,0.5191619825912854,54.73251028806584,4.321875,-22.888515123739687
1670,150430,PA,74,0.5188342942535297,50.0,4.047391304347825,-22.47770833333334
1671,430105,RS,46,0.5188312168472468,52.17391304347826,5.453333333333334,-22.79381294964029
1672,352640,SP,47,0.518423531516824,61.702127659574465,5.249000000000001,-20.630000000000003
1673,292520,BA,127,0.5183306859225957,51.96850393700787,4.522666666666666,-23.79127483443709
1674,261260,PE,171,0.5182487842345855,50.29239766081871,4.259354838709678,-24.455344036697245
1675,353340,SP,94,0.5181212865238116,55.319148936170215,5.5415789473684205,-22.04
1676,210960,MA,165,0.5180526242982935,56.96969696969697,4.099722222222223,-22.91378698224852
1677,431670,RS,40,0.5178979134439878,52.5,5.7025,-18.807555555555552
1678,120001,AC,29,0.5178943748912733,62.06896551724138,4.685555555555555,
1679,510267,MT,245,0.517822044037131,60.816326530612244,5.16,-26.75057959611854
1680,210650,MA,71,0.5175125776467523,67.6056338028169,4.114705882352941,-24.259667519181583
1681,350925,SP,79,0.5174241759408864,54.43037974683544,5.0442857142857145,-22.479999999999997
1682,261255,PE,47,0.5173238545372876,63.829787234042556,4.224444444444445,-23.2475
1683,330095,RJ,38,0.5170889666545067,60.526315789473685,4.925,-21.369661835748794
1684,251340,PB,66,0.5170569477352808,63.63636363636363,4.558000000000001,-21.525895895895893
1685,352550,SP,27,0.5170502766317474,55.55555555555556,5.2975,-22.700000000000003
1686,354400,SP,58,0.5170291285216753,51.724137931034484,5.410833333333334,-21.5
1687,311615,MG,86,0.5170056617987446,62.7906976744186,4.355555555555556,-21.394812880765883
1688,431800,RS,229,0.5169483638984637,59.388646288209614,5.180384615384616,-23.410693430656934
1689,520545,GO,45,0.516857428044013,44.44444444444444,5.125,-25.350420560747665
1690,420010,SC,87,0.5164782975364997,59.77011494252874,5.119000000000001,-27.41799725651578
1691,250830,PB,115,0.5164568668694342,59.130434782608695,4.457272727272727,-22.714
1692,210760,MA,48,0.5162952591389424,62.5,4.167857142857143,-23.978619246861925
1693,353860,SP,48,0.5162207273247282,56.25,5.319230769230768,-22.54
1694,431112,RS,21,0.5161458307611415,66.66666666666666,5.295,-21.84927392739274
1695,250510,PB,70,0.5160557730725978,51.42857142857142,4.535454545454546,-24.153869047619047
1696,316555,MG,38,0.5157744699282281,52.63157894736842,4.188,-24.42157446808511
1697,220556,PI,30,0.5157726024267413,46.666666666666664,4.470000000000001,-22.439999999999998
1698,210547,MA,45,0.5156486037268494,42.22222222222222,4.372857142857143,-23.36870646766169
1699,500200,MS,83,0.5154913009674453,57.831325301204814,5.13,-23.294743935309974
1700,520549,GO,494,0.5153651823306471,57.08502024291497,5.042941176470587,-23.512229402261713
1701,430470,RS,199,0.5151067054463353,61.30653266331658,5.408461538461537,-22.32601731601732
1702,210235,MA,73,0.5149348077031966,54.794520547945204,4.421,-21.860000000000003
1703,313570,MG,22,0.5146459019397726,68.18181818181817,4.65,-20.737981651376153
1704,260160,PE,65,0.514596221435669,53.84615384615385,4.343333333333333,-22.962307692307697
1705,351280,SP,102,0.5142437380774193,57.84313725490197,5.394666666666667,-20.39
1706,170700,TO,113,0.5139940761010213,48.67256637168141,4.833636363636364,-23.73711111111111
1707,130100,AM,129,0.5139115096971437,58.91472868217055,4.073684210526316,-19.117919621749408
1708,430780,RS,113,0.5138916701082753,58.4070796460177,5.476923076923077,-22.069083619702177
1709,170765,TO,33,0.5138469353497971,57.57575757575758,4.803333333333334,-22.517333333333333
1710,315460,MG,1344,0.5138109570774427,58.55654761904761,5.074683544303799,-22.147157780088126
1711,510760,MT,1193,0.5136198604799169,56.91533948030176,5.18230769230769,-23.425772113943026
1712,250890,PB,190,0.5135668403796021,53.68421052631579,4.316800000000001,-22.49289416846652
1713,350790,SP,40,0.5135571396013205,52.5,5.3025,-23.990000000000002
1714,430610,RS,237,0.5134905915271654,55.69620253164557,5.285000000000001,-22.944124245038825
1715,330270,RJ,668,0.5134720791064457,60.778443113772454,5.123846153846153,-21.550399329796146
1716,261410,PE,93,0.5134395233188365,60.215053763440864,4.382777777777778,-22.1632582322357
1717,355500,SP,103,0.5132723638052754,51.45631067961165,5.415294117647058,-24.076666666666668
1718,352310,SP,965,0.5131664047314453,56.37305699481865,5.14827160493827,-20.240000000000002
1719,350220,SP,47,0.5129869960059446,59.57446808510638,5.28875,-20.29
1720,500580,MS,91,0.5129828144586188,56.043956043956044,4.8100000000000005,-22.985250596658716
1721,421105,SC,39,0.5126704207904716,58.97435897435898,5.28,-21.738403361344538
1722,240330,RN,26,0.5125307415512592,65.38461538461539,4.569999999999999,-21.60389380530974
1723,310100,MG,48,0.5123369609276497,54.166666666666664,4.67625,-21.056265560165976
1724,510268,MT,79,0.5123172494706424,63.29113924050633,5.216666666666667,-23.274138972809666
1725,210290,MA,124,0.5122373399162614,55.64516129032258,4.124374999999999,-21.921633281972266
1726,260840,PE,69,0.5121200757109023,53.62318840579711,4.2459999999999996,-22.867062706270627
1727,330395,RJ,117,0.5120785621600777,50.427350427350426,5.1081818181818175,-22.799113043478258
1728,352230,SP,329,0.5120256869189624,48.328267477203646,5.260357142857145,-17.95333333333334
1729,270250,AL,31,0.511529758597813,58.06451612903226,3.986666666666667,-24.317
1730,260750,PE,85,0.5113679495034793,55.294117647058826,4.398888888888889,-20.91275167785235
1731,260050,PE,197,0.5110848795010775,56.852791878172596,4.124444444444444,-21.403180851063826
1732,430620,RS,33,0.5108253135129217,48.484848484848484,5.3914285714285715,-24.038993710691827
1733,211020,MA,152,0.5107228346028634,53.94736842105263,4.195517241379311,-21.87648379052369
1734,260530,PE,135,0.5106747423717888,52.59259259259259,4.319375000000001,-24.084246575342465
1735,520215,GO,36,0.5106623768473247,58.333333333333336,4.922,-20.887682119205294
1736,431180,RS,165,0.5106179142041073,61.212121212121204,5.4345454545454555,-21.972494172494173
1737,353560,SP,42,0.5105322966152821,54.761904761904766,5.095000000000001,-21.439999999999998
1738,130180,AM,83,0.5104843248048656,55.42168674698795,3.708181818181818,
1739,250080,PB,41,0.5103986860478452,53.65853658536586,4.240000000000001,-23.272608695652174
1740,350550,SP,235,0.5102235186583258,62.12765957446808,5.264242424242425,-21.58
1741,251280,PB,28,0.509896926266784,60.71428571428571,4.282500000000001,-22.178455284552847
1742,220045,PI,31,0.5098514994162924,61.29032258064516,4.4175,-24.02139534883721
1743,150220,PA,287,0.5098489751778088,62.7177700348432,4.215833333333335,-24.340331439393935
1744,171330,TO,62,0.5095944555886773,50.0,4.7250000000000005,-22.753673469387756
1745,330205,RJ,42,0.5092881903100837,66.66666666666666,5.03,-22.120714285714286
1746,430535,RS,140,0.5092581089184708,59.285714285714285,5.492857142857143,-21.27967627718766
1747,150790,PA,157,0.5089219346840472,56.68789808917197,4.234166666666667,-22.18423728813559
1748,110013,RO,178,0.5087752341982879,61.79775280898876,4.696666666666666,-22.14032258064516
1749,420140,SC,236,0.5085747709773889,61.440677966101696,5.422857142857142,
1750,500240,MS,136,0.5082876992245005,58.82352941176471,5.037,-22.103535844471445
1751,420280,SC,161,0.5082751193875716,63.975155279503106,5.558,-23.19842751842752
1752,510794,MT,77,0.5082704677143504,55.84415584415584,4.96,-23.19659217877095
1753,330310,RJ,61,0.5082581046398726,67.21311475409836,4.816000000000001,-21.260251046025108
1754,520180,GO,70,0.508214692651377,65.71428571428571,4.935,-21.152028985507247
1755,410425,PR,129,0.5081683009015313,51.162790697674424,5.263571428571429,-21.13015037593985
1756,355330,SP,33,0.5081463923646031,57.57575757575758,5.1425,-20.259999999999998
1757,170610,TO,22,0.5081280685378254,50.0,4.913333333333333,-23.753405797101447
1758,421280,SC,129,0.5079862181421743,58.91472868217055,5.507142857142856,-22.45150344827586
1759,292450,BA,54,0.5079668611961364,51.85185185185185,4.494,-23.606268656716413
1760,421660,SC,836,0.5079553300510533,60.28708133971292,5.368222222222222,
1761,353460,SP,52,0.5078708662925353,57.692307692307686,5.435,-20.770000000000003
1762,510190,MT,119,0.5077146419417733,56.30252100840336,4.968571428571428,-20.71489108910891
1763,310350,MG,401,0.5073545119348777,60.099750623441395,5.140322580645162,-22.445438345266506
1764,210540,MA,317,0.5070567783605664,59.305993690851736,4.05659090909091,-23.038541392904072
1765,312235,MG,43,0.5069908811174701,51.162790697674424,4.72,-23.248800000000003
1766,411510,PR,43,0.5068410055168053,58.139534883720934,5.1025,-21.829212598425197
1767,500230,MS,78,0.5068109553476321,58.97435897435898,5.11,-23.657853107344636
1768,420420,SC,1137,0.5066927820242444,58.487247141600704,5.387636363636364,-22.340743361761323
1769,261500,PE,103,0.5065706412301427,57.28155339805825,4.414,-20.354589843750002
1770,431990,RS,312,0.5062912556878131,55.769230769230774,5.347826086956522,-23.29137066024483
1771,411470,PR,20,0.5060990592879271,65.0,5.18,-22.355042735042733
1772,210070,MA,63,0.5054768796156396,47.61904761904761,3.9964285714285706,-20.853138461538464
1773,250840,PB,21,0.505297347605332,57.14285714285714,4.225,-30.23467741935484
1774,241210,RN,24,0.5052373562750682,58.333333333333336,4.556666666666667,-25.262439024390247
1775,313860,MG,59,0.5050387078836197,59.32203389830508,4.7628571428571425,-22.672116788321162
1776,314200,MG,51,0.5046878815734006,52.94117647058824,4.416666666666666,-17.561056910569107
1777,150503,PA,177,0.5044087829519965,67.79661016949152,4.693333333333334,-20.90757313109426
1778,220997,PI,50,0.5043861285549198,50.0,4.008,-21.4734
1779,421350,SC,118,0.5043776680801882,61.016949152542374,5.464444444444444,
1780,221050,PI,77,0.5042754076421351,57.14285714285714,4.159999999999999,-21.828233766233765
1781,310930,MG,132,0.5042583173374552,57.57575757575758,4.692500000000001,-22.454459234608983
1782,170555,TO,26,0.504185693266619,46.15384615384615,4.6825,-21.182499999999997
1783,290450,BA,21,0.5040352219043219,42.857142857142854,4.461428571428571,
1784,311783,MG,20,0.5039830607209346,60.0,4.29,
1785,130150,AM,82,0.5036023774523802,62.19512195121951,3.9037499999999996,
1786,430905,RS,28,0.5035747178980722,50.0,5.525,-26.874114285714285
1787,312920,MG,26,0.503542322014841,69.23076923076923,5.175,-21.5790625
1788,150410,PA,22,0.5034677640894428,59.09090909090909,4.173333333333334,-22.86586206896552
1789,314870,MG,87,0.5034616434280716,56.32183908045977,4.5737499999999995,-21.30876310272537
1790,292470,BA,27,0.5032316782222482,51.85185185185185,4.659999999999999,-20.33826388888889
1791,510520,MT,66,0.5029454952404584,57.57575757575758,5.073999999999999,-21.184689655172413
1792,250370,PB,220,0.502838272604631,51.81818181818182,4.5293333333333345,-18.351397745571656
1793,280300,SE,173,0.5027670852370381,55.49132947976878,4.01,-21.162304526748972
1794,313600,MG,53,0.502741024247683,54.71698113207547,4.23625,-20.164900497512438
1795,354730,SP,329,0.5025690528203905,57.446808510638306,5.369999999999999,
1796,351060,SP,788,0.5024136161851068,59.77157360406091,5.184918032786885,-25.339999999999996
1797,510490,MT,47,0.5022951514970424,59.57446808510638,4.413333333333334,-23.223541666666662
1798,313580,MG,75,0.5020093212484315,56.00000000000001,4.378181818181818,-17.530138504155126
1799,220120,PI,232,0.5019406139743928,57.758620689655174,3.9185000000000003,-22.217667514843086
1800,500625,MS,39,0.5017071882354325,51.28205128205128,5.23,-18.523505747126443
1801,250970,PB,130,0.5012699611662245,57.692307692307686,4.438000000000001,-22.236165413533833
1802,412410,PR,236,0.5012301616830107,55.08474576271186,5.10157894736842,-22.15986206896552
1803,312690,MG,35,0.5008374491118336,54.285714285714285,4.994999999999999,-20.795084745762715
1804,430940,RS,50,0.5007334515469517,52.0,5.673333333333333,
1805,330010,RJ,759,0.5002487738884656,61.133069828722,4.954,-21.12271337225466
1806,410280,PR,63,0.5001563358942169,60.317460317460316,5.205,-21.94956923076923
1807,330050,RJ,110,0.500142320143566,70.0,4.9921428571428565,-22.284466403162057
1808,421340,SC,53,0.499814056467559,52.83018867924528,5.175000000000001,-20.648101545253866
1809,211120,MA,795,0.49963486024216786,59.496855345911946,4.495263157894738,-20.51915880703543
1810,313110,MG,29,0.49931748922806957,62.06896551724138,4.6049999999999995,-18.43592592592593
1811,160070,AP,107,0.4992151726597587,60.747663551401864,4.21235294117647,-29.95541117388575
1812,330240,RJ,1155,0.4991143914754214,60.6926406926407,5.057272727272727,-20.333424560156388
1813,317100,MG,68,0.49900724379399586,55.88235294117647,5.3,-23.175348189415047
1814,353130,SP,54,0.4990032444288942,55.55555555555556,5.317692307692308,-21.0
1815,510305,MT,55,0.49891301885743133,52.72727272727272,5.007499999999999,-27.811513157894737
1816,420600,SC,56,0.49890808358491234,57.14285714285714,5.662222222222222,
1817,220570,PI,146,0.4988538892997773,65.06849315068493,4.102083333333334,-22.538008658008657
1818,521400,GO,79,0.49875051872461124,53.16455696202531,5.0875,-21.503407572383075
1819,172049,TO,23,0.4987124344886876,56.52173913043478,4.705,-22.199901960784317
1820,220585,PI,43,0.49864548329246394,48.837209302325576,4.119999999999999,-21.12848484848485
1821,330180,RJ,31,0.49857517780430566,61.29032258064516,5.015000000000001,-20.063529411764705
1822,210030,MA,110,0.49843808489228697,61.81818181818181,4.01375,-21.633652694610774
1823,130165,AM,57,0.4984156406635258,56.14035087719298,4.14875,-21.495752212389384
1824,311455,MG,40,0.49799786294737525,55.00000000000001,5.201666666666666,-21.281747572815533
1825,251290,PB,85,0.4977858228025172,52.94117647058824,4.336111111111111,-26.485333333333337
1826,315053,MG,25,0.49772017876586866,68.0,4.92,-26.128717948717945
1827,420455,SC,77,0.4976011916565266,58.44155844155844,5.43,-20.886327683615818
1828,250070,PB,40,0.49741100273381206,40.0,4.4375,-23.546859504132232
1829,261320,PE,83,0.4972762239772606,57.831325301204814,4.33375,-21.900579710144928
1830,500840,MS,35,0.49713302203621157,51.42857142857142,5.012,-22.726592592592596
1831,431245,RS,20,0.49685723647540253,55.00000000000001,5.406666666666667,-20.27261437908497
1832,353300,SP,33,0.49667991257005045,72.72727272727273,5.205,-20.060000000000002
1833,250880,PB,30,0.4962486000337949,63.33333333333333,4.346666666666667,-20.304661654135334
1834,310690,MG,42,0.496224532905532,47.61904761904761,5.072,-21.22940298507463
1835,260600,PE,567,0.49615611399972787,58.730158730158735,4.6847916666666665,-19.808355776045357
1836,430690,RS,95,0.4961477601025439,62.10526315789474,5.1525,-20.69555075593952
1837,510805,MT,68,0.4957752252960981,64.70588235294117,5.14375,-20.073655589123867
1838,420200,SC,192,0.49572089086159127,63.541666666666664,5.441000000000001,
1839,260140,PE,159,0.49568099049533937,55.9748427672956,4.307619047619047,-22.513609813084113
1840,510130,MT,54,0.4956090462751572,70.37037037037037,5.086,-21.15586206896552
1841,431130,RS,84,0.4955590962528267,69.04761904761905,5.371764705882352,-21.104622222222222
1842,210830,MA,155,0.4952767270765868,63.2258064516129,4.118571428571428,-19.984135977337107
1843,432250,RS,293,0.4951652016822517,58.02047781569966,5.436521739130435,-22.265615435795084
1844,530010,DF,4381,0.4950717445860342,59.50696188084912,5.325483870967748,
1845,330400,RJ,106,0.49505205890418685,62.264150943396224,5.075384615384616,-20.304146825396828
1846,420460,SC,819,0.49501069735676234,58.60805860805861,5.454029850746269,-20.313986486486485
1847,500620,MS,279,0.49489248233725114,61.29032258064516,5.184,-25.12838376383764
1848,150550,PA,576,0.49484423275007017,60.24305555555556,4.517941176470588,-20.40808209727492
1849,261300,PE,256,0.49478522086913185,62.890625,4.374090909090909,-20.4258615004122
1850,420395,SC,106,0.4945720794081191,61.32075471698113,5.571111111111112,
1851,210905,MA,29,0.49422212021757145,51.724137931034484,4.1812499999999995,-20.83418604651163
1852,211260,MA,122,0.4941343084639373,57.377049180327866,3.903,-21.576822916666664
1853,500660,MS,724,0.49403676079679787,61.187845303867405,5.079629629629631,-26.341083428789617
1854,315600,MG,37,0.49385470405325665,59.45945945945946,4.135714285714285,-17.262877959927142
1855,150100,PA,44,0.49384807836055933,65.9090909090909,4.127999999999999,-19.642561983471076
1856,110020,RO,2316,0.49382771590068353,59.49913644214162,4.912746478873237,-20.091754044161057
1857,420435,SC,28,0.49352819954099314,53.57142857142857,5.5,
1858,350990,SP,29,0.49349063391372494,68.96551724137932,4.856249999999999,-20.28
1859,315935,MG,20,0.4934889442692705,50.0,4.9399999999999995,-19.526470588235295
1860,510185,MT,39,0.4934838025796972,43.58974358974359,5.286666666666666,-24.112076271186446
1861,510626,MT,51,0.49335169502682846,74.50980392156863,4.973333333333334,-19.70152466367713
1862,421770,SC,124,0.49296574761658485,59.67741935483871,5.412142857142857,-19.965428024868483
1863,317020,MG,2488,0.4928795746406558,58.159163987138264,5.330578512396693,-20.598035961272473
1864,421110,SC,47,0.4927795487076437,59.57446808510638,5.248333333333333,
1865,430710,RS,20,0.4926551446958284,30.0,4.8975,-17.55666666666667
1866,510336,MT,28,0.4925210545235687,64.28571428571429,4.98,-23.520462962962966
1867,411730,PR,118,0.492331434168878,57.6271186440678,4.872777777777777,-17.788424356559958
1868,313360,MG,58,0.4922844715509773,67.24137931034483,5.3375,-20.76862275449102
1869,431680,RS,447,0.4918432084546484,63.31096196868009,5.408157894736841,-19.735628117913834
1870,430003,RS,21,0.4916959993794404,76.19047619047619,5.2575,-18.870879120879117
1871,500769,MS,186,0.491631556751787,54.83870967741935,5.22,-19.984993098688747
1872,314430,MG,132,0.49147329016976266,63.63636363636363,4.780714285714285,-20.521471734892785
1873,410510,PR,46,0.49145996171878964,60.86956521739131,5.082000000000001,-16.484257425742573
1874,150360,PA,771,0.4913713363174902,57.45784695201037,4.6099999999999985,-19.85738465594516
1875,270760,AL,73,0.4912224404546843,61.64383561643836,3.8160000000000003,-20.92693548387097
1876,312870,MG,205,0.49109391222214216,61.951219512195124,5.014999999999999,-19.795121412803528
1877,510337,MT,72,0.4910723398856213,66.66666666666666,4.8533333333333335,-19.646375404530744
1878,312370,MG,39,0.49103408719682945,58.97435897435898,4.8925,-19.456988636363636
1879,420425,SC,55,0.4910038548018976,69.0909090909091,5.6850000000000005,
1880,420870,SC,46,0.4909472548664084,52.17391304347826,5.408333333333333,-20.283022875816993
1881,311340,MG,327,0.49078464268369065,59.63302752293578,4.876818181818182,-21.534295302013422
1882,210735,MA,65,0.49073702889783116,58.46153846153847,4.136666666666667,-20.191974522293
1883,420530,SC,60,0.49070962997230066,61.66666666666667,5.522857142857142,-20.80408759124088
1884,150145,PA,83,0.49062540080987177,54.21686746987952,4.237499999999999,-20.759
1885,261100,PE,155,0.49049880186836364,49.67741935483871,4.556956521739131,-20.99731234866828
1886,310280,MG,39,0.4904592753801144,76.92307692307693,5.077500000000001,
1887,431460,RS,54,0.4904312624238954,66.66666666666666,5.175833333333333,-19.030645161290327
1888,412340,PR,44,0.490302781303439,63.63636363636363,,-18.293083003952574
1889,260310,PE,71,0.4902164003530109,56.33802816901409,4.3862499999999995,-20.183164556962026
1890,313665,MG,153,0.49014197666304676,61.43790849673203,5.109999999999999,-22.018457223001402
1891,510370,MT,60,0.48965194061825196,70.0,4.935,-21.424892307692303
1892,411915,PR,536,0.48959708267911417,60.820895522388064,5.488333333333333,-19.925741789354472
1893,130270,AM,200,0.4894477246093597,52.0,4.013529411764706,-19.88762452107279
1894,221065,PI,22,0.48924301508096624,54.54545454545454,4.222857142857142,-20.513565217391307
1895,420545,SC,173,0.48923791505582365,57.80346820809249,5.38,-20.13890656874745
1896,522185,GO,868,0.48918318743010847,61.75115207373272,5.096999999999999,-19.52735505510302
1897,500450,MS,100,0.48914265369714266,65.0,5.15125,-22.072634730538923
1898,432210,RS,23,0.48901699961792816,73.91304347826086,5.425,
1899,431580,RS,38,0.4889809583030374,55.26315789473685,5.323333333333333,-20.0729012345679
1900,220450,PI,36,0.48895168555382895,69.44444444444444,4.57,-20.83910204081632
1901,420670,SC,94,0.4884750315339444,57.446808510638306,5.321111111111112,-17.479026217228466
1902,260630,PE,50,0.48812966647022227,57.99999999999999,4.296666666666667,-20.13952380952381
1903,310240,MG,26,0.4880914163678272,50.0,4.3933333333333335,-26.013333333333335
1904,431337,RS,122,0.48807042393324557,65.57377049180327,5.359999999999999,-18.833799999999997
1905,250800,PB,39,0.48793303821149603,58.97435897435898,4.325,-21.849263157894733
1906,410725,PR,47,0.48775356518387936,59.57446808510638,5.53,-20.327397260273976
1907,351510,SP,151,0.48752816144236283,54.966887417218544,5.194999999999999,-23.806666666666665
1908,510452,MT,63,0.4873148545090915,61.904761904761905,5.234999999999999,-19.309129032258063
1909,421635,SC,32,0.48722499373144884,65.625,5.5725,-20.802949640287764
1910,520915,GO,28,0.4870691009294813,60.71428571428571,5.086666666666667,-21.202790697674416
1911,315360,MG,44,0.48706076215054317,65.9090909090909,5.0249999999999995,-21.903650793650797
1912,420315,SC,38,0.4865495632985252,55.26315789473685,4.965,-19.57
1913,313960,MG,89,0.48652318005189776,57.30337078651685,4.794,-19.563207126948775
1914,420580,SC,96,0.48645272184158594,68.75,5.458333333333333,-19.279999999999998
1915,250480,PB,41,0.48626657803378615,60.97560975609756,4.333333333333334,-22.110000000000003
1916,260040,PE,71,0.4861910596666737,49.29577464788733,4.414545454545455,-21.45833780160858
1917,220255,PI,35,0.48611318859527025,65.71428571428571,4.194,-20.09801652892562
1918,311180,MG,44,0.48607552738168275,61.36363636363637,5.1175,-22.323333333333334
1919,510665,MT,27,0.48589830783425364,51.85185185185185,5.135,-20.162949640287767
1920,430265,RS,26,0.48572073902219987,65.38461538461539,5.47,-22.255016181229774
1921,410610,PR,20,0.485596086560645,80.0,5.223333333333333,-19.921980198019803
1922,250403,PB,33,0.48544704192546495,60.60606060606061,4.3925,-21.352937853107345
1923,291740,BA,37,0.4853310200879968,67.56756756756756,4.601249999999999,-19.668146341463412
1924,430090,RS,31,0.48528175594799916,54.83870967741935,5.715,-19.702994350282484
1925,350030,SP,86,0.4852547790047107,59.30232558139535,5.208333333333333,-14.179999999999993
1926,316557,MG,44,0.4852482669730195,54.54545454545454,5.04,-20.429121338912132
1927,355240,SP,513,0.4852345542619773,58.28460038986355,5.400566037735848,-19.28666666666667
1928,310110,MG,101,0.4851729862176738,52.475247524752476,5.01357142857143,-19.95363278171789
1929,311787,MG,39,0.4851395626195622,61.53846153846154,5.220000000000001,-19.330198675496685
1930,320050,ES,28,0.48482872293726975,46.42857142857143,4.8100000000000005,-19.375886524822693
1931,230550,CE,296,0.48480042759079733,60.13513513513513,4.486363636363635,-20.132817643186307
1932,230730,CE,1001,0.48475781553549846,62.13786213786214,4.539166666666666,-19.96661710037175
1933,313150,MG,28,0.4846920428890029,46.42857142857143,5.0600000000000005,-21.346857142857143
1934,316670,MG,28,0.484657197555487,60.71428571428571,4.835000000000001,-16.34421052631579
1935,320500,ES,2604,0.484570621005006,60.023041474654384,5.060093457943924,-15.076042370279403
1936,432254,RS,28,0.4845678834473042,67.85714285714286,5.733333333333334,-21.978021680216802
1937,310340,MG,124,0.4844853576617756,62.903225806451616,4.515625,-21.016983588002258
1938,522108,GO,28,0.4841025883574233,67.85714285714286,4.3566666666666665,-19.585591397849463
1939,350880,SP,43,0.4840704091664969,60.46511627906976,5.251428571428571,-21.573333333333338
1940,261160,PE,4072,0.48396697236768543,58.128683693516706,4.649479452054795,-11.359578685258967
1941,290900,BA,33,0.4839412498984089,72.72727272727273,4.625,-19.47025641025641
1942,320130,ES,1786,0.4839270089671275,60.07838745800672,5.013298969072166,-18.60293593396158
1943,315390,MG,51,0.48383443844224505,68.62745098039215,5.361666666666666,-20.514428571428574
1944,314270,MG,61,0.4836526732356614,60.65573770491803,4.4477777777777785,-19.92856666666666
1945,410500,PR,50,0.4836334965653562,56.00000000000001,5.204285714285715,-19.092800000000004
1946,260210,PE,183,0.48355742111608696,63.934426229508205,4.154285714285716,-19.621000000000002
1947,410950,PR,24,0.4834350146591222,50.0,4.781999999999999,-17.220000000000002
1948,311300,MG,63,0.4833511215610121,57.14285714285714,4.216666666666667,-20.139968944099383
1949,260380,PE,104,0.4832394837069398,62.5,4.4399999999999995,-19.767009569377986
1950,260960,PE,1135,0.48310006570026404,60.176211453744486,4.559705882352941,-19.086570285506454
1951,314010,MG,22,0.4830910706601721,77.27272727272727,4.785,-20.557029702970297
1952,261010,PE,26,0.4830428454724529,61.53846153846154,4.3566666666666665,-19.994999999999997
1953,421400,SC,108,0.48276098185465854,57.407407407407405,5.5600000000000005,-20.756659822039698
1954,420620,SC,41,0.48253280129850995,75.60975609756098,5.531428571428572,-18.61447963800905
1955,330455,RJ,17663,0.48252946373298494,60.68618015059729,4.859142621599336,-16.642784178665973
1956,315770,MG,91,0.482446058833732,54.94505494505495,5.047499999999999,-19.41875
1957,210275,MA,34,0.4823254214544703,64.70588235294117,4.426363636363636,-13.715409836065572
1958,210130,MA,64,0.48215967311394664,70.3125,4.0086666666666675,-17.66107142857143
1959,312880,MG,30,0.4820990526257757,73.33333333333333,5.016666666666667,-20.164318181818185
1960,520552,GO,20,0.4820713844346849,55.00000000000001,4.890000000000001,-19.242568807339453
1961,411375,PR,23,0.4817352269577962,69.56521739130434,5.123333333333333,-16.244864864864862
1962,210825,MA,67,0.48173276470457776,64.17910447761194,3.8968421052631577,-17.922105263157896
1963,510560,MT,120,0.48164329600948186,58.333333333333336,5.045,-20.882040472175383
1964,220470,PI,63,0.48147459037564166,55.55555555555556,4.322,-19.576462585034015
1965,520450,GO,478,0.4814263507819486,61.71548117154811,5.108399999999999,-19.18106300900129
1966,130014,AM,89,0.4813878515297457,58.42696629213483,4.604444444444444,-15.949472161966733
1967,250215,PB,28,0.4812934738000747,75.0,4.545000000000001,-19.67165680473373
1968,315725,MG,25,0.481256895834537,72.0,4.8125,
1969,210500,MA,114,0.48106257548392645,61.40350877192983,3.885384615384615,-19.652668759811615
1970,500375,MS,61,0.4810440140369787,62.295081967213115,4.938,-25.49119658119658
1971,240440,RN,37,0.48102843922112104,67.56756756756756,4.5920000000000005,-16.294800000000002
1972,510590,MT,99,0.4809994205792604,51.515151515151516,4.98875,-19.245155925155924
1973,260660,PE,101,0.48095051527312965,60.396039603960396,4.204999999999999,-16.34468978102189
1974,260470,PE,57,0.4808339758056659,66.66666666666666,4.35,-19.245290102389077
1975,430010,RS,62,0.4806230876314008,62.903225806451616,5.354000000000001,-16.24069306930693
1976,500380,MS,98,0.4806187752315199,57.14285714285714,5.088571428571428,-19.752391304347825
1977,210420,MA,126,0.48054506297455135,59.523809523809526,4.35470588235294,-21.49188191881919
1978,353530,SP,37,0.48052067684558436,56.75675675675676,5.36125,-19.68
1979,312410,MG,396,0.480342149934028,61.86868686868687,5.076296296296296,-20.31308849247989
1980,430995,RS,20,0.4802429204443473,55.00000000000001,5.25,
1981,261630,PE,98,0.480082998355546,67.3469387755102,4.150000000000001,-18.106610800744875
1982,354140,SP,320,0.4799818594926591,61.5625,5.422545454545456,-18.880000000000003
1983,430520,RS,53,0.47986095778864013,54.71698113207547,5.304,-20.163990825688078
1984,315120,MG,247,0.47975298046547615,62.75303643724697,4.858095238095238,-18.31054901960784
1985,251210,PB,100,0.4794672020259613,63.0,4.420000000000001,-18.137142857142862
1986,330040,RJ,645,0.4794592846381922,62.48062015503876,5.073999999999999,-18.688602409638555
1987,352570,SP,56,0.47925198092546883,62.5,5.3012500000000005,-20.736666666666665
1988,316860,MG,455,0.47916657156556797,59.78021978021978,4.714186046511627,-20.94195187888619
1989,353870,SP,729,0.47910961486863557,64.60905349794238,5.407037037037037,-11.863333333333344
1990,420810,SC,107,0.4789020935753486,66.35514018691589,5.433999999999999,-21.629358255451713
1991,210663,MA,33,0.47876316639696087,69.6969696969697,4.0236363636363635,-19.43761194029851
1992,312490,MG,30,0.47868347511770415,66.66666666666666,5.053333333333334,-17.85269736842105
1993,210745,MA,46,0.478491737527456,50.0,4.1,-19.70171270718232
1994,410360,PR,116,0.4784320712744585,62.93103448275862,5.207272727272727,-19.228665207877462
1995,500570,MS,326,0.47836008095331556,60.73619631901841,5.129999999999999,-19.929006211180123
1996,312680,MG,32,0.4783422995684735,59.375,4.6375,-18.5087323943662
1997,354780,SP,880,0.4783249666325386,63.18181818181819,5.4034328358208965,-15.329999999999998
1998,220915,PI,21,0.47824573837414763,71.42857142857143,4.244999999999999,-19.506976744186044
1999,261090,PE,198,0.47817358269112853,61.61616161616161,4.337599999999999,-18.191468253968257
2000,351070,SP,21,0.4780764658319211,80.95238095238095,5.130000000000001,-20.14
2001,317052,MG,35,0.4777342521360821,62.857142857142854,4.4383333333333335,-18.37966183574879
2002,350460,SP,56,0.47746710613911997,53.57142857142857,5.527499999999999,-18.61
2003,353240,SP,37,0.47738473169922496,62.16216216216216,5.152222222222221,-20.686666666666667
2004,432270,RS,91,0.47726526375150075,56.043956043956044,5.3341666666666665,-18.147398753894084
2005,510025,MT,269,0.4772031064596686,61.71003717472119,5.010500000000001,-21.0223275862069
2006,251510,PB,27,0.47714116187103056,51.85185185185185,4.4475,-18.94925
2007,314740,MG,102,0.47698359843179994,65.68627450980392,4.9433333333333325,-23.13093444909344
2008,510410,MT,201,0.47684110606587793,55.72139303482587,4.996666666666666,-16.57502720348205
2009,311150,MG,51,0.47675581504069836,56.86274509803921,5.23,-17.77014598540146
2010,421175,SC,100,0.47662190131265575,59.0,5.561428571428572,-21.178670842032012
2011,355270,SP,37,0.47655892920399073,62.16216216216216,5.274,-19.85333333333333
2012,522050,GO,36,0.4764780205712632,61.111111111111114,5.15,-19.69914893617021
2013,421985,SC,30,0.4764333966703627,66.66666666666666,5.425000000000001,-18.835833333333333
2014,310630,MG,135,0.47626572376829124,64.44444444444444,5.0687500000000005,-18.874499089253188
2015,420310,SC,31,0.47616403418923026,70.96774193548387,5.5,-15.624503816793897
2016,411830,PR,20,0.4759830417650443,60.0,5.25,-19.555
2017,351380,SP,763,0.4759816379103083,59.23984272608126,5.177066666666667,-19.189999999999998
2018,510637,MT,103,0.47580202224650114,66.99029126213593,5.095,-18.90707948243993
2019,310720,MG,22,0.4756827857744627,59.09090909090909,5.0600000000000005,-16.261222222222223
2020,261610,PE,32,0.4756730443911961,50.0,4.348,-20.2848322147651
2021,430468,RS,44,0.4755016210119923,65.9090909090909,5.266250000000001,-19.092599681020737
2022,312980,MG,640,0.4754084660956887,59.21875,5.1571428571428575,-19.030596616206594
2023,330580,RJ,597,0.4753172621284061,60.30150753768844,5.116666666666667,-18.088764271323036
2024,240300,RN,31,0.47524112192580903,74.19354838709677,4.5325,-17.72346578366446
2025,120035,AC,31,0.47510396247504744,70.96774193548387,3.6406250000000004,
2026,421760,SC,48,0.47500076329338214,54.166666666666664,5.5600000000000005,-17.126825396825396
2027,510263,MT,312,0.47480034948001515,67.94871794871796,5.141538461538462,-21.016239316239318
2028,432090,RS,129,0.47432243803593144,58.91472868217055,5.536666666666667,-16.20232820512821
2029,350190,SP,105,0.474238996353696,71.42857142857143,5.439565217391305,-15.91000000000001
2030,312010,MG,27,0.474137690082994,66.66666666666666,4.693333333333333,-15.911720430107529
2031,330150,RJ,68,0.4739743699228332,61.76470588235294,5.095555555555555,-18.175955056179777
2032,310540,MG,115,0.47390442590654974,60.0,5.26,-19.270877976190476
2033,310190,MG,69,0.47365845725066963,60.86956521739131,5.28,-20.533577981651376
2034,251010,PB,52,0.4734565207816519,63.46153846153846,4.58,-23.916288209606986
2035,431010,RS,157,0.4734257136506915,63.05732484076433,5.344666666666667,-20.808886054421773
2036,420770,SC,28,0.4734240088651424,53.57142857142857,5.43,-21.317687861271672
2037,430755,RS,23,0.4733920199856736,73.91304347826086,5.670000000000001,-20.683851851851855
2038,250435,PB,26,0.47331073691144276,50.0,4.49,-16.3058064516129
2039,350590,SP,91,0.4731711148824329,60.43956043956044,5.317333333333333,-18.439999999999998
2040,330160,RJ,61,0.4730799669660676,72.1311475409836,5.1414285714285715,-18.569587628865975
2041,420245,SC,107,0.4729187423932826,62.616822429906534,5.508571428571429,
2042,351080,SP,44,0.47283882341264805,63.63636363636363,5.263636363636364,-18.020000000000003
2043,313800,MG,21,0.4724756300475425,52.38095238095239,5.15,-18.392857142857142
2044,521270,GO,51,0.4724576955997697,62.745098039215684,4.97,-19.973076923076928
2045,510625,MT,100,0.4723652396469104,64.0,5.09,-21.1908875739645
2046,110045,RO,175,0.4722850831479882,64.0,4.850833333333334,-18.865419058553393
2047,220970,PI,20,0.47216023496298537,70.0,4.104,-18.598688524590166
2048,355010,SP,80,0.47174281319845485,60.0,5.373846153846154,-19.47
2049,310180,MG,25,0.4716242118471542,56.00000000000001,5.05,-20.0736036036036
2050,211300,MA,138,0.47162307103654655,59.42028985507246,4.312173913043479,-19.968720379146923
2051,292960,BA,40,0.47162220364273627,62.5,4.241999999999999,-19.01684210526316
2052,313230,MG,48,0.4715972906144348,62.5,4.545,-17.21212389380531
2053,171840,TO,20,0.47158043652257514,45.0,4.665,-16.555517241379313
2054,313840,MG,182,0.47136562593606,62.637362637362635,4.840000000000002,-19.25766497461929
2055,431980,RS,40,0.47123829205449147,50.0,5.1433333333333335,-19.066830601092903
2056,313100,MG,23,0.4707788151738498,52.17391304347826,5.025,-15.941967213114753
2057,317040,MG,336,0.47069547387430266,61.30952380952381,5.013181818181819,-18.882569786535303
2058,316930,MG,239,0.4702479431977669,62.34309623430963,5.140909090909091,-19.474124783362218
2059,312700,MG,44,0.47018060199837547,59.09090909090909,5.1160000000000005,-17.14857142857143
2060,350600,SP,562,0.4701736022202464,61.387900355871885,5.410714285714285,-20.529999999999994
2061,170070,TO,43,0.4701419222479124,55.81395348837209,4.986,-20.328444444444443
2062,313980,MG,56,0.46998129581789305,66.07142857142857,5.085,-22.065790671217293
2063,310790,MG,69,0.4695938753610124,53.62318840579711,5.205,-17.689322033898307
2064,421150,SC,44,0.46932068847841074,61.36363636363637,5.4975,
2065,351170,SP,39,0.46926554521330555,64.1025641025641,5.435714285714285,-17.5
2066,510140,MT,154,0.46923983865958707,54.54545454545454,4.836,-19.026246819338425
2067,315780,MG,965,0.4688185529369563,60.310880829015545,5.1486363636363635,-20.365744904391676
2068,411295,PR,23,0.4687783125449724,52.17391304347826,5.346666666666666,-18.245581395348836
2069,430063,RS,20,0.4687742879311737,80.0,4.796,-21.901833333333332
2070,353810,SP,21,0.4687261219685092,52.38095238095239,5.324999999999999,-16.630000000000003
2071,353650,SP,218,0.4686823024059745,62.84403669724771,5.561739130434782,-18.61
2072,354220,SP,63,0.4685393297298774,55.55555555555556,5.321666666666668,-19.979999999999997
2073,150277,PA,124,0.46846220130195965,65.32258064516128,4.601333333333333,-18.68626760563381
2074,312360,MG,99,0.4684413850626403,62.62626262626263,5.168333333333334,-18.391617647058823
2075,431140,RS,307,0.4683614276619634,61.563517915309454,5.504333333333333,-19.786395422759057
2076,330450,RJ,36,0.46832379717368383,66.66666666666666,5.087142857142857,-17.11952380952381
2077,353282,SP,20,0.4682594406969143,65.0,4.912857142857144,-18.450000000000003
2078,430200,RS,26,0.4681221391064059,69.23076923076923,4.953333333333333,-18.384749455337683
2079,354000,SP,39,0.4680044713495297,56.41025641025641,5.478000000000001,-19.68
2080,430235,RS,75,0.46794076849733623,57.333333333333336,5.621111111111111,-19.24448377581121
2081,312310,MG,20,0.4678952189383419,60.0,4.641666666666666,-21.868979591836737
2082,315490,MG,38,0.4678687988401233,52.63157894736842,4.859999999999999,-18.831525423728813
2083,316540,MG,32,0.4678622014942654,65.625,5.26,-16.079640287769788
2084,355190,SP,23,0.4677924307970014,52.17391304347826,5.17,-18.35
2085,520005,GO,151,0.46768466032339495,57.615894039735096,4.988333333333333,-17.85361502347418
2086,354910,SP,120,0.4676560098701985,60.83333333333333,5.444090909090908,-18.4
2087,150250,PA,87,0.4676031605860652,59.77011494252874,3.67875,-18.215266272189346
2088,352140,SP,35,0.4675815483747226,71.42857142857143,5.3757142857142854,-17.740000000000002
2089,240890,RN,106,0.46757822397956417,55.660377358490564,4.547499999999999,-18.776
2090,431415,RS,31,0.46754538751821206,70.96774193548387,5.3774999999999995,-15.170396270396271
2091,351550,SP,105,0.4675307747752252,58.0952380952381,5.358499999999999,-20.840000000000003
2092,210270,MA,89,0.4674312790738129,58.42696629213483,4.07,-17.97864077669903
2093,350390,SP,208,0.4674180495408415,62.019230769230774,5.417,-19.33
2094,420750,SC,370,0.4671333564926261,63.51351351351351,5.61047619047619,-17.487610350076103
2095,314170,MG,22,0.46706594865334616,68.18181818181817,4.92,-19.9268085106383
2096,421550,SC,84,0.46696715893814006,53.57142857142857,5.351666666666667,-18.028333333333336
2097,432220,RS,71,0.46657643609067884,67.6056338028169,5.201,-23.194243902439023
2098,320220,ES,79,0.46648941106771896,60.75949367088608,4.9775,-18.230653753026633
2099,352330,SP,53,0.4664586654587304,69.81132075471697,4.835714285714285,-20.36333333333333
2100,510500,MT,50,0.4663913406773726,52.0,5.05,-19.97047210300429
2101,510160,MT,32,0.46622204223683716,50.0,4.67,-20.484469696969697
2102,421040,SC,33,0.4656878555570788,69.6969696969697,5.3925,-16.7168537414966
2103,313510,MG,316,0.46555451166934925,62.9746835443038,4.6213043478260865,-20.416816976127325
2104,110040,RO,57,0.46537058582091484,52.63157894736842,4.87125,-19.077499999999997
2105,431171,RS,21,0.4652511820597726,61.904761904761905,5.301999999999999,-15.054421768707478
2106,432010,RS,90,0.46502822590320914,61.111111111111114,5.41125,-17.41988505747127
2107,351760,SP,36,0.4650041989376111,61.111111111111114,4.795714285714285,-19.689999999999998
2108,260360,PE,26,0.46497018865285106,53.84615384615385,4.09,-19.23153846153846
2109,351720,SP,32,0.4649238279451754,59.375,5.244000000000001,-20.0
2110,430810,RS,42,0.46489060221880674,61.904761904761905,5.666666666666667,-21.26208994708994
2111,431720,RS,289,0.46471453987942735,58.47750865051903,5.4675,-19.23227877120587
2112,520330,GO,134,0.4647044595922876,66.4179104477612,5.071538461538461,-18.206842105263156
2113,411820,PR,550,0.4645930486342866,63.272727272727266,5.2357999999999985,-18.186355964710398
2114,310150,MG,120,0.4643982227419079,65.0,4.804615384615383,-17.50705035971223
2115,110148,RO,21,0.4643950827819686,66.66666666666666,5.0,-16.38046511627907
2116,311840,MG,78,0.4642946497504565,67.94871794871796,4.805454545454546,-17.81024199843872
2117,510180,MT,301,0.46413159747771915,64.45182724252491,5.199090909090908,-19.275619429590016
2118,330015,RJ,34,0.4641202348937199,58.82352941176471,5.17,-16.33869109947644
2119,312200,MG,81,0.46408315585163096,50.617283950617285,4.795714285714286,-16.82304461942257
2120,311030,MG,61,0.46398075838540287,68.85245901639344,5.3475,-18.262976190476188
2121,510455,MT,37,0.4638146193466954,67.56756756756756,5.19,-17.268659217877094
2122,120050,AC,85,0.4636978323888838,67.05882352941175,4.5042105263157906,
2123,352670,SP,204,0.46369744975611404,65.19607843137256,5.298750000000001,-18.299999999999997
2124,130340,AM,580,0.46359582315746245,61.206896551724135,4.1326785714285705,-16.548718521275276
2125,240850,RN,25,0.4635494234385496,48.0,4.720000000000001,-19.957647058823532
2126,355710,SP,155,0.4632168263300248,67.74193548387096,5.348695652173912,-18.340000000000003
2127,430230,RS,44,0.4632025458823757,65.9090909090909,5.314,-21.09310776942355
2128,431810,RS,52,0.46298621477968915,61.53846153846154,4.905714285714286,-13.20339575530587
2129,354805,SP,21,0.46267586732742433,57.14285714285714,5.2620000000000005,-17.78
2130,411410,PR,136,0.46258153944830327,58.08823529411765,5.170000000000001,-18.75737160120846
2131,220280,PI,23,0.4625436534791064,65.21739130434783,4.152500000000001,-20.675737704918028
2132,220557,PI,32,0.46250425855553506,53.125,4.109999999999999,-20.077560975609757
2133,313440,MG,165,0.4624237124825834,63.63636363636363,5.026923076923077,-17.435116279069767
2134,330630,RJ,1030,0.4623883906133653,60.38834951456311,5.227682926829268,-18.38972549777692
2135,354080,SP,39,0.4623161321961567,56.41025641025641,5.3175,-17.450000000000003
2136,430210,RS,452,0.4621943094490364,62.16814159292036,5.53972972972973,-19.353741784037563
2137,110005,RO,106,0.4619830779663164,67.9245283018868,5.027499999999999,-17.134549356223175
2138,355680,SP,28,0.4619685631372357,53.57142857142857,5.146,-19.770000000000003
2139,421680,SC,29,0.4619212739007307,51.724137931034484,5.3100000000000005,-17.04505208333333
2140,314000,MG,262,0.46174528345242,60.68702290076335,5.175833333333333,-16.86033281331253
2141,171575,TO,37,0.46173080150076107,54.054054054054056,4.8575,-18.742134831460675
2142,150812,PA,155,0.4615885314354489,58.06451612903226,4.464285714285714,-18.363269754768393
2143,310090,MG,81,0.4615014889894532,58.0246913580247,4.5528571428571425,
2144,352850,SP,181,0.4614993656427088,64.64088397790056,5.184324324324325,-16.689999999999998
2145,355210,SP,46,0.4614292107793129,54.347826086956516,5.442727272727273,-17.313333333333333
2146,510618,MT,42,0.4613453127540741,69.04761904761905,4.823333333333333,-18.15358407079646
2147,314465,MG,25,0.46130024735094294,60.0,4.481428571428572,-18.855741935483874
2148,510890,MT,41,0.46105709775918186,58.536585365853654,5.053333333333334,-17.922142857142855
2149,314535,MG,39,0.4609427239447781,53.84615384615385,4.29,-15.909915397631137
2150,410020,PR,29,0.46092711873385334,51.724137931034484,4.845000000000001,-19.5
2151,412220,PR,181,0.4608667894057171,60.22099447513812,5.038095238095238,-18.171072625698322
2152,354800,SP,45,0.4605327820108443,64.44444444444444,5.288749999999999,-17.93
2153,421930,SC,249,0.4605171221601698,70.68273092369478,5.540625,-16.256948968512486
2154,314280,MG,74,0.46037445229226376,68.91891891891892,5.1000000000000005,-16.126038781163437
2155,421570,SC,105,0.46032047845089274,65.71428571428571,5.673333333333334,-16.856747967479674
2156,220660,PI,45,0.4602114360483594,66.66666666666666,4.195,-17.662747747747748
2157,210410,MA,59,0.4600866974465147,74.57627118644068,4.266666666666667,-16.52988571428571
2158,260400,PE,241,0.46002054823072563,58.50622406639005,4.535925925925926,-17.691794871794873
2159,430440,RS,171,0.4600115548042182,58.47953216374269,5.456666666666666,-18.039786096256684
2160,220040,PI,233,0.4600077645665285,62.66094420600859,4.265652173913043,-18.13575330396476
2161,510800,MT,86,0.4598059838196063,58.139534883720934,5.0975,-17.172440191387558
2162,315480,MG,43,0.4596322325810029,46.51162790697674,5.13,-22.09235576923077
2163,171610,TO,244,0.4594574213146456,62.704918032786885,5.008571428571428,-17.98427864798021
2164,411930,PR,177,0.45937132180500395,57.06214689265536,4.673636363636363,-18.39
2165,421510,SC,65,0.4591900404554572,72.3076923076923,5.578333333333333,-15.853629343629347
2166,210560,MA,61,0.45906895467853476,54.09836065573771,4.010909090909091,-17.282131147540987
2167,353780,SP,132,0.4589021256870303,75.0,5.207857142857143,-16.75
2168,430350,RS,250,0.4587476953288424,63.2,5.166774193548388,-17.025023016517732
2169,352050,SP,504,0.4587222094903365,61.70634920634921,5.564583333333333,-17.18
2170,420590,SC,280,0.4585419745672566,66.42857142857143,5.568421052631579,
2171,421630,SC,145,0.45844435643568504,73.79310344827587,5.433636363636364,
2172,412710,PR,350,0.45838399136943137,65.42857142857143,5.299736842105263,-17.551939726027395
2173,311860,MG,1952,0.45824452969844687,62.807377049180324,5.232844036697248,-15.783229820158928
2174,150215,PA,535,0.458158336797832,60.747663551401864,4.762631578947368,-16.263972179289024
2175,521560,GO,166,0.4580763730017114,56.62650602409639,4.897142857142858,-16.399973297730305
2176,411270,PR,53,0.4579558334957832,62.264150943396224,5.181666666666667,-18.280842105263158
2177,522119,GO,40,0.45783401295976417,55.00000000000001,5.005,-14.982524752475246
2178,330550,RJ,474,0.4576252689480262,61.60337552742617,4.9889743589743585,-16.97326890756303
2179,510285,MT,21,0.45761826611955186,52.38095238095239,4.835,-15.937785234899327
2180,311270,MG,66,0.4575181644316502,60.60606060606061,4.528888888888889,-17.151870748299324
2181,352800,SP,30,0.4572691248559309,63.33333333333333,5.431666666666667,-17.6
2182,312720,MG,28,0.4572162214388903,64.28571428571429,4.92,-15.15072727272727
2183,250600,PB,100,0.4570456997888761,62.0,4.408181818181817,-17.184011516314783
2184,260100,PE,44,0.4568810226787868,56.81818181818182,4.323333333333333,-17.77497237569061
2185,312510,MG,278,0.4567506055640332,66.18705035971223,5.319166666666667,-16.367744890768147
2186,351440,SP,74,0.4566610024410034,63.51351351351351,5.439230769230769,-17.259999999999998
2187,411620,PR,83,0.4566170483744399,63.85542168674698,5.055,-16.341985815602836
2188,430580,RS,45,0.45654907173941695,71.11111111111111,5.616666666666667,-11.661990740740741
2189,260920,PE,34,0.45639008569804,55.88235294117647,4.306,-16.23768115942029
2190,330022,RJ,46,0.4563160191267328,56.52173913043478,5.16125,-16.939516728624533
2191,313420,MG,373,0.4556059356747503,61.93029490616622,5.0765217391304365,-17.651994520547944
2192,353030,SP,80,0.455495812054698,57.49999999999999,5.432307692307693,-18.43
2193,260350,PE,60,0.4554841725494067,65.0,4.228,-17.774337349397587
2194,317090,MG,77,0.45538908756955876,66.23376623376623,4.211428571428573,-18.873433433433437
2195,420830,SC,342,0.4553033309782491,65.78947368421053,5.54,
2196,315250,MG,484,0.4552430024806913,62.396694214876035,5.3117857142857146,-19.478287752675385
2197,355640,SP,98,0.45521931604385196,68.36734693877551,5.24153846153846,-18.490000000000002
2198,150293,PA,214,0.4551928155248406,63.55140186915887,4.462105263157894,-15.655968222442901
2199,351940,SP,26,0.45516255481863716,50.0,5.115,-18.36
2200,420950,SC,35,0.45508612968493944,45.714285714285715,5.640000000000001,-17.748292682926827
2201,500110,MS,267,0.4550182572803494,63.670411985018724,4.709090909090909,-15.999613837489942
2202,355450,SP,52,0.45489606325652027,61.53846153846154,5.386666666666666,-17.5
2203,432143,RS,57,0.4548829948569233,66.66666666666666,5.463333333333333,-15.736113360323882
2204,352390,SP,289,0.45486185296338116,63.32179930795848,5.341666666666669,-18.33
2205,421970,SC,158,0.4547733470987621,63.92405063291139,5.464,-14.617695078031208
2206,330411,RJ,100,0.45475928508855035,65.0,5.2524999999999995,-18.04496919917865
2207,431915,RS,25,0.4545664537073872,56.00000000000001,5.196666666666666,-15.357112676056344
2208,421210,SC,55,0.4545447702686851,67.27272727272727,5.538571428571428,-17.523700305810397
2209,353790,SP,65,0.45447799923143634,63.07692307692307,5.282222222222222,-16.67
2210,354260,SP,100,0.4544674398141148,52.0,5.048,-16.189999999999998
2211,312710,MG,209,0.45443540393731735,60.76555023923444,5.155555555555556,-16.916956521739127
2212,260080,PE,33,0.4542360098140058,63.63636363636363,4.2283333333333335,-16.550704225352113
2213,510050,MT,37,0.45410071091843957,54.054054054054056,4.691428571428571,-12.11350877192983
2214,261140,PE,33,0.4540903628800312,48.484848484848484,4.29,-17.08662337662338
2215,352030,SP,60,0.4540847493704468,68.33333333333333,5.015000000000001,-14.929999999999993
2216,330390,RJ,963,0.4540461617026519,63.55140186915887,5.087777777777778,-16.37088879347359
2217,432080,RS,111,0.4539323338926802,65.76576576576578,5.291428571428571,-18.325797905113983
2218,431470,RS,32,0.4536736915589028,68.75,5.47,-15.750933333333334
2219,210203,MA,142,0.4534179560373322,63.38028169014085,4.253571428571428,-16.606604477611942
2220,260120,PE,302,0.4530960958583842,66.88741721854305,4.584999999999999,-15.490014144271566
2221,354560,SP,33,0.4530523896490163,54.54545454545454,5.416,-15.670000000000002
2222,353070,SP,265,0.45297289102068444,60.37735849056604,5.402093023255814,-16.53
2223,431040,RS,21,0.45290748385669855,66.66666666666666,5.375,-17.38933333333333
2224,130006,AM,101,0.4527230843437856,63.366336633663366,3.538333333333333,-16.42390835579515
2225,220810,PI,28,0.452692925272187,71.42857142857143,4.253749999999999,-19.040000000000003
2226,354670,SP,55,0.4526623557009194,69.0909090909091,5.315555555555556,-15.950000000000003
2227,310670,MG,1675,0.4526503159718764,61.07462686567165,5.2175,-6.707590342495387
2228,150815,PA,184,0.4526295429670362,65.21739130434783,4.373333333333334,-16.632908458864428
2229,353800,SP,305,0.4526163037962191,65.90163934426229,5.319436619718312,-16.200000000000003
2230,353620,SP,36,0.45247396472327406,63.888888888888886,5.0600000000000005,-18.64
2231,210043,MA,79,0.45246987598274374,64.55696202531645,4.224666666666666,-17.860183246073298
2232,293105,BA,68,0.4524009271985975,64.70588235294117,4.5600000000000005,-17.33529411764706
2233,261120,PE,55,0.45220208920995764,70.9090909090909,4.078571428571428,-16.73794736842105
2234,316420,MG,38,0.45195549850260075,57.89473684210527,4.605,-16.316795580110494
2235,317070,MG,389,0.4519544822781892,61.43958868894601,5.333200000000001,-18.383866189989785
2236,250980,PB,26,0.45160257536772763,61.53846153846154,4.311428571428571,-15.58768656716418
2237,430605,RS,34,0.4515954293007974,55.88235294117647,5.2475000000000005,-17.986369047619046
2238,220025,PI,24,0.4514607054661957,54.166666666666664,4.204999999999999,-16.810421052631582
2239,520800,GO,479,0.45111718930072914,64.30062630480167,4.996153846153847,-16.354833544037085
2240,431880,RS,135,0.45071948822853003,64.44444444444444,5.349473684210526,-16.535489614243318
2241,314410,MG,62,0.45063283001773285,62.903225806451616,5.227142857142857,-19.372492581602373
2242,352690,SP,482,0.45059173369638605,60.58091286307054,5.433055555555556,-16.056666666666665
2243,521380,GO,177,0.45057408355885276,63.2768361581921,5.237647058823529,-15.928885281385279
2244,314210,MG,29,0.45055126958386216,72.41379310344827,4.858,-16.68645454545454
2245,420253,SC,20,0.4505309996811704,65.0,5.42,-19.365164835164833
2246,350410,SP,330,0.45052518496432453,69.39393939393939,5.417954545454545,-19.759999999999998
2247,230030,CE,176,0.45049503624457066,66.47727272727273,4.312692307692308,-16.496495726495723
2248,411885,PR,32,0.4504944855812961,68.75,5.24,-16.174175824175826
2249,315680,MG,46,0.4504731909298439,71.73913043478261,4.4887500000000005,-18.62127371273713
2250,410580,PR,1233,0.4504584717050765,61.15166261151662,5.370923076923077,-17.272886855241264
2251,420240,SC,1195,0.4501642314634227,63.09623430962343,5.5462162162162185,-17.017555555555557
2252,431960,RS,55,0.4499922456115664,60.0,5.153846153846154,-15.944927536231887
2253,313170,MG,374,0.44996465615331943,64.70588235294117,5.1770000000000005,-15.87453441942182
2254,510776,MT,24,0.4498830383346868,75.0,5.023333333333333,-16.29374269005848
2255,351905,SP,21,0.44986950498279654,57.14285714285714,5.34,-17.409999999999997
2256,521210,GO,36,0.44979759210623105,77.77777777777779,5.436000000000001,-17.2178
2257,354890,SP,423,0.449606592677044,62.174940898345156,5.437391304347827,-18.313333333333333
2258,354240,SP,34,0.44948487337703097,61.76470588235294,5.36875,-18.909999999999997
2259,150618,PA,150,0.44947031630801604,67.33333333333333,4.516153846153847,-15.722556962025317
2260,210845,MA,82,0.4492286857810327,63.41463414634146,4.15,-16.60295302013423
2261,150150,PA,380,0.4492100677617345,63.1578947368421,4.4713157894736835,-15.755167007498288
2262,520990,GO,72,0.4490496704640259,58.333333333333336,4.695,-15.34411764705882
2263,420360,SC,172,0.44881003049964663,63.372093023255815,5.410909090909091,-18.039364675984753
2264,251600,PB,77,0.448740164972667,61.038961038961034,4.347894736842105,-16.636064356435643
2265,352110,SP,23,0.4486475050242478,56.52173913043478,5.1775,-17.380000000000003
2266,317210,MG,21,0.4486209626519971,66.66666666666666,4.81,-16.30493333333333
2267,330290,RJ,86,0.4485608152266854,54.65116279069767,5.210624999999999,-16.322430107526884
2268,431225,RS,36,0.44847371929448687,55.55555555555556,5.242000000000001,-21.22463601532567
2269,291410,BA,26,0.4484591165270585,61.53846153846154,4.676,-16.622500000000002
2270,350070,SP,75,0.4483742667054539,62.66666666666667,5.299285714285715,-15.400000000000006
2271,260440,PE,63,0.4482050914641708,55.55555555555556,4.206250000000001,-16.88374149659864
2272,421270,SC,21,0.44800030696234977,61.904761904761905,5.6275,
2273,412810,PR,420,0.44771798574895083,66.19047619047619,5.4105,-16.39696178937558
2274,420330,SC,63,0.4476409702572994,58.730158730158735,5.507142857142856,-16.707128712871285
2275,430080,RS,39,0.4476289754058666,58.97435897435898,5.723333333333333,-13.914385113268603
2276,220271,PI,33,0.44761782315384957,66.66666666666666,4.1825,-16.230078740157477
2277,350840,SP,128,0.44755108073328975,60.15625,5.333333333333334,-15.400000000000006
2278,220865,PI,39,0.4474853906787075,53.84615384615385,4.082000000000001,-16.62334975369458
2279,110150,RO,81,0.4474823241470902,64.19753086419753,4.856666666666667,-15.422314049586774
2280,313862,MG,50,0.44716265096593255,50.0,5.0275,-17.650478260869566
2281,421370,SC,100,0.4470751099864376,61.0,5.498333333333334,-16.210987153482083
2282,110002,RO,448,0.4470080702007503,62.94642857142857,4.878965517241379,-16.153181818181817
2283,310160,MG,279,0.44696280508919084,65.59139784946237,5.214210526315789,-16.312100420609887
2284,316030,MG,36,0.44692219396854566,61.111111111111114,4.338333333333333,-15.495722222222222
2285,352920,SP,33,0.44688440727886913,57.57575757575758,5.30625,-16.439999999999998
2286,431570,RS,121,0.4468092432586819,64.46280991735537,5.208823529411765,-15.214241935483866
2287,316840,MG,35,0.4466485576237121,65.71428571428571,4.837,-14.29530612244898
2288,353325,SP,23,0.4464421453369706,73.91304347826086,5.119999999999999,-16.009999999999998
2289,510170,MT,170,0.44643846929865827,58.235294117647065,4.880909090909091,-18.208082524271845
2290,210255,MA,78,0.44635863151156113,61.53846153846154,4.482222222222223,-16.744741144414167
2291,260875,PE,133,0.446328181452756,55.639097744360896,4.489090909090909,-18.692727272727275
2292,410305,PR,54,0.44630583004154234,53.70370370370371,5.078571428571429,-15.9690243902439
2293,312560,MG,31,0.4462870153750123,58.06451612903226,4.4,-18.645911602209942
2294,210598,MA,35,0.4462854706066381,60.0,4.418,-16.707935483870965
2295,261560,PE,162,0.44625492112747656,61.72839506172839,4.195000000000001,-15.810567200986439
2296,310890,MG,51,0.44613597341473343,58.82352941176471,5.128181818181818,-14.458048780487804
2297,352990,SP,40,0.44609495362497215,60.0,4.839411764705882,-14.480000000000004
2298,421470,SC,40,0.44595819084016447,70.0,5.590000000000001,-15.563811659192822
2299,330620,RJ,149,0.4456198707139924,63.758389261744966,4.903333333333334,-17.029958506224066
2300,431890,RS,129,0.445487467073959,77.51937984496125,5.264705882352942,-16.441701927597556
2301,421870,SC,356,0.4453324860058522,64.32584269662921,5.522424242424243,-16.1652
2302,260830,PE,77,0.44490729020158565,57.14285714285714,4.378333333333334,-15.102681818181818
2303,315110,MG,42,0.44484631737114483,64.28571428571429,4.9,-15.493333333333329
2304,330460,RJ,44,0.4448413160451055,77.27272727272727,4.92,-15.24434210526316
2305,261180,PE,97,0.4447198047127834,62.88659793814433,4.139166666666666,-16.45541304347826
2306,354090,SP,34,0.44420430454468446,67.64705882352942,5.375,-17.47
2307,350800,SP,59,0.4438164681724037,62.71186440677966,5.02375,-16.759999999999998
2308,420285,SC,32,0.4437613728487938,62.5,5.6175,-16.985151515151518
2309,431770,RS,36,0.4437359641143137,63.888888888888886,5.03,-12.955711500974662
2310,210700,MA,47,0.4436613909297455,59.57446808510638,4.325,-16.438135593220338
2311,431020,RS,326,0.443509695574778,65.95092024539878,5.418787878787879,-16.633749466495946
2312,430600,RS,45,0.44344795098560935,62.22222222222222,5.396,-14.715
2313,350930,SP,21,0.4434119904454514,57.14285714285714,5.39,-19.58
2314,410870,PR,35,0.44338196427616927,62.857142857142854,4.913333333333333,-16.777168674698792
2315,330060,RJ,114,0.44336884249659203,70.17543859649122,4.859500000000001,-16.187262569832406
2316,261060,PE,216,0.44317277789958814,62.5,4.383913043478262,-15.588772563176894
2317,430960,RS,77,0.4431556866006073,66.23376623376623,5.575714285714286,-15.264084158415837
2318,210240,MA,29,0.4431313018370376,58.620689655172406,3.9699999999999998,-15.040077519379844
2319,260680,PE,477,0.4431116762703065,68.13417190775681,4.62195652173913,-15.183598615916956
2320,432280,RS,74,0.4430953603235268,66.21621621621621,5.65625,-12.954501216545012
2321,352680,SP,108,0.442989120282056,68.51851851851852,5.481,-16.35
2322,510621,MT,80,0.44286152581450466,56.25,4.968571428571428,-16.87603351955307
2323,314055,MG,26,0.44286055139700886,80.76923076923077,4.466666666666667,-13.324684684684682
2324,421835,SC,22,0.4427062483772284,54.54545454545454,5.84,-16.568765432098765
2325,311440,MG,61,0.44267407063133707,70.49180327868852,5.192857142857143,-14.160220125786164
2326,510558,MT,57,0.44264300622706754,64.91228070175438,4.93,-16.22463687150838
2327,312570,MG,37,0.44247179749904125,51.35135135135135,4.878749999999999,-12.154385964912281
2328,354020,SP,78,0.4424026555347551,67.94871794871796,5.046666666666667,-15.530000000000001
2329,510390,MT,22,0.4423745237998827,59.09090909090909,5.076666666666666,-17.416616541353385
2330,432230,RS,31,0.4423287031346862,54.83870967741935,5.63,-10.808212560386476
2331,291200,BA,22,0.4419526946187492,54.54545454545454,4.776,-16.779790209790207
2332,420030,SC,21,0.441584645955348,85.71428571428571,5.58,
2333,110130,RO,63,0.4415092692579085,71.42857142857143,4.824,-14.054893617021278
2334,430390,RS,265,0.4414751267507596,64.15094339622641,5.4448,-14.471494079113127
2335,110025,RO,88,0.44099056906082246,67.04545454545455,4.9270000000000005,-17.62164578111947
2336,510310,MT,27,0.44097764447939053,59.25925925925925,4.93,-15.89335483870968
2337,351570,SP,395,0.4409387311184685,66.32911392405063,5.183611111111112,-14.930000000000007
2338,211178,MA,43,0.44085508162246845,60.46511627906976,3.767,-18.19244186046512
2339,211090,MA,52,0.4408417399798114,59.61538461538461,3.9800000000000004,-13.787847222222226
2340,311210,MG,38,0.44078955516125795,60.526315789473685,4.8825,-15.812047244094488
2341,354990,SP,1313,0.44072877476212136,62.528560548362535,5.451102362204724,-15.75333333333333
2342,354410,SP,78,0.4406021090005534,60.256410256410255,5.243333333333334,-19.693333333333335
2343,313160,MG,20,0.4404590805145651,60.0,5.015000000000001,-13.499259259259258
2344,260090,PE,62,0.44026123770764847,62.903225806451616,4.15625,-17.54777089783282
2345,313890,MG,28,0.4402293819856439,75.0,4.66,-16.309586206896554
2346,421720,SC,162,0.44021923084050196,72.8395061728395,5.54470588235294,-20.19870246085011
2347,430590,RS,27,0.4401296665896389,70.37037037037037,5.163333333333333,-17.13634328358209
2348,350210,SP,93,0.4400969788851183,58.06451612903226,5.3100000000000005,-14.519999999999996
2349,312770,MG,871,0.440095239499977,64.86796785304249,5.0078461538461525,-15.852170280036134
2350,317005,MG,74,0.44002582088678976,68.91891891891892,4.856666666666667,-16.31353002070393
2351,315670,MG,472,0.43963280839838864,67.16101694915254,5.150666666666667,-15.828962058438723
2352,311800,MG,216,0.4394886017728908,66.20370370370371,5.22608695652174,-15.277822299651566
2353,350870,SP,29,0.43937643837003837,79.3103448275862,5.215,-23.503333333333345
2354,313010,MG,219,0.4392823430831244,62.10045662100456,5.183333333333333,-16.826286266924562
2355,421100,SC,38,0.4389681161882357,57.89473684210527,5.506666666666667,-15.757652173913044
2356,410800,PR,36,0.43887392309481726,66.66666666666666,4.996666666666667,-16.061000000000003
2357,410965,PR,32,0.4387451500121323,65.625,5.109999999999999,-16.243225806451612
2358,316980,MG,28,0.43873662338947833,57.14285714285714,5.125,-15.29307692307692
2359,314520,MG,585,0.4387268809116899,64.95726495726495,5.011923076923076,-16.48016806722689
2360,110149,RO,100,0.43839851985799383,68.0,4.955714285714286,-15.65657534246575
2361,354880,SP,207,0.4383174941420342,68.11594202898551,5.688709677419354,-13.879999999999995
2362,220115,PI,82,0.43809479253567835,63.41463414634146,4.541111111111111,-17.482857142857142
2363,130300,AM,51,0.4377571360831583,62.745098039215684,4.006923076923077,-15.173679653679656
2364,354500,SP,29,0.43762908733872874,68.96551724137932,5.255714285714285,-14.480000000000004
2365,315410,MG,25,0.4375061021468817,60.0,4.6475,-20.594835680751174
2366,312970,MG,67,0.4371736728159847,58.2089552238806,5.292,-14.413354564755831
2367,410320,PR,45,0.4370873474015303,68.88888888888889,5.235,-17.39668421052631
2368,520140,GO,2307,0.43705962723546016,64.45600346770698,5.096495726495727,-15.167670865719646
2369,352860,SP,23,0.43703585355110414,52.17391304347826,5.1925,-14.36
2370,355645,SP,108,0.43671127389961456,63.888888888888886,5.3861904761904755,-15.409999999999997
2371,430420,RS,89,0.43638096651519515,69.66292134831461,5.125,-15.727711864406784
2372,110004,RO,318,0.43613856600764794,63.83647798742138,4.949677419354839,-14.693803854875284
2373,431660,RS,57,0.43583067951139437,63.1578947368421,5.636666666666667,-15.77063806380638
2374,261170,PE,49,0.4358283104557012,77.55102040816327,4.328749999999999,-14.025094339622642
2375,211030,MA,49,0.4355508303541943,67.3469387755102,4.278461538461538,-17.576170212765955
2376,210730,MA,30,0.4354516123430787,60.0,4.203333333333334,-13.862935779816508
2377,353730,SP,99,0.4352922056230533,59.59595959595959,5.265000000000001,-15.626666666666665
2378,410990,PR,43,0.43529114289570053,53.48837209302325,5.175,-18.25785714285714
2379,251320,PB,25,0.4352223513072451,72.0,4.356,-12.434999999999999
2380,432180,RS,69,0.43506813459088095,65.21739130434783,5.499999999999999,-18.136272141706925
2381,330225,RJ,155,0.43505840987192373,64.51612903225806,5.093333333333334,-13.793600000000003
2382,354515,SP,21,0.43500078239580187,71.42857142857143,5.743333333333333,-15.549999999999997
2383,412090,PR,189,0.43479437986105207,66.66666666666666,5.172307692307692,-19.506765714285716
2384,510720,MT,23,0.43444826208911835,60.86956521739131,4.925,-17.514285714285716
2385,521640,GO,50,0.4344177833542475,54.0,5.1866666666666665,-14.97214285714286
2386,310990,MG,50,0.4344040405708457,66.0,5.17,-17.0735
2387,250780,PB,31,0.4340720894229707,54.83870967741935,4.5633333333333335,-14.000719424460437
2388,210160,MA,327,0.4339658593212316,63.608562691131496,4.399117647058825,-15.222894898586356
2389,354430,SP,33,0.433762210683382,51.515151515151516,5.336666666666667,-12.799999999999997
2390,500793,MS,91,0.4336610424408742,67.03296703296702,5.085999999999999,-16.181145584725538
2391,260810,PE,71,0.4336528315805971,66.19718309859155,4.245,-14.0852808988764
2392,420800,SC,34,0.43360411358588974,73.52941176470588,5.493333333333333,-22.653684210526315
2393,352620,SP,81,0.4334954079677821,59.25925925925925,5.042,-16.020000000000003
2394,251593,PB,20,0.43338321077455416,65.0,4.383333333333334,-15.741250000000003
2395,310620,MG,6915,0.4333652348945971,66.56543745480839,5.205927835051548,-14.2216802223723
2396,315800,MG,49,0.43300488958142574,63.26530612244898,4.8475,-13.784999999999997
2397,510830,MT,24,0.4329953126627612,50.0,4.885,-15.43468531468531
2398,412550,PR,1335,0.4328108239467337,67.71535580524345,5.429651162790699,-14.421306517909574
2399,431080,RS,84,0.43269226907503266,71.42857142857143,5.766666666666667,-12.606479481641466
2400,420220,SC,39,0.43269114040810663,69.23076923076923,5.638,-14.44213161659514
2401,316225,MG,24,0.43267052590154,66.66666666666666,4.553333333333334,-15.962079207920793
2402,317160,MG,36,0.4325276046343235,58.333333333333336,4.478333333333333,-18.61146384479718
2403,410560,PR,68,0.43241028855778724,60.29411764705882,5.033333333333333,-15.93
2404,210980,MA,93,0.43235147074034574,65.59139784946237,4.262941176470588,-15.524117647058825
2405,412650,PR,56,0.43233649765317356,66.07142857142857,5.213333333333333,-15.621048689138576
2406,311140,MG,52,0.4320144330406742,63.46153846153846,5.09,-13.872085106382983
2407,350330,SP,219,0.4317727426552271,60.73059360730594,5.411515151515151,-13.090000000000003
2408,320320,ES,818,0.43161137505872116,68.33740831295843,4.965581395348838,-14.16748318924111
2409,430480,RS,111,0.43134447003112464,61.261261261261254,5.733,-14.552958406561215
2410,312800,MG,110,0.4311513309698146,54.54545454545454,4.884166666666667,-12.598870792616722
2411,312950,MG,87,0.4311414821440331,63.2183908045977,5.133333333333334,-14.49910447761194
2412,250460,PB,143,0.4308498145539644,69.93006993006993,4.549411764705884,-14.171913875598083
2413,430830,RS,27,0.4308399656260739,62.96296296296296,5.084999999999999,-15.328117913832198
2414,410120,PR,78,0.4305984701754019,70.51282051282051,5.0166666666666675,-14.896857142857142
2415,210015,MA,54,0.4305507343292858,83.33333333333334,4.163333333333334,-14.209145907473307
2416,211150,MA,175,0.4303527762887709,68.57142857142857,4.235833333333334,-14.631973244147158
2417,110011,RO,259,0.4301862533231518,68.33976833976834,4.8986363636363635,-13.563612662942273
2418,261550,PE,50,0.43001922341810633,64.0,4.3133333333333335,-13.958242187499998
2419,316070,MG,119,0.42975907269034974,68.90756302521008,5.005000000000001,-15.914084507042253
2420,430180,RS,21,0.42973939841666564,76.19047619047619,5.466666666666667,-14.017777777777777
2421,292180,BA,43,0.4294628476248891,72.09302325581395,4.457777777777778,-15.370322580645162
2422,313820,MG,349,0.42944569016245976,61.03151862464183,5.2612499999999995,-7.275472972972969
2423,150805,PA,92,0.42941266882853063,66.30434782608695,4.546666666666668,-13.75847775175644
2424,431740,RS,157,0.42937926493084544,61.78343949044586,5.385294117647059,-15.935701091519729
2425,521250,GO,1224,0.42932420322782083,64.62418300653596,5.034857142857142,-14.862799185197762
2426,312420,MG,93,0.42919212702836557,68.81720430107528,4.777777777777779,-13.920260747004932
2427,421740,SC,105,0.4290954954759782,71.42857142857143,5.59111111111111,-15.631785268414486
2428,430750,RS,54,0.4288950103439248,59.25925925925925,5.507499999999999,-20.225872442839943
2429,312300,MG,42,0.42887647693351216,66.66666666666666,5.26,-13.51408602150537
2430,260220,PE,134,0.42884027884088166,65.67164179104478,4.307222222222223,-15.331605504587154
2431,420500,SC,69,0.42867485055805676,68.11594202898551,5.12875,-13.062957157784744
2432,210310,MA,31,0.4284983783173741,80.64516129032258,4.1290000000000004,-11.812422360248451
2433,330540,RJ,79,0.4284492745101558,73.41772151898735,4.98909090909091,-14.526159999999996
2434,210515,MA,77,0.42838099875366153,70.12987012987013,4.190909090909091,-13.0729203539823
2435,316880,MG,24,0.42837633897618327,75.0,5.246666666666667,-14.650967741935483
2436,510624,MT,84,0.4283444899305455,65.47619047619048,5.09,-14.622388059701493
2437,420125,SC,41,0.42811117264454973,60.97560975609756,5.5375000000000005,-16.125714285714288
2438,510343,MT,25,0.42793643577145424,72.0,4.9350000000000005,-16.6831914893617
2439,421500,SC,201,0.4279195324736044,59.20398009950249,5.454999999999999,-12.587000695894226
2440,410880,PR,153,0.4278586299054348,66.01307189542483,5.102777777777778,-13.720574712643678
2441,421565,SC,40,0.4278360938430759,67.5,5.4025,-14.13698744769874
2442,411750,PR,295,0.4277735079857211,64.7457627118644,5.288571428571429,-14.45987386124737
2443,421170,SC,96,0.42761858145205894,62.5,5.531818181818182,-13.399607438016533
2444,352980,SP,22,0.42735292593276825,68.18181818181817,5.2075,-11.819999999999993
2445,316720,MG,707,0.4273307548372249,65.91230551626592,5.080576923076922,-15.770526106809605
2446,110070,RO,61,0.4273008566585098,68.85245901639344,4.806666666666667,-14.107923322683707
2447,315180,MG,462,0.4272212210876971,67.96536796536796,5.424687499999999,-13.655416316232131
2448,352900,SP,344,0.42719503293147976,64.53488372093024,5.40875,-13.183333333333323
2449,330360,RJ,154,0.4271446707742829,63.63636363636363,5.095714285714285,-12.930198938992039
2450,354300,SP,53,0.42713661731133745,71.69811320754717,4.804166666666666,-15.209999999999994
2451,350160,SP,306,0.4271090336106495,64.70588235294117,5.4829411764705895,-15.129999999999995
2452,150560,PA,31,0.42692239308725816,64.51612903225806,4.248571428571428,-10.63051094890511
2453,311260,MG,72,0.42687236730697964,63.888888888888886,5.202,-16.99734375
2454,316900,MG,56,0.4268512169075046,62.5,4.98,-15.252820512820517
2455,317000,MG,30,0.4268285959738213,56.666666666666664,4.255,-14.316748768472905
2456,353950,SP,60,0.4268215997165722,75.0,5.178333333333334,-12.760000000000005
2457,316210,MG,216,0.42677901223761777,65.27777777777779,4.9591666666666665,-13.60122476001324
2458,430900,RS,51,0.42664287356965375,66.66666666666666,5.174444444444445,-13.785941520467835
2459,270550,AL,123,0.4265764343175962,67.47967479674797,4.353333333333333,-15.108683788121994
2460,316240,MG,74,0.42657502156561344,68.91891891891892,4.169375,-15.365408970976251
2461,316680,MG,65,0.426553647523372,63.07692307692307,4.9825,-13.838268656716416
2462,412880,PR,36,0.42643554618354845,69.44444444444444,5.148,-14.839874213836477
2463,314340,MG,62,0.4263072294581599,61.29032258064516,5.367999999999999,-16.281636828644498
2464,420300,SC,306,0.42614678274807105,62.41830065359477,5.2811111111111115,-14.915703611457033
2465,315015,MG,54,0.4261367884545092,74.07407407407408,4.8966666666666665,-14.82975308641975
2466,420290,SC,518,0.42612121022128685,69.3050193050193,5.512903225806452,-14.468620065193761
2467,150835,PA,94,0.4259526525348653,67.02127659574468,4.373333333333334,-14.74110701107011
2468,260300,PE,117,0.42569788932121394,70.08547008547008,4.345294117647059,-15.362937293729372
2469,220510,PI,30,0.4256961881844858,76.66666666666667,4.123333333333334,-22.177731092436975
2470,120030,AC,77,0.4255319732091119,62.33766233766234,4.182500000000001,
2471,110145,RO,25,0.42546305019439473,52.0,4.9350000000000005,-14.012280701754388
2472,314460,MG,77,0.42543364477071743,71.42857142857143,4.972999999999999,-15.598872901678657
2473,313320,MG,44,0.4249989070377259,63.63636363636363,5.140000000000001,-15.145048076923079
2474,210170,MA,308,0.42499074977489254,67.53246753246754,3.9862000000000006,-15.406111479761117
2475,521990,GO,35,0.4248477096424727,62.857142857142854,5.025,-11.672096774193554
2476,314620,MG,28,0.4246923797956091,64.28571428571429,4.556666666666667,-14.772923976608189
2477,430064,RS,26,0.42453509454907834,76.92307692307693,5.25,-14.563974358974358
2478,210820,MA,122,0.42448256393777245,68.0327868852459,4.355625000000001,-13.578686514886165
2479,314720,MG,67,0.4242616328138879,70.1492537313433,5.195714285714286,-14.25941798941799
2480,520080,GO,31,0.42421447956543806,77.41935483870968,4.948333333333333,-15.23184615384616
2481,421860,SC,36,0.42414969197217267,50.0,5.6125,-14.07705263157895
2482,260480,PE,42,0.4239387005841394,71.42857142857143,4.175714285714286,-14.326772486772484
2483,500470,MS,153,0.42383806378523686,64.70588235294117,5.05,-15.036774193548386
2484,315150,MG,113,0.4237554154742844,65.48672566371681,5.1025,-14.059792027729639
2485,520390,GO,42,0.42375403289286256,69.04761904761905,5.385,-13.082511848341232
2486,410110,PR,101,0.4235973281493838,59.4059405940594,5.095555555555555,-15.074117647058829
2487,330440,RJ,48,0.42358876171055165,60.416666666666664,5.0344444444444445,-14.438666666666665
2488,210370,MA,119,0.4234487669121375,68.90756302521008,3.991818181818181,-13.932319859402465
2489,130330,AM,106,0.42341524751907195,66.98113207547169,4.009999999999999,-14.235849802371545
2490,330187,RJ,128,0.4233184275622326,69.53125,5.12090909090909,-13.775864779874215
2491,320340,ES,95,0.4232439128267353,67.36842105263158,4.731,-13.107408993576016
2492,350810,SP,38,0.4231760383875922,65.78947368421053,5.3725000000000005,-12.170000000000002
2493,510718,MT,52,0.4229870998320957,67.3076923076923,5.04,-13.255206611570244
2494,110160,RO,52,0.4229523728192304,73.07692307692307,4.744,-14.010909090909086
2495,351040,SP,115,0.4228693971879087,66.08695652173913,5.333684210526316,-13.519999999999996
2496,412855,PR,37,0.4225639525170057,62.16216216216216,5.218,-12.825842696629215
2497,411550,PR,22,0.4223512770981216,54.54545454545454,5.32,-14.544285714285719
2498,316810,MG,26,0.4222753342212406,61.53846153846154,5.303333333333334,-11.827039999999995
2499,270330,AL,84,0.4221198356837113,67.85714285714286,4.183750000000001,-24.776666666666667
2500,411090,PR,25,0.4220705736076729,68.0,5.225,-12.785391304347826
2501,251190,PB,73,0.4220536948145061,71.23287671232876,4.386666666666667,-15.590364583333336
2502,353630,SP,33,0.42187417414537276,66.66666666666666,5.423333333333333,-13.0
2503,315350,MG,33,0.4218051558841589,66.66666666666666,4.988,-15.137232704402514
2504,330570,RJ,54,0.42167257280031795,66.66666666666666,4.949999999999999,
2505,260590,PE,69,0.42161840256283645,62.31884057971014,4.311,-12.618086956521738
2506,354750,SP,35,0.42160480549275003,57.14285714285714,5.368333333333334,-12.030000000000001
2507,412680,PR,56,0.4214887246272224,71.42857142857143,5.198333333333333,-14.224227405247813
2508,210173,MA,54,0.42134925991425726,70.37037037037037,3.6550000000000002,-13.789873417721518
2509,220669,PI,34,0.4211876531608152,64.70588235294117,4.008,-13.999811320754713
2510,314480,MG,327,0.4210793634465059,68.50152905198776,5.330500000000002,-11.83334112149533
2511,351460,SP,24,0.4209019334732688,62.5,5.1975,-15.5
2512,352130,SP,27,0.4208417832474339,59.25925925925925,5.001666666666666,-16.200000000000003
2513,431230,RS,22,0.4203231807325097,59.09090909090909,4.883333333333334,-17.201696969696968
2514,315210,MG,191,0.4202563273122035,66.49214659685863,5.0200000000000005,-17.740822021116138
2515,312240,MG,29,0.4202254886858885,68.96551724137932,5.02,-14.006174496644295
2516,310740,MG,183,0.4201705836876688,57.92349726775956,5.221538461538461,-15.343110871905276
2517,353750,SP,27,0.42007408309396027,62.96296296296296,5.1625,-13.299999999999997
2518,220370,PI,184,0.4200414601903595,66.30434782608695,4.142608695652174,-15.026774193548388
2519,410765,PR,789,0.41999177229925855,67.9340937896071,5.328055555555555,-13.247804687500002
2520,314810,MG,402,0.4199077707789288,68.65671641791045,5.142666666666667,-15.915315581854045
2521,431000,RS,71,0.41974506459022715,57.74647887323944,5.692222222222222,-15.873282442748083
2522,261520,PE,51,0.41952505044322447,54.90196078431373,4.3149999999999995,-14.017148288973386
2523,350950,SP,1764,0.41946591235401465,66.26984126984127,5.407961165048542,-20.173333333333332
2524,420050,SC,30,0.41928146436516783,66.66666666666666,5.0325,-12.213030303030308
2525,314070,MG,179,0.4192799883495748,58.10055865921788,5.139333333333332,-14.223720657276992
2526,270600,AL,91,0.41927885820624416,62.637362637362635,4.078571428571428,-15.663915343915342
2527,410960,PR,259,0.4190495263699639,69.4980694980695,5.245294117647059,-12.87078783151326
2528,411060,PR,56,0.41886168527723433,64.28571428571429,5.102,-13.322653061224486
2529,210630,MA,63,0.41876675235126504,60.317460317460316,4.076874999999999,-14.445668789808913
2530,317120,MG,598,0.4187203480858409,61.87290969899666,5.144848484848485,-9.220340340340345
2531,354680,SP,100,0.4185084353318507,68.0,5.2214285714285715,-12.829999999999998
2532,351230,SP,35,0.41845032305421737,62.857142857142854,5.306,-10.519999999999996
2533,312440,MG,37,0.418426870295253,64.86486486486487,4.7459999999999996,-13.489016393442625
2534,210900,MA,100,0.41836515162941174,69.0,4.658125000000001,-14.285728987993139
2535,320110,ES,42,0.4180008588852185,69.04761904761905,4.655000000000001,-12.760388349514564
2536,250360,PB,25,0.4178463456121041,80.0,4.146,-16.2348
2537,520790,GO,50,0.41754972686886743,70.0,4.64625,-13.95580152671756
2538,420910,SC,2366,0.4174726063565114,67.41335587489434,5.546607142857142,-13.834062782294495
2539,316080,MG,22,0.4174553410370409,50.0,5.005,-13.513283582089555
2540,431610,RS,31,0.4172867480835811,61.29032258064516,5.58,-15.120634920634917
2541,510675,MT,283,0.41724832008257695,65.01766784452296,5.051666666666666,-13.777383381924203
2542,260720,PE,578,0.4171809634934962,65.39792387543253,4.530769230769231,-13.657991282237553
2543,330452,RJ,662,0.4171111169988645,69.93957703927492,5.071538461538464,-12.814033867553677
2544,310260,MG,139,0.41696592113521463,71.22302158273382,5.272307692307693,-15.089310344827584
2545,350010,SP,39,0.4167706190919263,64.1025641025641,5.48375,-13.939999999999998
2546,353140,SP,40,0.41664277622785234,67.5,5.366666666666667,-14.560000000000002
2547,330340,RJ,645,0.41656585905878557,64.65116279069767,5.167733333333333,-13.032851863258388
2548,411570,PR,194,0.41654285831160986,65.4639175257732,5.399166666666668,-13.172735562310033
2549,421840,SC,40,0.4164992082751501,65.0,5.4975,-12.673085106382974
2550,261480,PE,60,0.416444468745436,61.66666666666667,4.361000000000001,-16.02579881656805
2551,421320,SC,121,0.41627679607277845,70.24793388429752,5.6466666666666665,-12.873299565846601
2552,355600,SP,29,0.4162231084250222,62.06896551724138,5.406666666666666,-14.319999999999993
2553,312965,MG,21,0.41620650517126445,57.14285714285714,4.3275,-11.642286501377413
2554,352260,SP,99,0.4161871839429194,60.60606060606061,5.387499999999999,-14.413333333333327
2555,510706,MT,161,0.4161434221987491,67.70186335403726,5.203,-14.259340659340655
2556,292303,BA,44,0.41609059431849854,50.0,4.723333333333333,-14.769639639639639
2557,420900,SC,90,0.4159129390901835,62.22222222222222,5.5512500000000005,-7.523223443223444
2558,230200,CE,75,0.41591067363604317,72.0,4.386428571428571,-13.92685082872928
2559,510080,MT,55,0.41586392319303983,70.9090909090909,4.887499999999999,-12.342437810945276
2560,412020,PR,21,0.4154773949054417,71.42857142857143,5.41,-13.213786407766992
2561,432200,RS,130,0.41545358800256715,67.6923076923077,5.421176470588236,-13.801521035598704
2562,130320,AM,100,0.4151367096675395,73.0,4.513749999999999,-11.366666666666667
2563,510620,MT,26,0.4150258011009852,73.07692307692307,5.01,-12.863398058252425
2564,220990,PI,26,0.41489102600170236,46.15384615384615,4.038333333333334,-11.63888888888889
2565,431390,RS,198,0.41479729399093707,67.67676767676768,5.5581249999999995,-12.650457142857134
2566,210590,MA,51,0.4147490694590406,68.62745098039215,4.21,-12.046703296703296
2567,313650,MG,31,0.414734766716816,54.83870967741935,4.5,
2568,320420,ES,135,0.4146770901166656,66.66666666666666,5.05,-13.66923303834808
2569,421725,SC,23,0.4145797503220392,60.86956521739131,5.865,-11.816145833333337
2570,431760,RS,144,0.4143556929936677,68.75,5.376315789473684,-12.614980392156863
2571,310270,MG,25,0.4139090130729945,64.0,4.476666666666667,-12.793642384105961
2572,270140,AL,190,0.4134095363906248,67.89473684210526,4.335384615384615,-13.51582869855395
2573,421700,SC,81,0.4133984135346347,67.90123456790124,5.706666666666667,-13.171197916666664
2574,355635,SP,21,0.4133944652318319,42.857142857142854,5.3,-14.659999999999997
2575,520970,GO,134,0.41337030511089934,66.4179104477612,5.097777777777778,-12.805006622516556
2576,420700,SC,281,0.4131856634332511,69.03914590747331,5.562857142857142,-13.360653827864954
2577,330220,RJ,257,0.41293687979992716,64.59143968871595,5.003235294117648,-13.047587976539589
2578,412500,PR,34,0.4127780085051296,76.47058823529412,4.9816666666666665,-11.829775280898875
2579,330090,RJ,49,0.41262189368005026,61.224489795918366,4.8711111111111105,-13.248125000000002
2580,431510,RS,42,0.41260338335073904,76.19047619047619,5.226000000000001,-11.934110429447854
2581,521190,GO,463,0.41252346568223247,64.57883369330453,5.288437500000001,-13.003757709251097
2582,250020,PB,20,0.41251528633266143,60.0,4.443333333333333,-14.064954128440364
2583,352450,SP,25,0.41249891794272686,68.0,5.365,-11.939999999999998
2584,220520,PI,58,0.41231163802205073,72.41379310344827,4.060999999999999,-12.581111111111111
2585,330023,RJ,240,0.41227214050844246,67.91666666666667,5.025882352941178,-12.134177606177603
2586,421160,SC,65,0.4122167873133552,76.92307692307693,5.615714285714286,-14.009174219536757
2587,290870,BA,35,0.4122067408804705,74.28571428571429,4.661,
2588,315790,MG,56,0.4121050195466963,75.0,4.823333333333333,-13.890312499999999
2589,311350,MG,39,0.41206127608005205,79.48717948717949,4.903333333333333,-12.222409638554218
2590,317170,MG,29,0.411868413547987,65.51724137931035,4.966666666666667,-12.099148936170216
2591,350570,SP,852,0.41176254705437904,66.66666666666666,5.360389610389613,-11.870000000000005
2592,420960,SC,76,0.4115976076225651,72.36842105263158,5.63,-10.464008179959098
2593,130240,AM,167,0.4113709324076214,74.25149700598801,4.415384615384616,-11.80796315975912
2594,311820,MG,20,0.4112111728986688,70.0,5.04,-13.105227272727271
2595,316850,MG,38,0.4110713286732499,65.78947368421053,4.9475,-20.297504553734058
2596,412080,PR,108,0.4109284221482437,72.22222222222221,5.423333333333333,-12.974464579901156
2597,315980,MG,92,0.410668253295661,65.21739130434783,4.966666666666667,-12.959682875264267
2598,412400,PR,26,0.4104490224764343,57.692307692307686,5.154999999999999,-12.3041935483871
2599,432140,RS,47,0.41035030408500606,68.08510638297872,5.03875,-12.58821138211382
2600,320520,ES,1726,0.4101818024283024,67.61297798377753,5.086219512195119,-12.084922224840914
2601,317080,MG,111,0.41015603947100193,67.56756756756756,4.708666666666665,-14.153079365079364
2602,220173,PI,43,0.40999942420501506,53.48837209302325,4.045,-17.159708737864076
2603,311950,MG,30,0.40983663263506986,63.33333333333333,4.298,-13.491428571428571
2604,250040,PB,71,0.4098024735996268,71.83098591549296,4.297000000000001,-13.867912844036699
2605,312160,MG,205,0.4097802132092159,71.21951219512195,4.858181818181818,-14.723832020997378
2606,420040,SC,29,0.4097440535963541,62.06896551724138,5.4025,-11.850591715976332
2607,316740,MG,29,0.4095643899442244,75.86206896551724,5.0649999999999995,-8.200806451612905
2608,110007,RO,43,0.40951444609640525,62.7906976744186,4.881428571428572,-14.268064516129026
2609,330300,RJ,93,0.40946537486368956,64.51612903225806,4.807142857142858,-11.467105831533473
2610,316350,MG,23,0.4094301183032643,69.56521739130434,4.466,-12.927540983606557
2611,312830,MG,81,0.4094080192158209,67.90123456790124,5.156,-14.590168776371309
2612,311910,MG,95,0.4093669796746437,66.3157894736842,4.674,-16.604247787610618
2613,230370,CE,1553,0.40936101111051243,64.90663232453316,4.484358974358976,-15.89253708825748
2614,310760,MG,24,0.40924378772319775,70.83333333333334,4.97,-10.959263157894739
2615,520920,GO,84,0.4091902176843151,63.095238095238095,4.987,-12.959076923076925
2616,431265,RS,70,0.40916094868805203,72.85714285714285,5.596666666666666,-11.121088235294115
2617,352042,SP,40,0.409111251464353,62.5,5.2075,-12.400000000000006
2618,220672,PI,50,0.40907206527298656,60.0,4.346666666666667,-13.566494845360822
2619,350690,SP,28,0.4089979676090737,75.0,5.3325,-10.25
2620,354170,SP,25,0.408888875944424,60.0,5.297499999999999,-11.569999999999993
2621,314930,MG,253,0.4088543221438828,64.82213438735178,5.2005,-12.187784981091303
2622,110170,RO,66,0.4087513397555247,66.66666666666666,4.838333333333333,-14.01838596491228
2623,510035,MT,31,0.4086794131761813,70.96774193548387,5.01,-9.09587301587301
2624,350320,SP,384,0.40855482147740774,64.58333333333334,5.411836734693879,-14.196666666666658
2625,160053,AP,128,0.408136432178777,57.8125,4.399166666666667,-14.954217791411043
2626,260230,PE,158,0.4080519346001974,70.88607594936708,4.164999999999999,-12.644354194407455
2627,431900,RS,78,0.4080335683813776,58.97435897435898,5.646666666666667,-12.866591760299624
2628,320120,ES,776,0.4076450787625588,64.17525773195877,5.0034426229508195,-13.994359444589996
2629,520870,GO,3522,0.40761187342601013,67.60363429869393,5.162078431372549,-11.9759109151546
2630,210510,MA,90,0.4076108584203962,73.33333333333333,3.8076923076923075,-12.148318181818183
2631,421880,SC,47,0.40753454961493857,72.3404255319149,5.44,-9.928294270833328
2632,130020,AM,76,0.4073286919246842,64.47368421052632,3.8350000000000004,-12.771595744680852
2633,351150,SP,78,0.4068843025622468,67.94871794871796,5.463076923076923,-10.849999999999994
2634,351850,SP,37,0.40685976878630026,72.97297297297297,5.156666666666666,-11.480000000000004
2635,320280,ES,211,0.4067619912249291,66.35071090047393,5.044444444444445,-12.28673130193906
2636,500390,MS,22,0.4067548596176509,77.27272727272727,5.039999999999999,-10.570176991150444
2637,261580,PE,70,0.40661794934196455,72.85714285714285,4.195,-11.523553299492391
2638,311240,MG,26,0.40660591635302307,84.61538461538461,5.08,
2639,110001,RO,119,0.40654275893715724,57.98319327731093,4.8984615384615395,-13.675099601593622
2640,351930,SP,85,0.406518468381988,76.47058823529412,5.343076923076923,-11.219999999999999
2641,317047,MG,20,0.40640154258243283,55.00000000000001,4.91,-15.736111111111112
2642,315720,MG,136,0.4061784258306509,66.91176470588235,5.1692857142857145,-11.687798165137618
2643,314390,MG,361,0.4061205861178916,69.52908587257618,4.966585365853658,-11.585144116649714
2644,430530,RS,32,0.405895264891924,53.125,5.6175,-15.275741935483868
2645,110143,RO,27,0.4057387796633807,81.48148148148148,4.815,-14.091265060240964
2646,110060,RO,30,0.4057126278089779,60.0,4.8625,-13.857552447552445
2647,314470,MG,69,0.40550929744736414,65.21739130434783,5.222857142857142,-13.277872340425532
2648,351690,SP,21,0.40476080266478526,61.904761904761905,5.262499999999999,-12.650000000000006
2649,210177,MA,82,0.4046000355782672,59.756097560975604,4.351666666666667,-13.029761336515511
2650,330210,RJ,76,0.4045964056001886,69.73684210526315,4.921111111111111,-12.287219251336897
2651,211102,MA,70,0.40458454203069577,72.85714285714285,3.92,-11.794235668789804
2652,313940,MG,384,0.40453865629601315,66.40625,4.950689655172413,-12.889220314735333
2653,310020,MG,80,0.40448929218895185,71.25,5.057142857142858,-13.588197725284344
2654,315630,MG,46,0.40437331373672797,63.04347826086957,5.05,-14.998392857142857
2655,314140,MG,70,0.40427987430890366,65.71428571428571,4.503636363636364,-11.075953654188949
2656,320430,ES,71,0.4040172363098548,80.28169014084507,4.824999999999999,-10.93534031413613
2657,314080,MG,49,0.4039079888108491,79.59183673469387,5.0920000000000005,-10.711743119266057
2658,315430,MG,55,0.4038914434301139,67.27272727272727,4.89,-13.88008064516129
2659,350635,SP,204,0.40369525929538996,70.09803921568627,5.0705,-10.420000000000002
2660,260580,PE,37,0.40359017352091126,70.27027027027027,4.242857142857143,-10.665177664974616
2661,520170,GO,87,0.40333621296886757,72.41379310344827,5.111111111111112,-12.120630630630632
2662,354190,SP,23,0.402992901819246,60.86956521739131,5.06,-11.209999999999994
2663,411995,PR,165,0.40297113310858707,68.48484848484848,5.286923076923077,-13.745917843388963
2664,110032,RO,112,0.40291640551917823,69.64285714285714,4.846363636363637,-11.46068181818182
2665,410180,PR,747,0.40284166863517634,70.81659973226239,5.3797999999999995,-10.739066666666671
2666,355080,SP,26,0.402673439849453,88.46153846153845,5.17,-11.340000000000003
2667,510880,MT,26,0.40266582293366515,65.38461538461539,4.986666666666667,-12.350000000000003
2668,421890,SC,34,0.4026050684715782,61.76470588235294,5.402857142857143,-11.309369369369366
2669,312860,MG,27,0.40245596338699996,88.88888888888889,5.14,-13.685357142857146
2670,420100,SC,34,0.40240338008477794,58.82352941176471,5.333333333333333,-13.148366445916121
2671,316290,MG,85,0.40221154150777677,65.88235294117646,4.992857142857143,-10.822248803827753
2672,421360,SC,104,0.4017667919150059,69.23076923076923,5.300909090909091,-12.689186991869915
2673,510517,MT,62,0.40156207171884567,67.74193548387096,4.916666666666667,-12.992313167259788
2674,330415,RJ,109,0.4014568353399559,67.88990825688074,4.968181818181818,-12.049643463497453
2675,311750,MG,103,0.40123700764268333,67.96116504854369,4.728000000000001,-13.58170243204578
2676,210805,MA,50,0.40123593090184606,66.0,3.9048148148148147,-12.694677966101695
2677,421120,SC,112,0.4011857148085851,72.32142857142857,5.432222222222221,-11.943835616438356
2678,261110,PE,1894,0.4007797800163979,68.0570221752904,4.642421874999999,-11.843277169334456
2679,410690,PR,5064,0.4007347512527852,68.75987361769353,5.536061538461541,-11.832613968724413
2680,110006,RO,59,0.40070420609833907,61.016949152542374,5.135,-12.345652173913045
2681,313190,MG,241,0.400642105623033,73.44398340248964,5.270588235294118,-15.185830769230769
2682,150175,PA,38,0.4006096236568459,65.78947368421053,4.158888888888888,-11.830666666666666
2683,350700,SP,131,0.4005944506095541,68.70229007633588,5.335500000000001,-10.170000000000002
2684,421950,SC,193,0.4005485700586106,73.57512953367875,5.439,-11.21903017972194
2685,220855,PI,20,0.4004534862643999,65.0,4.43,-11.646027397260271
2686,311780,MG,42,0.40045275426936766,73.80952380952381,5.164000000000001,-10.102089552238807
2687,520620,GO,382,0.4000832804073904,65.44502617801047,5.068695652173914,-11.555005246589719
2688,210375,MA,71,0.39997105430179264,53.52112676056338,4.53,-12.02039267015707
2689,350100,SP,34,0.3999576906823889,58.82352941176471,5.333333333333333,-12.219999999999999
2690,352740,SP,25,0.3992410367976873,64.0,5.388333333333334,-11.739999999999995
2691,310600,MG,42,0.39924059908716525,57.14285714285714,5.03,-14.629855072463771
2692,431675,RS,26,0.3992087101407385,73.07692307692307,5.59,-14.451569892473117
2693,420610,SC,31,0.3992061423065213,61.29032258064516,5.61,-12.129885057471263
2694,251690,PB,35,0.3991356479526108,74.28571428571429,4.4425,-19.731673582295986
2695,261420,PE,155,0.398731626259777,59.354838709677416,4.3675,-13.31088010204082
2696,260700,PE,111,0.3985566488095374,72.97297297297297,4.092727272727273,-13.116356877323417
2697,316292,MG,184,0.39848176650649825,63.04347826086957,5.112857142857143,-13.818784119106697
2698,354330,SP,197,0.39825150075854976,61.42131979695431,5.440256410256409,-13.059999999999988
2699,313950,MG,91,0.39822531035135905,70.32967032967034,4.877999999999999,-11.280863309352519
2700,315290,MG,35,0.39812152817643964,74.28571428571429,5.09,-15.267202380952376
2701,354580,SP,293,0.39802646067733033,69.96587030716724,5.482666666666667,-9.340000000000003
2702,510629,MT,68,0.39777067546570793,67.64705882352942,4.9471428571428575,-10.37077380952381
2703,230526,CE,58,0.39776105623277225,51.724137931034484,4.1466666666666665,-14.116575342465755
2704,315895,MG,141,0.39775839923159306,71.63120567375887,5.031818181818181,-10.136526946107782
2705,510730,MT,101,0.3977455693102972,58.415841584158414,5.1000000000000005,-13.109743589743589
2706,420170,SC,34,0.397720072551095,55.88235294117647,5.656666666666667,-10.269558823529414
2707,351000,SP,42,0.39770726268090795,78.57142857142857,5.346,-10.63666666666667
2708,315200,MG,133,0.39753016209485054,72.93233082706767,4.952999999999999,-10.316906510034263
2709,430860,RS,115,0.3971947033187843,68.69565217391305,5.51857142857143,-8.177306805074974
2710,313868,MG,30,0.3970438117076658,76.66666666666667,4.22,-10.996220472440944
2711,250170,PB,24,0.39638207023399663,75.0,4.48,-12.609008264462812
2712,410860,PR,123,0.39622569434459853,68.29268292682927,5.276,-12.529965694682677
2713,313810,MG,23,0.39599814462897454,56.52173913043478,4.6225,-14.070088495575224
2714,314700,MG,380,0.3959371416241465,69.21052631578948,4.991714285714286,-11.540831636116767
2715,260010,PE,142,0.3959321015175354,66.90140845070422,4.514666666666668,-11.679316770186334
2716,310375,MG,43,0.39580450888271484,81.3953488372093,5.125,-11.835
2717,261245,PE,61,0.39577648117803144,72.1311475409836,4.1375,-10.824383561643836
2718,430087,RS,34,0.39529007793911214,67.64705882352942,5.293333333333333,-19.342122641509434
2719,421000,SC,67,0.3951230363953351,59.70149253731343,5.66625,-16.35225563909774
2720,353850,SP,22,0.39489567029237127,72.72727272727273,5.138,-10.439999999999998
2721,353920,SP,48,0.3948027945568942,72.91666666666666,5.32,-10.560000000000002
2722,320501,ES,157,0.3944999641259308,62.42038216560509,4.662727272727272,-10.983713620488942
2723,410060,PR,72,0.394407919154639,68.05555555555556,5.220000000000001,-12.608622754491016
2724,430640,RS,108,0.3943917390937866,71.29629629629629,5.5681818181818175,-9.643984783642411
2725,500568,MS,81,0.39402512094157227,66.66666666666666,5.096,-12.514070981210859
2726,250420,PB,27,0.3940228595300104,59.25925925925925,4.085,-15.878316831683168
2727,316295,MG,132,0.39380131582389766,71.21212121212122,5.31375,-10.956762360446572
2728,352360,SP,23,0.3937878573340398,69.56521739130434,5.203333333333333,-10.099999999999994
2729,150797,PA,130,0.39360722952125277,71.53846153846153,4.2975,-11.80166144200627
2730,270350,AL,26,0.39358913009778684,69.23076923076923,4.5375,-13.693503184713379
2731,420650,SC,224,0.39349108758215295,67.85714285714286,5.4664705882352935,-10.926803254867767
2732,315550,MG,60,0.39346428484223567,66.66666666666666,5.2275,-11.734415204678362
2733,411630,PR,24,0.39345323333970655,66.66666666666666,,-11.472857142857144
2734,310710,MG,158,0.3932296847926777,64.55696202531645,5.062307692307693,-12.258074074074077
2735,510020,MT,151,0.3931108841653793,68.21192052980133,5.226000000000001,-11.042955801104974
2736,410100,PR,87,0.3928422551669968,66.66666666666666,5.21,-12.214999999999996
2737,411150,PR,95,0.3928241386897271,78.94736842105263,5.206,-10.347633744855967
2738,412667,PR,51,0.39274935027323543,78.43137254901961,4.84,-10.569423868312763
2739,420768,SC,26,0.39270018729015066,80.76923076923077,5.6,-11.227672413793105
2740,411190,PR,95,0.3926163939958333,69.47368421052632,5.28,-10.537227722772279
2741,315220,MG,123,0.39255914236753386,71.54471544715447,4.535294117647059,-12.0927306967985
2742,317200,MG,130,0.39252724970538216,68.46153846153847,4.964166666666668,-14.011037037037035
2743,510525,MT,492,0.39249830115463247,66.46341463414635,5.137894736842106,-11.435458515283841
2744,313780,MG,83,0.39218887227493626,71.08433734939759,5.284285714285714,-11.299439999999999
2745,432260,RS,201,0.39204373943195836,66.16915422885572,5.385600000000001,-11.18876666666667
2746,410400,PR,288,0.391973307101288,70.48611111111111,5.177368421052632,-11.369999999999997
2747,431935,RS,21,0.3917743105274133,61.904761904761905,5.82,-11.631875
2748,354970,SP,84,0.39172098047370296,66.66666666666666,5.39705882352941,-12.096666666666664
2749,410442,PR,90,0.3916615057135955,63.33333333333333,4.985454545454545,-11.000349650349648
2750,313490,MG,97,0.3915049650603985,57.73195876288659,5.194285714285714,-8.425859213250513
2751,312380,MG,29,0.39148927233335096,65.51724137931035,4.906666666666667,-14.814965034965036
2752,410645,PR,32,0.39146117114711865,75.0,4.812,-9.239390243902438
2753,521483,GO,58,0.39141758372567576,68.96551724137932,5.001666666666667,-12.036208053691272
2754,313240,MG,252,0.3912172718308549,69.84126984126983,5.202413793103448,-10.459485714285718
2755,314587,MG,52,0.3908566395210509,71.15384615384616,4.753333333333333,-9.918909090909091
2756,421420,SC,51,0.3908493808976851,68.62745098039215,5.433333333333334,-11.369568965517244
2757,210340,MA,192,0.39077937870296386,63.541666666666664,3.9940000000000007,-12.310981856990397
2758,313005,MG,35,0.3907707581986352,71.42857142857143,4.3566666666666665,-13.624959349593494
2759,410445,PR,80,0.39063812290299466,68.75,4.958571428571429,-11.375039164490858
2760,354940,SP,69,0.390581374777034,62.31884057971014,5.383636363636364,-15.596666666666664
2761,110030,RO,474,0.3901823031773065,71.72995780590718,5.152666666666666,-11.02274757690687
2762,260030,PE,104,0.39018143009054856,65.38461538461539,4.090000000000001,-12.337575057736721
2763,311160,MG,72,0.3901812523932866,63.888888888888886,4.975,-11.560530973451327
2764,210790,MA,96,0.3899569975533967,63.541666666666664,4.041333333333334,-11.556772009029343
2765,521710,GO,94,0.38979741073952484,71.27659574468085,5.196666666666667,-11.702204424103744
2766,311570,MG,27,0.38968334477163225,48.148148148148145,4.923333333333333,-13.486774193548385
2767,261230,PE,52,0.3892418427996043,71.15384615384616,4.244285714285714,-11.097564102564103
2768,316180,MG,48,0.3892074155490022,64.58333333333334,5.180000000000001,-11.339641255605386
2769,314330,MG,1444,0.3887924788775999,68.62880886426593,4.87912087912088,-11.37641617438293
2770,250900,PB,43,0.38870495993976817,67.44186046511628,4.172499999999999,-15.897981651376147
2771,251310,PB,21,0.38862963219856583,76.19047619047619,4.1579999999999995,-11.25118279569892
2772,313290,MG,51,0.38847497178855406,66.66666666666666,5.221666666666667,-10.746872427983536
2773,520145,GO,20,0.3882290187985265,75.0,5.045,-7.169259259259254
2774,431790,RS,58,0.3880663753843995,70.6896551724138,5.532,-11.72857487922705
2775,312810,MG,48,0.3879912159483865,70.83333333333334,5.128333333333334,-10.964932885906038
2776,420690,SC,82,0.3879608077713097,71.95121951219512,5.636,-10.461475409836062
2777,313990,MG,45,0.38760751524608683,82.22222222222221,4.881666666666667,-9.208791666666666
2778,521450,GO,151,0.38751998407787414,72.84768211920529,5.132222222222223,-10.365877659574465
2779,312352,MG,26,0.38739485596427153,88.46153846153845,4.6466666666666665,-15.442576832151296
2780,314875,MG,23,0.3872461281346432,82.6086956521739,4.733333333333333,-18.229999999999997
2781,421380,SC,40,0.3869155173676013,77.5,5.36,-8.68330049261084
2782,354520,SP,258,0.38679925175020435,67.44186046511628,5.499259259259259,-11.740000000000009
2783,410850,PR,46,0.3867128752625715,65.21739130434783,5.08,-12.961818181818181
2784,250940,PB,52,0.38617429232373607,69.23076923076923,4.218,-11.987500000000004
2785,420780,SC,43,0.38617156363967303,72.09302325581395,5.4925,-15.052060085836903
2786,316970,MG,84,0.3861587779820842,67.85714285714286,4.7425,-12.67259541984733
2787,311420,MG,82,0.38606721703288727,65.85365853658537,5.106666666666667,-10.31271662763466
2788,430850,RS,132,0.3856907162801261,73.48484848484848,5.367500000000001,-11.491123476417592
2789,130090,AM,71,0.38563029311449804,76.05633802816901,4.285,
2790,312960,MG,30,0.38553681126990735,70.0,4.57,-14.068461538461538
2791,430910,RS,190,0.3855177174521856,67.36842105263158,5.53,-9.04574990410433
2792,317050,MG,39,0.38539388971286676,74.35897435897436,4.9375,-17.925054945054946
2793,110012,RO,556,0.38528750649057025,68.5251798561151,4.967608695652173,-12.103743141865415
2794,310230,MG,37,0.3852022911863507,75.67567567567568,4.865,-14.459644012944985
2795,421790,SC,28,0.38516527697481096,82.14285714285714,5.435,
2796,260610,PE,81,0.3850647060810884,62.96296296296296,4.2325,-11.381004566210047
2797,220700,PI,134,0.38491282718648673,79.1044776119403,4.119130434782609,-10.87557803468208
2798,521730,GO,119,0.3848384765492978,66.38655462184873,5.059166666666667,-11.144502369668247
2799,320510,ES,461,0.3847676814593317,68.76355748373102,4.966250000000001,-10.513953908721193
2800,411770,PR,153,0.3844716058972214,70.58823529411765,5.32090909090909,-11.150601503759395
2801,320530,ES,1104,0.3844139781589018,70.1086956521739,5.070158730158731,-10.546748688257646
2802,421750,SC,117,0.38440185586117315,64.95726495726495,5.596,-13.173652173913041
2803,520055,GO,42,0.3842737279037386,71.42857142857143,5.154999999999999,-10.445
2804,520840,GO,62,0.38418736349635113,79.03225806451613,5.090000000000001,-9.001385542168673
2805,316890,MG,28,0.38390645466433754,64.28571428571429,5.336666666666667,-10.091145038167937
2806,315450,MG,28,0.3838655482976686,89.28571428571429,4.414,-10.983999999999998
2807,320490,ES,588,0.38386458882280583,73.12925170068027,4.883499999999999,-6.3234980816971325
2808,251240,PB,75,0.38382524320719585,74.66666666666667,4.522857142857143,-11.659156010230184
2809,351240,SP,63,0.3838105434064318,68.25396825396825,5.317777777777778,-10.400000000000006
2810,110028,RO,263,0.38372135353726605,70.34220532319392,5.035999999999998,-10.022698295033354
2811,431330,RS,94,0.3835296183365378,76.59574468085107,5.666,-10.011063698206552
2812,220275,PI,25,0.3833578669322754,76.0,4.5528571428571425,-8.40815384615384
2813,411250,PR,37,0.3833154359109394,64.86486486486487,4.989999999999999,-11.141083743842366
2814,420450,SC,80,0.3831119005109877,71.25,5.7,-9.991363636363637
2815,410080,PR,39,0.3829314886784959,74.35897435897436,5.15,-9.019999999999998
2816,351750,SP,44,0.38281515133936295,68.18181818181817,5.388,-9.459999999999994
2817,432040,RS,71,0.3824219652691,87.32394366197182,5.5528571428571425,-7.791388012618292
2818,420270,SC,31,0.3821837155576519,64.51612903225806,5.3566666666666665,-9.213539094650208
2819,320480,ES,51,0.3821772040039254,76.47058823529412,4.8775,-10.66637130801688
2820,260890,PE,149,0.3821147774535793,72.48322147651007,4.331363636363636,-10.296288659793813
2821,330420,RJ,410,0.3821025697672673,66.82926829268293,5.152424242424243,-9.519097596861203
2822,313760,MG,229,0.3820164527591118,66.8122270742358,5.32578947368421,-4.89533101045297
2823,520455,GO,24,0.38196001892340575,66.66666666666666,4.93,-12.559464285714288
2824,430450,RS,124,0.3819234518398145,66.12903225806451,5.265333333333333,-7.463600000000001
2825,421900,SC,86,0.38170740339356296,59.30232558139535,5.7155555555555555,-10.859800000000002
2826,520017,GO,29,0.38166313126867757,51.724137931034484,5.0675,-7.993915662650602
2827,210100,MA,129,0.3816498685889456,69.76744186046511,4.124799999999999,-10.203748148148149
2828,320380,ES,56,0.38144719234669544,71.42857142857143,4.786666666666666,-10.329999999999998
2829,411300,PR,47,0.38141191496133264,68.08510638297872,5.35,-10.53982456140351
2830,421220,SC,86,0.38138831698688047,66.27906976744185,5.312857142857142,-9.883434343434338
2831,314710,MG,348,0.381196294287695,67.81609195402298,5.198620689655172,-10.761534391534394
2832,421917,SC,26,0.38111807255521946,73.07692307692307,5.37,-9.807840375586858
2833,130430,AM,95,0.3810339504880914,69.47368421052632,4.113333333333333,-6.415312500000008
2834,330470,RJ,135,0.3808066178834181,74.07407407407408,4.9719999999999995,-9.830385208012327
2835,510622,MT,346,0.3807998464997904,65.89595375722543,5.170909090909091,-10.488047404063206
2836,317107,MG,26,0.3805494970706003,73.07692307692307,4.672499999999999,-9.667881355932206
2837,521010,GO,100,0.38052736037805474,76.0,5.082307692307693,-10.894409005628523
2838,410980,PR,255,0.38046351003333834,67.84313725490196,5.3500000000000005,-10.981761409127298
2839,352470,SP,105,0.38045830302697464,70.47619047619048,5.508571428571428,-9.780000000000001
2840,312480,MG,34,0.38028790877152413,47.05882352941176,5.294,-7.544306569343067
2841,110100,RO,67,0.3802756873409183,73.13432835820896,4.768,-12.087599999999998
2842,421640,SC,52,0.3802267728512323,71.15384615384616,5.425,
2843,315213,MG,23,0.37994362131790355,60.86956521739131,4.465,-11.642935779816515
2844,210197,MA,43,0.3797849759944913,67.44186046511628,4.283333333333333,-10.05027149321267
2845,410470,PR,59,0.37958659505777825,76.27118644067797,5.235,-9.83349397590361
2846,520510,GO,371,0.3795739553567559,72.77628032345014,5.287741935483871,-9.120000000000005
2847,261360,PE,113,0.3795416437153737,71.68141592920354,4.454166666666667,-9.500000000000004
2848,354640,SP,72,0.37937319205401077,68.05555555555556,5.301666666666667,-10.200000000000003
2849,311650,MG,27,0.37937292241614057,70.37037037037037,4.6125,-10.590000000000003
2850,311290,MG,31,0.3792512674807529,90.32258064516128,4.762,-10.362857142857143
2851,270820,AL,30,0.37912988380265583,63.33333333333333,4.127142857142857,-10.678246753246755
2852,110015,RO,148,0.3787840816765547,65.54054054054053,4.979333333333333,-10.516675603217156
2853,210467,MA,110,0.3786077095893193,69.0909090909091,4.233157894736842,-10.56638230647709
2854,412788,PR,55,0.3786066279546046,69.0909090909091,4.8950000000000005,-10.146249999999997
2855,260795,PE,32,0.37837519653277196,59.375,4.278333333333332,-10.980533333333332
2856,313535,MG,27,0.3783111995238655,70.37037037037037,4.508333333333333,-14.79864705882353
2857,521760,GO,589,0.3783074186951343,69.60950764006792,4.909999999999998,-9.731631866366847
2858,521220,GO,72,0.37812052271160745,69.44444444444444,5.085454545454546,-10.792661290322584
2859,430820,RS,132,0.3779802736085433,75.75757575757575,5.707333333333333,-8.829994535519125
2860,421820,SC,216,0.37767178724943096,71.29629629629629,5.742307692307692,-10.893445896877274
2861,431780,RS,68,0.37761460213786435,72.05882352941177,5.31125,-10.239378349410503
2862,315415,MG,32,0.3775572427097154,78.125,4.893333333333333,-10.64120430107527
2863,210800,MA,79,0.3773669925322549,65.82278481012658,4.3549999999999995,-11.039888143176732
2864,411440,PR,85,0.37723995584915854,71.76470588235294,5.161666666666667,-10.282266009852219
2865,411330,PR,173,0.3769333003213137,72.83236994219652,5.141666666666667,-9.747284916201117
2866,410975,PR,32,0.3768331299955355,75.0,4.8999999999999995,-8.5921568627451
2867,211170,MA,43,0.37678900904338125,72.09302325581395,4.173125000000001,-11.28837837837838
2868,320160,ES,173,0.37665824587350183,68.20809248554913,4.834666666666666,-9.46929243353783
2869,351110,SP,141,0.37662640291103716,68.08510638297872,5.278076923076924,-9.730000000000004
2870,330245,RJ,40,0.3764990738810211,62.5,5.1240000000000006,-8.98367647058824
2871,411450,PR,52,0.3764012745148247,71.15384615384616,5.315714285714286,-10.31460076045627
2872,110155,RO,24,0.3763499450217292,75.0,4.87,-10.962809917355372
2873,313340,MG,42,0.37620130883479425,73.80952380952381,5.29,-9.114545454545457
2874,420430,SC,373,0.37585289747141243,70.50938337801608,5.5827027027027025,-12.585690235690231
2875,210940,MA,32,0.3754081180968139,68.75,3.88875,-7.489689119170981
2876,315580,MG,57,0.3752504543020088,63.1578947368421,5.026666666666666,-8.361728813559322
2877,432190,RS,104,0.3752295006629869,75.96153846153845,5.47,-11.723752380952389
2878,316447,MG,32,0.3747933305699099,81.25,4.865,-10.916516129032264
2879,410070,PR,47,0.37470259745492246,72.3404255319149,5.131428571428571,-10.889419642857142
2880,520640,GO,54,0.37469164030858404,70.37037037037037,5.11,-8.048929889298888
2881,314655,MG,20,0.3742189390483944,65.0,4.234999999999999,-10.721043478260865
2882,315217,MG,51,0.37400710607240084,58.82352941176471,4.364000000000001,-9.712857142857148
2883,520360,GO,22,0.37398437833656445,63.63636363636363,4.835,-6.857065217391309
2884,421030,SC,40,0.37398333530921235,65.0,5.25,-8.446045197740114
2885,352280,SP,26,0.3739373762734719,88.46153846153845,5.003333333333333,-9.900000000000006
2886,160023,AP,64,0.3739225234061302,65.625,4.5025,-13.743580246913577
2887,314610,MG,245,0.3738596854123581,67.75510204081633,5.159666666666669,-9.174646042363431
2888,313865,MG,42,0.37379287509122683,76.19047619047619,4.616666666666667,-9.625728643216085
2889,421125,SC,21,0.3736452942483104,80.95238095238095,5.57,-10.323809523809524
2890,320332,ES,268,0.37358217618467127,72.38805970149254,4.972777777777777,-8.611708154506434
2891,430890,RS,59,0.3731881856779262,71.1864406779661,5.463750000000001,-10.292848484848484
2892,520490,GO,102,0.37317864058452666,68.62745098039215,4.786666666666667,-9.601796008869183
2893,411890,PR,52,0.3727687214553628,53.84615384615385,5.273333333333333,-9.31702127659574
2894,420850,SC,127,0.372569878232651,73.22834645669292,5.543000000000001,-9.620726429675424
2895,421780,SC,54,0.372399454530563,70.37037037037037,5.63,
2896,261330,PE,101,0.37232844452561303,71.28712871287128,4.125,-9.777413441955195
2897,412217,PR,21,0.37209877546488856,71.42857142857143,4.876666666666667,-8.375416666666665
2898,420390,SC,97,0.37197918573934013,68.04123711340206,5.562,-9.150664206642062
2899,430790,RS,326,0.37190322130039727,73.00613496932516,5.6342857142857135,-10.635359342915812
2900,311890,MG,24,0.37186021154656873,66.66666666666666,4.8525,-9.887394957983192
2901,317065,MG,30,0.371761742642805,90.0,4.906666666666667,-6.52880341880342
2902,500315,MS,151,0.3716615541699383,70.19867549668875,4.91,-10.510732824427478
2903,320080,ES,120,0.37165473457788856,69.16666666666667,5.161764705882354,-8.434248704663212
2904,314690,MG,56,0.37151384517189145,67.85714285714286,4.74,-11.668548199767706
2905,420400,SC,56,0.37138996754933673,78.57142857142857,5.3325,-9.575144927536229
2906,261030,PE,56,0.37125655922904127,71.42857142857143,4.37125,-9.594999999999999
2907,420090,SC,23,0.37123294429904324,78.26086956521739,5.5725,
2908,410940,PR,937,0.37117855269546235,71.39807897545357,5.227142857142856,-9.160018844221106
2909,313115,MG,78,0.3709742824988977,71.7948717948718,4.914285714285714,-9.817061855670104
2910,313300,MG,50,0.3708869180022911,82.0,5.104,-8.371470588235294
2911,312595,MG,61,0.370620154320252,67.21311475409836,4.6025,-8.209043478260867
2912,420550,SC,211,0.3702913609662486,72.51184834123224,5.315,-8.840577540106949
2913,521680,GO,22,0.3702212385261333,77.27272727272727,4.97,-6.979224137931036
2914,412790,PR,45,0.370058484117653,68.88888888888889,5.163333333333333,-9.879150943396228
2915,411705,PR,31,0.36994385206878355,70.96774193548387,5.0,-7.215394736842104
2916,315445,MG,26,0.3696958062577934,57.692307692307686,4.6225,-8.577243589743588
2917,315060,MG,20,0.36912652699824133,75.0,4.99,-7.80044247787611
2918,421460,SC,25,0.3691096497170034,52.0,5.665,-11.735223577235775
2919,352590,SP,727,0.3688868290865883,67.53782668500688,5.537261904761905,-9.510000000000005
2920,412740,PR,68,0.36879025014695777,66.17647058823529,5.0922222222222215,-8.019417475728158
2921,312890,MG,39,0.3687385295222944,79.48717948717949,5.036666666666666,-7.349523809523809
2922,521370,GO,42,0.3684344249731236,73.80952380952381,5.24,-8.9482320441989
2923,210545,MA,26,0.3683302180011662,61.53846153846154,4.20375,-9.309793814432986
2924,260805,PE,39,0.36818291548238047,79.48717948717949,4.684285714285714,-8.56846560846561
2925,313770,MG,78,0.36812356972390126,60.256410256410255,4.755714285714286,-9.415714285714287
2926,521150,GO,470,0.36785016206920634,70.63829787234043,5.211199999999999,-7.956164263870686
2927,330385,RJ,114,0.3677679838220923,69.2982456140351,4.992142857142857,-8.663578947368421
2928,311600,MG,23,0.3677068662914098,78.26086956521739,4.7675,-9.222969696969699
2929,431290,RS,36,0.3676133549242861,66.66666666666666,5.566666666666667,-4.526546906187624
2930,211060,MA,140,0.36759589658904396,66.42857142857143,4.067083333333333,-8.955466237942117
2931,432225,RS,31,0.3674176948343278,64.51612903225806,5.68,-11.253230769230766
2932,313410,MG,21,0.3672861193423901,61.904761904761905,5.215,-3.2513440860215024
2933,310970,MG,49,0.3672753098009212,65.3061224489796,5.168333333333333,-8.384222222222224
2934,110140,RO,66,0.3672560153118665,68.18181818181817,4.898571428571429,-8.806020408163267
2935,410160,PR,130,0.3672089849228299,71.53846153846153,5.187142857142857,-8.407844827586208
2936,352480,SP,74,0.3669535099158422,68.91891891891892,5.5078571428571435,-9.469999999999999
2937,412870,PR,42,0.3669147647113369,73.80952380952381,5.39,-9.217598253275114
2938,315420,MG,35,0.3668657037936277,71.42857142857143,5.29,-11.367777777777778
2939,310400,MG,437,0.3668656165867377,74.14187643020595,5.331935483870969,-8.075648312611012
2940,315960,MG,143,0.36683944446011735,69.23076923076923,5.236250000000001,-5.967823834196892
2941,421600,SC,52,0.3667585966569825,73.07692307692307,5.6,
2942,261460,PE,117,0.36633234203311676,73.50427350427351,4.456363636363636,-8.922824675324675
2943,261510,PE,29,0.3662317569079943,72.41379310344827,4.08,-8.906666666666663
2944,313630,MG,214,0.36620754289307955,73.83177570093457,4.861111111111111,-10.570535325241202
2945,354060,SP,106,0.3659489574963646,72.64150943396226,5.3675,-9.920000000000002
2946,410420,PR,643,0.3659438495228404,70.91757387247279,5.402142857142858,-8.67739666872301
2947,291940,BA,33,0.36594362980223477,75.75757575757575,4.5275,-9.059289340101522
2948,420740,SC,34,0.3658628844087293,97.05882352941177,5.574999999999999,-8.379337016574587
2949,316990,MG,349,0.3655708547603409,71.63323782234957,5.073235294117646,-7.1238543482471455
2950,522010,GO,118,0.3653993923679584,75.42372881355932,5.255833333333333,-8.444975845410628
2951,311930,MG,123,0.36493424530554497,73.17073170731707,5.088181818181819,-12.49043282743114
2952,270750,AL,67,0.36484716166304776,76.11940298507463,4.171666666666666,-10.368527865404833
2953,320503,ES,104,0.36482616033259424,76.92307692307693,4.978888888888889,-8.532783725910061
2954,310285,MG,39,0.3648068543326773,69.23076923076923,4.406666666666666,-8.405675675675678
2955,110026,RO,29,0.3646703571959938,65.51724137931035,4.835,-7.906486486486484
2956,351430,SP,21,0.3646700989847756,76.19047619047619,5.33,-8.150000000000006
2957,292030,BA,33,0.36452106213892527,72.72727272727273,4.1850000000000005,-9.68136645962733
2958,316250,MG,283,0.3643893701107284,69.6113074204947,5.183599999999998,-10.59258513189449
2959,355630,SP,43,0.3643709906253068,65.11627906976744,5.1814285714285715,-9.560000000000002
2960,211220,MA,696,0.36435781126336897,72.12643678160919,4.460714285714287,-8.506048589779395
2961,260560,PE,57,0.36414049854585,75.43859649122807,4.411,-8.564429967426706
2962,522140,GO,674,0.3641002274567954,71.66172106824926,5.083846153846154,-8.351788491446346
2963,315900,MG,20,0.36406400500889313,85.0,5.112500000000001,-9.79573770491803
2964,311660,MG,133,0.36401008290803977,73.68421052631578,5.213636363636364,-9.161896813353572
2965,110120,RO,33,0.36400493092599895,63.63636363636363,4.97,-9.096842105263157
2966,412065,PR,21,0.36399931864273816,71.42857142857143,5.1125,-7.491538461538465
2967,316710,MG,60,0.36395534331823554,66.66666666666666,4.556,
2968,221060,PI,164,0.3638823790317973,72.5609756097561,4.34,-9.196052631578944
2969,520013,GO,100,0.3638228325581531,68.0,5.01,-10.036978967495216
2970,210400,MA,72,0.3636628231244537,77.77777777777779,4.144285714285713,-9.026999999999997
2971,315080,MG,48,0.3636350713144357,68.75,4.659999999999999,-9.639755351681954
2972,431930,RS,20,0.3634564731383572,75.0,5.119999999999999,-8.48340659340659
2973,231060,CE,45,0.3632461718716285,82.22222222222221,4.3740000000000006,-9.374957264957263
2974,312070,MG,29,0.36309197899893175,58.620689655172406,5.140000000000001,-8.392925170068025
2975,320350,ES,108,0.36284861277841807,73.14814814814815,4.827142857142857,-8.271379310344832
2976,150690,PA,24,0.36273832441184073,66.66666666666666,4.121666666666667,-13.103981481481483
2977,350170,SP,66,0.36263671528373737,66.66666666666666,5.2225,-8.819999999999993
2978,411780,PR,59,0.36258156941525044,74.57627118644068,4.833333333333333,-8.105931558935364
2979,315690,MG,115,0.3624936982603377,72.17391304347827,5.249166666666666,-7.881414141414139
2980,316760,MG,84,0.36227941473411895,65.47619047619048,4.79125,-4.901952259164535
2981,411530,PR,31,0.36159141803004463,74.19354838709677,5.42,-8.251851851851846
2982,313660,MG,28,0.36154697236918254,75.0,4.944,-10.963020134228184
2983,310910,MG,31,0.361536720262987,61.29032258064516,5.15,-7.420789473684211
2984,520910,GO,146,0.36151908547308115,66.43835616438356,5.313076923076922,-7.374875739644974
2985,510345,MT,48,0.3614932830809426,75.0,4.973333333333334,-7.216039603960397
2986,411800,PR,55,0.3614251439853299,76.36363636363637,5.213333333333334,-8.710769230769227
2987,316530,MG,22,0.36112402953851735,77.27272727272727,5.215,-8.736934306569342
2988,313590,MG,28,0.3610902344312912,75.0,5.075,-9.13923076923077
2989,317075,MG,42,0.3605637637965251,73.80952380952381,5.03,-6.021814159292035
2990,310290,MG,36,0.3604225446989163,63.888888888888886,5.188333333333334,-8.610770712909442
2991,500025,MS,38,0.3603900924618766,78.94736842105263,5.27,-8.51736842105263
2992,421010,SC,225,0.36011947795390065,72.0,5.4505,-8.22759581881534
2993,316690,MG,41,0.3600261391001196,63.41463414634146,4.9399999999999995,-7.818089171974524
2994,411007,PR,72,0.3599940784521747,72.22222222222221,4.997777777777778,-8.919171270718229
2995,270460,AL,36,0.35977090576025433,66.66666666666666,4.203333333333333,-8.345714285714289
2996,430220,RS,30,0.35955612607497067,80.0,5.64,-7.513333333333328
2997,411560,PR,94,0.3594241182529671,75.53191489361703,5.090999999999999,-7.5876659528907915
2998,353880,SP,70,0.35930034934427324,74.28571428571429,5.352666666666665,-8.64
2999,317130,MG,201,0.3591905365922295,68.1592039800995,5.0227272727272725,-9.241773584905665
3000,411790,PR,156,0.3590419299747665,70.51282051282051,5.321111111111111,-8.238877551020408
3001,420630,SC,99,0.35879984104296253,76.76767676767676,5.721,-7.899189189189185
3002,260970,PE,69,0.35876838128248745,68.11594202898551,4.2940000000000005,-9.421639344262289
3003,421530,SC,40,0.3584128773066122,62.5,5.703333333333333,-9.196121794871786
3004,211023,MA,21,0.35822199485464656,61.904761904761905,3.996666666666667,-9.603658536585368
3005,421690,SC,120,0.35816786421873714,74.16666666666667,5.459999999999999,-8.670399334442598
3006,520110,GO,1529,0.3578487656914262,72.98888162197514,5.232626262626261,-11.728579175704994
3007,500400,MS,57,0.3578456424949059,75.43859649122807,5.324,-16.410447330447326
3008,431940,RS,58,0.3577472407044537,75.86206896551724,5.1274999999999995,-7.634351145038167
3009,314960,MG,22,0.3577204330628843,81.81818181818183,5.125,-7.071517857142851
3010,250930,PB,64,0.35764235955908064,65.625,4.488,-12.59601173020528
3011,410730,PR,26,0.35756669042446754,69.23076923076923,5.5,-9.252519083969462
3012,312120,MG,41,0.3573849598103095,78.04878048780488,5.1575,-6.461360946745562
3013,260730,PE,153,0.3573717522752121,63.39869281045751,4.173846153846154,-8.88
3014,410465,PR,106,0.3572315352078857,76.41509433962264,5.276666666666666,-8.148984238178631
3015,420890,SC,747,0.3571905550880412,69.87951807228916,5.613695652173912,-8.152332239241433
3016,430680,RS,74,0.3570201574020532,70.27027027027027,5.448888888888889,-8.987711711711716
3017,521375,GO,54,0.356580892689366,72.22222222222221,5.175000000000001,-7.495753424657536
3018,220540,PI,71,0.35652401327482597,66.19718309859155,3.8890000000000002,-10.22476331360947
3019,110008,RO,67,0.3565193763027717,67.16417910447761,4.753333333333334,-9.40965936739659
3020,315070,MG,35,0.35642759844323196,74.28571428571429,5.075,-8.796470588235296
3021,421140,SC,25,0.3564056399240446,68.0,5.52,-8.926296296296293
3022,355160,SP,48,0.3563234157243567,70.83333333333334,5.344285714285714,
3023,311130,MG,40,0.3562682387502837,62.5,5.043333333333334,-8.199361702127653
3024,313750,MG,87,0.35621443156411764,81.60919540229885,5.30125,-9.018850855745718
3025,352940,SP,779,0.35575596734214515,74.58279845956355,5.238,-15.673333333333332
3026,355300,SP,32,0.35569124626738435,78.125,5.1866666666666665,-8.620000000000005
3027,313460,MG,87,0.35564619214645216,74.71264367816092,5.1,-7.8189976133651555
3028,210542,MA,113,0.35555970134711,75.22123893805309,4.5,-9.33246753246753
3029,314730,MG,73,0.35544147201415255,72.6027397260274,5.223333333333334,-8.366145251396643
3030,316430,MG,20,0.3553227147046939,70.0,5.113333333333333,-6.292173913043482
3031,432195,RS,27,0.35524867567160723,74.07407407407408,5.136666666666667,-11.726756152125283
3032,320060,ES,495,0.35513480801075487,74.14141414141415,5.093030303030304,-7.322531853678585
3033,110094,RO,116,0.35505407643378956,67.24137931034483,4.775,-7.474508670520235
3034,432166,RS,42,0.35500153585398675,69.04761904761905,5.4375,-9.220946502057615
3035,522100,GO,20,0.35489551005931536,80.0,5.04,-8.098932038834949
3036,520753,GO,28,0.35477239617758044,64.28571428571429,4.902,-7.920967741935481
3037,314050,MG,64,0.3542531294716402,67.1875,5.133333333333334,-9.19242937853108
3038,432145,RS,106,0.35420104328030666,71.69811320754717,5.5825,-6.514719764011799
3039,313130,MG,816,0.3541779883474332,72.30392156862744,5.231,-7.6020834345888995
3040,251660,PB,42,0.3541330540141845,61.904761904761905,4.237500000000001,-8.048232044198897
3041,220160,PI,48,0.35411329455213464,77.08333333333334,4.1290000000000004,-6.4081027667984225
3042,312400,MG,53,0.3539743214938449,58.490566037735846,4.835,-10.106889632107025
3043,351620,SP,657,0.35377433187896484,67.73211567732116,5.399080459770117,-7.239999999999995
3044,510060,MT,66,0.3537010356486056,72.72727272727273,5.156666666666667,-8.774210526315791
3045,510680,MT,30,0.353390539688117,80.0,5.19,-12.229506172839505
3046,316045,MG,25,0.3531665633508538,76.0,4.532,-7.399624060150377
3047,432185,RS,27,0.35311935158783975,70.37037037037037,5.273333333333333,-6.930000000000003
3048,411430,PR,127,0.3530425413175792,74.80314960629921,5.290000000000001,-7.947136431784108
3049,430240,RS,48,0.3529186334903763,79.16666666666666,5.585714285714285,-4.869267676767684
3050,211223,MA,99,0.35278511583482763,70.70707070707071,4.385,-6.361673151750971
3051,250350,PB,64,0.35277978138894234,64.0625,4.3,-8.238327526132407
3052,110003,RO,30,0.3527020065484391,73.33333333333333,4.9525,-7.532450331125833
3053,316940,MG,220,0.352535989837486,74.54545454545455,5.12,-12.814784160986694
3054,351820,SP,43,0.3525303806822891,65.11627906976744,5.226666666666667,-8.090000000000003
3055,430050,RS,23,0.35244696324656244,82.6086956521739,5.286666666666666,-9.46034188034188
3056,210020,MA,53,0.352362750249682,77.35849056603774,4.126666666666667,-7.6057587548638175
3057,110050,RO,43,0.35223677700129946,62.7906976744186,4.88,-8.395463414634145
3058,312090,MG,326,0.35223624659870467,71.47239263803681,4.939333333333333,-2.4306419131529267
3059,313970,MG,25,0.35217912029225895,64.0,4.78,-6.505241730279892
3060,311000,MG,153,0.3521281787874769,74.50980392156863,5.277777777777779,-7.752838983050844
3061,310820,MG,28,0.35205189718782287,60.71428571428571,5.033333333333333,-12.107413793103449
3062,311535,MG,20,0.3519122092055771,75.0,5.386666666666667,-10.165789473684216
3063,352930,SP,140,0.3519103739948289,67.85714285714286,5.422083333333333,-9.646666666666661
3064,510279,MT,58,0.35159632474495794,68.96551724137932,4.9025,-6.046945551128815
3065,520530,GO,41,0.3515933848091067,68.29268292682927,4.458333333333333,-8.572358490566039
3066,521520,GO,21,0.3515508693973642,52.38095238095239,4.984999999999999,-7.840921052631575
3067,431402,RS,20,0.3511992079490299,70.0,5.5525,-3.6644224422442235
3068,314015,MG,78,0.3509464560552214,74.35897435897436,5.181428571428571,-7.913987538940811
3069,311550,MG,79,0.35091154542671754,72.15189873417721,5.034285714285715,-8.628958958958961
3070,521720,GO,48,0.35082457458872773,75.0,5.064,-6.747198275862069
3071,412760,PR,97,0.3508065331492692,77.31958762886599,5.278888888888889,-6.185009861932933
3072,210640,MA,81,0.3507230202375166,69.1358024691358,4.111538461538462,-7.1091685393258395
3073,320300,ES,147,0.3507188112837111,81.63265306122449,5.0025,-4.556614920224236
3074,311410,MG,53,0.3506590911178736,66.0377358490566,5.038,-6.292939814814815
3075,354160,SP,47,0.3506408884846975,72.3404255319149,5.259090909090909,-7.466666666666669
3076,431840,RS,69,0.35028589278581895,73.91304347826086,5.095833333333333,-8.610104166666659
3077,410830,PR,1239,0.34978172197055774,71.34786117836966,5.394050632911394,-7.47843839087741
3078,420570,SC,123,0.3495764637056792,73.98373983739837,5.519285714285714,-6.791721068249257
3079,314260,MG,29,0.3495484256972373,75.86206896551724,5.176666666666667,-9.388021978021978
3080,412840,PR,37,0.3494308327372294,81.08108108108108,5.296666666666667,-7.480769230769234
3081,354210,SP,20,0.3491992309632873,80.0,5.364999999999999,-9.200000000000003
3082,312620,MG,39,0.3490431875076534,56.41025641025641,4.74,-6.3463213213213265
3083,320250,ES,54,0.3489174615008561,75.92592592592592,4.9959999999999996,-6.242713178294578
3084,210465,MA,42,0.34879892382008404,64.28571428571429,4.0649999999999995,-6.4221212121212154
3085,261650,PE,57,0.34842998485948906,66.66666666666666,4.353999999999999,-8.096749226006194
3086,411880,PR,61,0.34785537700138197,68.85245901639344,5.195714285714286,-8.256097560975611
3087,421450,SC,31,0.3474489362990864,80.64516129032258,5.449999999999999,-4.223962703962708
3088,412240,PR,364,0.34741706712297765,71.97802197802197,5.254444444444445,-7.36538330494037
3089,270375,AL,53,0.3473470272425924,79.24528301886792,4.491250000000001,-7.8285294117647055
3090,314345,MG,27,0.34712438997499506,70.37037037037037,4.4175,-8.923955223880597
3091,520355,GO,48,0.34698430499795313,83.33333333333334,4.978,-8.21636363636364
3092,320310,ES,56,0.34697192407409255,69.64285714285714,4.7700000000000005,-6.4410062893081745
3093,411480,PR,193,0.3469407786486177,78.23834196891191,5.457857142857143,-6.835610997963341
3094,411940,PR,122,0.34662647452799994,77.04918032786885,5.222307692307692,-6.502335766423359
3095,353500,SP,24,0.3460879849083129,83.33333333333334,5.255,-7.969999999999999
3096,411020,PR,44,0.3460800015490575,77.27272727272727,4.9314285714285715,-8.441910112359547
3097,310665,MG,21,0.3460175507657098,76.19047619047619,4.460000000000001,-5.258571428571431
3098,355020,SP,60,0.345484709201147,73.33333333333333,5.064210526315789,-6.219999999999999
3099,316090,MG,21,0.3454210914486117,61.904761904761905,5.455,-6.571636363636361
3100,420190,SC,27,0.34531295189826994,77.77777777777779,5.630000000000001,-6.575585585585584
3101,314790,MG,425,0.3449384645579108,74.11764705882354,5.251428571428571,-7.943686460807596
3102,110037,RO,77,0.3449246503188036,84.4155844155844,4.775,-5.274078212290501
3103,432070,RS,58,0.3449109524035507,74.13793103448276,5.23125,-7.996666666666668
3104,350130,SP,45,0.34478297174866485,80.0,5.257499999999999,-7.810000000000002
3105,410970,PR,125,0.34463643086807655,71.2,5.123888888888889,-7.781333333333335
3106,355340,SP,38,0.3445559668790346,86.8421052631579,5.30375,-5.930000000000007
3107,316800,MG,157,0.3445186173735952,73.24840764331209,4.747777777777777,-13.704188034188034
3108,312430,MG,102,0.3443439625346461,83.33333333333334,4.505,-6.593903508771929
3109,316470,MG,273,0.34374918724751635,70.6959706959707,5.248095238095238,-7.07711634546752
3110,420120,SC,69,0.3435205458641418,76.81159420289855,5.8100000000000005,-8.325651340996172
3111,320225,ES,47,0.3431769468748771,70.2127659574468,5.026,-7.1129498525073735
3112,421610,SC,34,0.3431440189101571,79.41176470588235,5.543333333333334,-10.384296724470136
3113,211140,MA,60,0.3427410292792711,71.66666666666667,4.244,-7.228303886925795
3114,431280,RS,30,0.3425614280899513,90.0,5.345000000000001,-7.971782945736432
3115,522160,GO,165,0.3424814596705422,78.18181818181819,5.137368421052632,-4.041443736730359
3116,354130,SP,82,0.3422605255952229,75.60975609756098,5.216923076923077,-8.173333333333332
3117,521740,GO,98,0.3421446170186274,79.59183673469387,5.130833333333334,-6.048030592734228
3118,220330,PI,50,0.34211404414017166,66.0,4.295,-8.483276595744679
3119,420660,SC,24,0.3420821404364962,70.83333333333334,5.6,-8.833333333333336
3120,411210,PR,75,0.34192076336851884,77.33333333333333,5.36625,-7.162432432432435
3121,316460,MG,44,0.34157572820562304,75.0,4.816666666666666,-5.920800000000003
3122,351210,SP,29,0.34132951512479676,72.41379310344827,5.254,-7.3700000000000045
3123,353050,SP,91,0.3412522841279224,68.13186813186813,5.291666666666666,-8.829999999999998
3124,510645,MT,20,0.341141457014688,65.0,4.9,-5.658861788617889
3125,260270,PE,54,0.3408334940202819,70.37037037037037,4.3149999999999995,-7.305277777777775
3126,231000,CE,47,0.3407361626695976,78.72340425531915,4.458333333333333,-7.244304932735421
3127,313020,MG,42,0.34071504695749166,73.80952380952381,5.154999999999999,-5.231850220264315
3128,250570,PB,35,0.3406647218000159,74.28571428571429,4.266,-9.959604519774008
3129,320035,ES,46,0.34064987028267685,67.3913043478261,4.796,-6.03623655913978
3130,421850,SC,68,0.3405552306035724,75.0,5.68,-6.841056338028169
3131,316870,MG,260,0.34033999468921433,72.3076923076923,5.213913043478261,-6.480895295902886
3132,250950,PB,27,0.34018186721880245,77.77777777777779,4.62,-5.252421875000003
3133,411370,PR,1994,0.34006037908458114,74.77432296890673,5.442828947368424,-5.952600878537132
3134,310060,MG,56,0.3397403700849937,78.57142857142857,4.441666666666666,
3135,311710,MG,37,0.3396037022833121,70.27027027027027,5.1475,-5.737214611872143
3136,311190,MG,24,0.33949784873469596,70.83333333333334,5.1899999999999995,-9.247551020408164
3137,355370,SP,90,0.3393172203617908,68.88888888888889,5.332105263157893,-7.170000000000002
3138,431400,RS,33,0.33913280346288416,75.75757575757575,5.654999999999999,-3.5085596707818976
3139,520780,GO,36,0.3390278072373689,75.0,5.13,-6.23490909090909
3140,410660,PR,98,0.3389243803109322,79.59183673469387,5.17,-6.226673387096773
3141,350520,SP,49,0.3384373184789127,69.38775510204081,5.321111111111111,-7.700000000000003
3142,210880,MA,44,0.3383340667051238,59.09090909090909,4.236249999999999,-14.567899159663867
3143,354370,SP,29,0.338314722233513,82.75862068965517,5.205,-5.170000000000002
3144,411960,PR,113,0.33823767397469057,73.45132743362832,5.029166666666666,-6.813524804177548
3145,412385,PR,48,0.33819810760489716,77.08333333333334,4.88,-7.209741379310342
3146,412860,PR,30,0.3379945812353525,60.0,5.268,-6.426779661016948
3147,431215,RS,28,0.3379368147196688,78.57142857142857,5.3566666666666665,-4.548720238095244
3148,421290,SC,112,0.33789026347589035,67.85714285714286,5.4475,-6.5078385416666675
3149,320240,ES,605,0.33778663633632433,75.37190082644628,5.034878048780489,-6.169240913477004
3150,353600,SP,22,0.3377743254815402,72.72727272727273,4.983999999999999,-6.6200000000000045
3151,412820,PR,233,0.33766774703196073,69.95708154506438,5.381944444444445,-5.903005272407733
3152,352340,SP,190,0.3374084168427642,71.57894736842105,5.479677419354838,-6.530000000000001
3153,320313,ES,62,0.337374575535494,75.80645161290323,5.117142857142857,-5.650774907749075
3154,130010,AM,109,0.3373676208653406,72.47706422018348,4.167777777777777,-6.363370508054526
3155,431320,RS,104,0.33715283499142057,71.15384615384616,5.781,-6.94927083333333
3156,520995,GO,80,0.3368742030925692,77.5,5.133333333333333,-5.891726618705032
3157,411350,PR,101,0.33655105417667025,69.3069306930693,5.253333333333333,-6.99625730994152
3158,312820,MG,26,0.33641064128682263,61.53846153846154,4.8180000000000005,
3159,410260,PR,56,0.33628224251807565,69.64285714285714,5.367142857142857,-6.733921568627457
3160,312110,MG,31,0.3362601722289909,67.74193548387096,5.0775,-5.19107142857143
3161,431590,RS,23,0.3360191140302435,65.21739130434783,5.556666666666667,-9.68844086021505
3162,500124,MS,70,0.3359391412857206,72.85714285714285,4.918571428571428,-6.297850467289718
3163,310490,MG,45,0.33536080496638654,75.55555555555556,4.921666666666666,-5.649336492890988
3164,310200,MG,54,0.3350936774918672,79.62962962962963,5.152,-6.537724137931033
3165,430140,RS,39,0.3350336628472773,82.05128205128204,5.45,
3166,316260,MG,29,0.33497595864737434,72.41379310344827,5.02,-4.25794871794872
3167,311060,MG,110,0.33494701844999963,71.81818181818181,5.2909999999999995,-7.09
3168,330515,RJ,85,0.3348678256914814,75.29411764705883,5.131,-5.822638036809817
3169,521850,GO,228,0.3348601296773566,75.0,5.222857142857143,-6.617539823008848
3170,251170,PB,22,0.33462890649031435,86.36363636363636,4.256666666666667,3.0248076923076894
3171,314910,MG,27,0.33447599607087614,88.88888888888889,5.0275,-8.081917808219176
3172,260650,PE,76,0.3343630556331863,69.73684210526315,3.99,-5.966815642458098
3173,312230,MG,628,0.3343220362736023,72.13375796178345,5.3001851851851844,-6.093408062930191
3174,314590,MG,153,0.33427910779216763,71.24183006535948,5.386428571428572,-6.470792602377806
3175,432020,RS,46,0.33426000234064157,63.04347826086957,5.18,-5.991854636591485
3176,410150,PR,470,0.3342417583183544,73.82978723404256,5.409473684210526,-6.493894867549667
3177,350280,SP,291,0.33420625446922464,72.16494845360825,5.314400000000003,-5.780000000000001
3178,311070,MG,46,0.33374911484150765,78.26086956521739,5.032,-4.5278813559322035
3179,314100,MG,63,0.3337046418449955,77.77777777777779,4.661666666666666,-4.4088929889298925
3180,314435,MG,32,0.33368663494922446,68.75,5.005,-7.270394736842104
3181,315400,MG,64,0.33367591170936356,70.3125,4.677142857142857,-6.281666666666659
3182,313250,MG,169,0.3335618625429444,79.28994082840237,4.601333333333334,-2.595042735042732
3183,314180,MG,109,0.33335271201463573,77.06422018348624,4.43,-5.993065420560748
3184,230170,CE,89,0.33302845772946177,73.03370786516854,4.217,-6.700774193548389
3185,521570,GO,157,0.3327872403166715,73.24840764331209,5.044444444444444,-5.416590257879654
3186,316550,MG,24,0.3327650536406478,66.66666666666666,4.640000000000001,-11.943396226415093
3187,260240,PE,36,0.3327183287090692,86.11111111111111,4.305,-4.768571428571427
3188,251420,PB,41,0.33257370729344204,73.17073170731707,4.2666666666666675,-6.101290322580647
3189,421060,SC,113,0.3325685809650219,75.22123893805309,5.775,-4.8343370786516875
3190,315700,MG,161,0.3325010235954775,76.3975155279503,4.516249999999999,-6.857850304612707
3191,410460,PR,82,0.33236971288735034,80.48780487804879,5.338571428571429,-4.476129032258062
3192,412330,PR,45,0.3321513674410873,68.88888888888889,5.2275,-7.939951923076919
3193,313720,MG,206,0.33207880722643496,75.72815533980582,5.152,-5.6698333333333295
3194,316400,MG,28,0.3320295401758492,78.57142857142857,4.6875,-6.824344262295078
3195,500020,MS,159,0.33194116833459,72.95597484276729,5.0425,-6.148181818181818
3196,250135,PB,21,0.331925296770123,85.71428571428571,4.586666666666667,-9.50544117647059
3197,510030,MT,71,0.33154665865367794,76.05633802816901,5.208571428571428,-5.34863636363636
3198,313620,MG,283,0.33125264238744884,77.3851590106007,5.2575,-4.571213017751479
3199,260515,PE,62,0.33111808549052824,66.12903225806451,4.3549999999999995,-5.3918633540372625
3200,314990,MG,64,0.3309639164246762,81.25,5.2025,-5.142950819672132
3201,412265,PR,30,0.33058646947640036,70.0,4.93,-6.12941176470588
3202,310510,MG,76,0.3305011217551838,71.05263157894737,5.1450000000000005,-6.852061538461535
3203,260180,PE,35,0.3302810082505992,65.71428571428571,4.085,-6.217555555555554
3204,220500,PI,33,0.3302640134104105,69.6969696969697,4.20875,-6.048620689655168
3205,310560,MG,354,0.33010855801559846,74.57627118644068,5.24076923076923,-5.610122757318223
3206,431910,RS,23,0.33008091445502263,73.91304347826086,5.715,-6.847870370370373
3207,410570,PR,90,0.33006741518255667,77.77777777777779,5.177692307692308,-6.039950617283949
3208,316130,MG,25,0.32980501668778983,84.0,4.99,-5.138842975206613
3209,311230,MG,181,0.32935740919355655,72.37569060773481,4.693076923076923,-4.409856593214411
3210,411690,PR,82,0.32923349406242236,75.60975609756098,5.274,-5.614444444444444
3211,431380,RS,38,0.3291959903718651,65.78947368421053,4.983333333333333,-7.005525362318837
3212,411850,PR,361,0.3290604918314226,75.90027700831024,5.479444444444442,-5.172653485952133
3213,351020,SP,86,0.3287781998574538,76.74418604651163,5.215882352941176,-5.3700000000000045
3214,510610,MT,55,0.32864335555629043,76.36363636363637,4.651111111111112,-7.818222222222224
3215,430370,RS,21,0.32847151088264126,66.66666666666666,5.6433333333333335,-5.31528301886793
3216,230870,CE,239,0.3280990271400193,73.22175732217573,4.389473684210528,-6.023524804177548
3217,313550,MG,62,0.3280720822318325,75.80645161290323,4.551428571428572,-6.4089583333333255
3218,261280,PE,55,0.3280603329254004,65.45454545454545,4.3975,-6.0049999999999955
3219,500080,MS,49,0.3280207641139621,73.46938775510205,5.2675,-8.227647058823532
3220,260850,PE,61,0.3278922835532534,81.9672131147541,4.241111111111111,-4.529178082191779
3221,410490,PR,383,0.3278704638552975,74.1514360313316,5.156000000000001,-5.598721843897325
3222,314400,MG,100,0.3278512946846501,69.0,4.580000000000001,-4.072085732565583
3223,230440,CE,7270,0.32773559370059074,74.55295735900962,4.5598398169336365,1.494384007565221
3224,420790,SC,52,0.3274620082438728,86.53846153846155,5.356,-4.421294117647062
3225,316255,MG,72,0.3274312621703264,69.44444444444444,4.99,-5.791589403973509
3226,314860,MG,59,0.3273976221049885,72.88135593220339,4.444285714285714,-4.609784075573552
3227,410240,PR,108,0.32739520573870506,66.66666666666666,5.221333333333334,-5.902826446280993
3228,230150,CE,20,0.3273786885624428,85.0,4.3,-5.466060606060606
3229,410050,PR,87,0.32728925740933024,70.11494252873564,5.154444444444445,-5.095367088607592
3230,520880,GO,420,0.3265571321489671,73.09523809523809,5.053333333333333,-5.037993262752641
3231,412402,PR,76,0.32644235271599603,68.42105263157895,5.333333333333333,-4.241470588235293
3232,411920,PR,32,0.3263619539320953,71.875,5.071666666666666,-4.423899371069187
3233,310220,MG,21,0.32597020963524265,71.42857142857143,4.640000000000001,-5.471726907630517
3234,421180,SC,24,0.3254814656646324,70.83333333333334,5.343333333333333,-2.9949999999999974
3235,410790,PR,56,0.3248632536123842,71.42857142857143,5.04,-4.875796178343946
3236,412120,PR,97,0.3248159536853005,72.16494845360825,5.1971428571428575,-6.164715789473683
3237,353390,SP,107,0.32477546455330153,71.02803738317756,5.376,-5.280000000000001
3238,510787,MT,145,0.3247073331626998,80.0,5.0649999999999995,-3.126601466992665
3239,315730,MG,26,0.3247022620680763,76.92307692307693,4.875,-9.890322580645158
3240,410405,PR,20,0.32470201586511954,80.0,5.234999999999999,-4.409999999999997
3241,410090,PR,30,0.324422853501366,73.33333333333333,5.045,-5.164444444444448
3242,313920,MG,70,0.3240352175735482,70.0,4.494,-7.067526041666671
3243,311110,MG,46,0.32391134680988054,80.43478260869566,5.181250000000001,-3.8061354581673275
3244,431442,RS,22,0.3238277002938799,77.27272727272727,5.783333333333333,-7.575945945945941
3245,320230,ES,165,0.32355250184159534,73.33333333333333,4.792000000000001,-4.653485064011379
3246,313370,MG,73,0.32347360318641727,72.6027397260274,5.225,-6.467169811320757
3247,310830,MG,57,0.3232494341150595,71.9298245614035,5.264285714285714,-3.2545846817691415
3248,520410,GO,54,0.3232467121058207,70.37037037037037,5.1825,-4.538191126279868
3249,410700,PR,73,0.32284013406416934,78.08219178082192,5.0825,-5.078240469208212
3250,421580,SC,345,0.322536470373826,78.26086956521739,5.584999999999999,-3.620500673984208
3251,410832,PR,45,0.32218168234519073,84.44444444444444,5.326666666666667,-5.2952083333333375
3252,410710,PR,21,0.32207404217940616,76.19047619047619,5.29,-4.4876068376068385
3253,314800,MG,520,0.32182167305523085,74.23076923076923,5.234722222222221,-5.35580444098169
3254,410350,PR,43,0.32163407918906445,62.7906976744186,5.17,-4.8822471910112375
3255,260250,PE,47,0.3215823673968384,68.08510638297872,4.3,-4.803521126760563
3256,520030,GO,136,0.32145880172286045,77.20588235294117,5.0600000000000005,-3.9947598870056455
3257,312270,MG,23,0.3212297951317674,73.91304347826086,5.16,-2.2966304347826085
3258,311400,MG,42,0.3212149689319298,69.04761904761905,5.03,-6.03645161290323
3259,412033,PR,27,0.3209556506810549,66.66666666666666,5.17,-4.524330708661419
3260,210080,MA,53,0.3208948273732083,62.264150943396224,4.095333333333333,-10.303402777777777
3261,510740,MT,28,0.32083856319413784,78.57142857142857,5.0649999999999995,-5.552827586206893
3262,210780,MA,145,0.32078982418316065,71.72413793103448,4.031363636363635,-6.456035502958578
3263,521550,GO,34,0.32052163029048364,79.41176470588235,5.375,-4.023584905660371
3264,320260,ES,57,0.32028627875693105,73.68421052631578,5.252,-3.9089328063241067
3265,421810,SC,26,0.32016526217007696,76.92307692307693,5.37,-4.2549999999999955
3266,210455,MA,133,0.32014633343659726,76.69172932330827,4.458181818181819,-5.865253164556963
3267,521230,GO,22,0.32003850032204734,81.81818181818183,4.968,-3.5744303797468366
3268,510615,MT,89,0.3200230180270014,66.29213483146067,4.965,-5.1290249999999995
3269,311760,MG,22,0.31992625455174045,72.72727272727273,5.1066666666666665,
3270,412570,PR,121,0.31985099841761855,77.68595041322314,5.187647058823529,-4.324506627393225
3271,230750,CE,94,0.3197582819675489,71.27659574468085,4.198181818181818,-5.13257197696737
3272,312083,MG,20,0.31971918190389303,75.0,4.975,2.291666666666666
3273,350360,SP,31,0.31968202069507023,80.64516129032258,5.1975,-4.980000000000004
3274,411990,PR,1208,0.31961235008560945,75.91059602649007,5.27015037593985,-4.149647524071521
3275,110014,RO,87,0.31958681147156925,63.2183908045977,4.917142857142857,-4.768947368421052
3276,412853,PR,58,0.31951377135937287,77.58620689655173,5.119999999999999,-4.309960159362552
3277,261220,PE,312,0.3194205312930779,75.32051282051282,4.492500000000001,-4.455963488843817
3278,314500,MG,72,0.3194191975981591,72.22222222222221,5.185714285714285,-4.8230534351145025
3279,313055,MG,25,0.31939876751337926,80.0,4.98,-4.128990825688074
3280,430100,RS,69,0.319295991291493,66.66666666666666,5.591111111111111,-6.357142857142859
3281,316200,MG,97,0.3192548403147789,73.19587628865979,4.974545454545455,-4.2413729508196765
3282,310163,MG,42,0.3191393401015045,83.33333333333334,5.513333333333334,-4.387161290322579
3283,420415,SC,21,0.3190641142292107,76.19047619047619,5.306666666666667,-3.5500000000000016
3284,261050,PE,77,0.31905651321583384,74.02597402597402,4.243,-4.4514669926650345
3285,431407,RS,24,0.3190424384222089,91.66666666666666,5.3225,-6.1679012345679
3286,231375,CE,88,0.31874030578112855,80.68181818181817,4.12909090909091,-5.7102558635394445
3287,210923,MA,26,0.3181943072042693,69.23076923076923,4.291666666666667,-4.940322580645162
3288,312600,MG,36,0.3180817172226257,72.22222222222221,5.445,-8.740886075949367
3289,421003,SC,27,0.3178526330683745,70.37037037037037,5.97,-4.456209150326802
3290,410640,PR,154,0.3176682889096924,70.77922077922078,5.404736842105263,-4.966733921815892
3291,352270,SP,67,0.3169027634799861,79.1044776119403,5.29,-4.489999999999995
3292,320070,ES,52,0.3168855205777189,78.84615384615384,4.888333333333333,-4.0693877551020465
3293,311390,MG,65,0.3168615218199188,69.23076923076923,4.8825,-3.381368821292776
3294,411460,PR,275,0.3168254763425977,76.72727272727272,5.359166666666668,-4.133011320754719
3295,210095,MA,77,0.3165957721754991,79.22077922077922,4.002,-4.516656050955415
3296,354760,SP,39,0.3165949555229163,79.48717948717949,5.285555555555556,-4.680000000000007
3297,230710,CE,156,0.3165110562760064,69.87179487179486,4.345882352941176,-5.518789546079784
3298,210390,MA,67,0.31639905878524466,73.13432835820896,3.8641666666666667,-4.023890675241154
3299,410045,PR,22,0.3163889986523399,81.81818181818183,4.99,-3.153711340206187
3300,351770,SP,40,0.3163562839874431,77.5,5.203333333333333,-3.730000000000004
3301,520425,GO,39,0.31628905326718093,79.48717948717949,5.19,-4.298078817733989
3302,230720,CE,43,0.31622037245580364,76.74418604651163,4.294,-4.246231884057967
3303,312610,MG,216,0.31612806170429975,79.62962962962963,5.265263157894738,-3.4327145299145263
3304,320405,ES,138,0.31612063891793046,78.26086956521739,4.836666666666667,-4.029084867075664
3305,410230,PR,91,0.31575760633991157,80.21978021978022,5.372727272727273,-4.494999999999997
3306,311510,MG,63,0.31563963286942526,80.95238095238095,5.199999999999999,-1.574820512820513
3307,520085,GO,29,0.3156148252631836,75.86206896551724,4.803333333333334,-3.6335652173913036
3308,230970,CE,344,0.3150340970154767,76.45348837209302,4.589199999999999,-6.569013452914799
3309,500830,MS,679,0.31492529018379767,74.52135493372607,5.206774193548386,-5.841902321374734
3310,351830,SP,80,0.31489493264140733,76.25,5.372941176470587,-3.030000000000001
3311,261530,PE,171,0.31488021396857646,79.53216374269006,4.294545454545455,-4.372686945500637
3312,411722,PR,54,0.3148772479879999,70.37037037037037,5.62,-5.114349442379185
3313,320265,ES,58,0.3146733657220786,63.793103448275865,4.834,-6.262911392405068
3314,314980,MG,88,0.31462305275400076,75.0,5.123333333333333,-4.461741935483871
3315,316257,MG,35,0.3144711108583144,71.42857142857143,4.9975000000000005,-3.9449999999999985
3316,314530,MG,103,0.3144080928405625,74.75728155339806,4.274375,-4.64857795172864
3317,410890,PR,46,0.3142881112133879,82.6086956521739,5.130000000000001,-3.4827745664739904
3318,354150,SP,59,0.31425854258325864,76.27118644067797,5.359999999999999,-3.430000000000007
3319,312450,MG,39,0.31408121170506936,74.35897435897436,5.255,-6.846911764705878
3320,411860,PR,29,0.3140237581284426,89.65517241379311,5.295,-3.7218656716417917
3321,350270,SP,50,0.31356026484511434,76.0,5.042307692307692,-4.163333333333327
3322,520590,GO,32,0.3134223934280668,75.0,5.265,-2.5483510638297906
3323,316370,MG,162,0.31330202666190793,77.1604938271605,5.205833333333334,-5.780184956843403
3324,432100,RS,48,0.31319080239621716,70.83333333333334,5.238333333333333,-2.9639166666666608
3325,411120,PR,77,0.31289937964612385,71.42857142857143,5.226,-4.577260273972598
3326,314650,MG,29,0.3126593543938687,82.75862068965517,5.215,-3.402885906040268
3327,522230,GO,25,0.3126306811509422,72.0,4.935,-3.0500000000000043
3328,320440,ES,53,0.312597364114209,83.01886792452831,5.036,-2.334745762711864
3329,520670,GO,21,0.31243834132492704,85.71428571428571,4.88,-2.5758715596330255
3330,230040,CE,66,0.31237799366105123,69.6969696969697,4.181111111111111,-4.504615384615385
3331,230130,CE,107,0.31210022604679777,75.70093457943925,4.202,-3.7268138801261834
3332,310120,MG,20,0.3120891060419034,80.0,5.055,-6.388602150537638
3333,110009,RO,173,0.3120402302877326,74.56647398843931,4.833333333333334,-6.407126158806925
3334,270200,AL,30,0.31199829053981293,73.33333333333333,4.176666666666667,-3.8134806629834284
3335,430950,RS,23,0.3119656246169236,65.21739130434783,5.486666666666667,-1.2855263157894805
3336,412730,PR,52,0.31173059221039845,80.76923076923077,5.122857142857143,-4.650877192982461
3337,312320,MG,44,0.31147418068982397,77.27272727272727,5.0200000000000005,-3.471308411214954
3338,431540,RS,22,0.31141681077430877,86.36363636363636,4.73,-5.936434108527131
3339,353350,SP,66,0.311289985751495,68.18181818181817,5.300833333333334,-4.340000000000003
3340,520060,GO,54,0.3112777296665747,66.66666666666666,5.056,-7.341971830985916
3341,431645,RS,42,0.3110907326184777,80.95238095238095,5.4174999999999995,-7.494759152215796
3342,410895,PR,35,0.31101950208906776,74.28571428571429,5.0075,-4.130927835051548
3343,430020,RS,20,0.3109967726232455,70.0,5.54,-10.556272401433697
3344,410170,PR,64,0.3109692856475581,84.375,5.175,-3.2299720670391046
3345,430120,RS,45,0.3109465128656884,86.66666666666667,5.183750000000001,-2.6389438943894348
3346,353900,SP,20,0.310725528603619,80.0,5.395,-4.390000000000001
3347,313870,MG,24,0.31067970886627694,62.5,5.255000000000001,-1.152710280373828
3348,314310,MG,182,0.3105198606305292,71.42857142857143,5.143076923076923,-4.012460136674259
3349,312050,MG,30,0.310372566288042,80.0,4.975,-7.676467661691541
3350,314350,MG,43,0.3102508971679803,76.74418604651163,4.9925,-2.741857923497273
3351,261390,PE,353,0.3101141506213788,75.63739376770539,4.490571428571428,-3.0439241223103073
3352,313880,MG,56,0.3099995873490545,78.57142857142857,4.961666666666666,-5.764304635761592
3353,430471,RS,24,0.30983546020425046,62.5,5.34,-1.5814545454545517
3354,310860,MG,120,0.30972371743144567,82.5,4.481428571428571,-4.614573894282628
3355,314300,MG,29,0.3097175493385821,86.20689655172413,5.092,-3.9202994011976093
3356,150775,PA,34,0.3097134753671193,70.58823529411765,4.476666666666667,-3.9141573033707875
3357,420380,SC,253,0.3096899806241321,79.84189723320159,5.350769230769232,-2.995162666666661
3358,110018,RO,167,0.30958805403529527,76.04790419161677,5.042142857142857,-4.406228070175436
3359,230495,CE,104,0.3093306463269924,79.8076923076923,4.3707692307692305,-3.736748466257672
3360,412460,PR,31,0.3091339197545063,83.87096774193549,5.27,-3.8108522727272693
3361,220320,PI,49,0.3091132875756564,71.42857142857143,4.175000000000001,-5.189145907473313
3362,315830,MG,26,0.30903686560089,73.07692307692307,5.109999999999999,-2.5636764705882342
3363,210770,MA,102,0.30891569222398146,74.50980392156863,4.356363636363636,-3.312130177514793
3364,316935,MG,119,0.30878621905603876,74.78991596638656,5.010000000000001,1.1291366495140107
3365,230830,CE,112,0.3087561002433397,83.92857142857143,4.302,-2.726153846153846
3366,260150,PE,49,0.30865410303429053,77.55102040816327,4.235,-4.151600000000001
3367,315130,MG,56,0.30849643155960266,85.71428571428571,4.9799999999999995,-6.720611979166666
3368,412795,PR,28,0.30832036040034483,78.57142857142857,5.43,-4.553450292397661
3369,412160,PR,30,0.3081686003104314,83.33333333333334,5.29,-2.8886928104575187
3370,316380,MG,28,0.30799315848409464,78.57142857142857,4.802,-3.283448275862069
3371,150590,PA,160,0.3079718902924138,80.625,3.4996551724137928,-3.352000000000004
3372,310840,MG,58,0.30794830216095076,77.58620689655173,5.064,-1.8188571428571478
3373,522040,GO,100,0.30779328228991826,79.0,5.151666666666666,-2.830769230769227
3374,411710,PR,65,0.3075735468035627,73.84615384615385,5.368333333333333,-3.9515772870662467
3375,431043,RS,28,0.3074496413349363,64.28571428571429,5.656666666666666,-7.1820056497175155
3376,500460,MS,123,0.3073159877935689,78.04878048780488,5.14,-3.6794117647058866
3377,313220,MG,61,0.3072754458949842,72.1311475409836,5.232,-7.371558441558442
3378,420470,SC,58,0.3072562482865364,70.6896551724138,5.6033333333333335,-3.7634234234234207
3379,310800,MG,54,0.3063246831918729,79.62962962962963,4.7139999999999995,-4.934503816793891
3380,316450,MG,20,0.30617609638468146,75.0,4.462000000000001,
3381,315340,MG,55,0.305983373164605,83.63636363636363,4.934,-2.1858441558441557
3382,352000,SP,39,0.30597211045571054,74.35897435897436,5.19,-2.7099999999999937
3383,510628,MT,39,0.3058861623138979,82.05128205128204,5.106,-1.3263507109004742
3384,310855,MG,94,0.3058851817525063,84.04255319148936,4.9,-3.27404545454546
3385,421567,SC,44,0.30583745296774806,79.54545454545455,5.2219999999999995,-2.5591289782244604
3386,310730,MG,169,0.30561149343064337,73.96449704142012,4.67625,-6.06641801075269
3387,412170,PR,119,0.3055865246640245,74.78991596638656,4.8972727272727266,-3.0986623164763447
3388,316510,MG,30,0.3051515472409694,83.33333333333334,5.09,-3.6119718309859152
3389,353640,SP,26,0.30500640829571396,76.92307692307693,5.155,-4.140000000000001
3390,410430,PR,378,0.3046687673497326,79.1005291005291,5.317096774193549,-2.830898985016917
3391,314600,MG,96,0.3044677204869727,72.91666666666666,5.234545454545454,-0.25239334779464606
3392,521460,GO,136,0.30435816585985964,73.52941176470588,5.052142857142856,-3.452995391705068
3393,311880,MG,88,0.3042556866706569,79.54545454545455,4.424375,-5.29606060606061
3394,520520,GO,30,0.3042468617920457,70.0,5.0600000000000005,-3.7791666666666632
3395,410290,PR,90,0.30408703402992165,75.55555555555556,5.190999999999999,-4.964999999999996
3396,320150,ES,432,0.3040818131781048,80.32407407407408,5.002564102564103,0.9649361207897809
3397,313380,MG,287,0.30400577082044594,81.53310104529616,5.283703703703703,-2.7041624609468844
3398,330590,RJ,24,0.3036518225523838,83.33333333333334,4.9559999999999995,-1.7650000000000006
3399,251330,PB,22,0.3034332163849159,72.72727272727273,4.425,-4.499545454545455
3400,311100,MG,83,0.3032127233767062,79.51807228915662,5.156666666666666,-3.9458474576271145
3401,412560,PR,180,0.3029320991946313,78.88888888888889,5.258636363636363,-3.6505726405090204
3402,316910,MG,35,0.3027513522976952,77.14285714285715,5.175,-3.4122274881516574
3403,520480,GO,37,0.30270538177410605,70.27027027027027,5.025,-1.2791878172588833
3404,314820,MG,20,0.3025969169319446,90.0,4.8149999999999995,-3.414999999999999
3405,310370,MG,25,0.30251201437853015,72.0,4.6466666666666665,0.23344537815126642
3406,350650,SP,204,0.3023242524939217,76.47058823529412,5.337931034482757,-1.8700000000000045
3407,270300,AL,40,0.3022236101671623,65.0,4.108,-4.159257142857147
3408,520470,GO,67,0.30205515269266187,82.08955223880598,5.074285714285715,-2.831513353115729
3409,351860,SP,71,0.30194983144212006,83.09859154929578,5.241249999999999,-1.3299999999999983
3410,210407,MA,45,0.30194876738290066,75.55555555555556,4.331666666666666,-3.7196761133603253
3411,231260,CE,53,0.30177359689062566,75.47169811320755,4.083333333333334,-6.473451327433633
3412,311830,MG,521,0.3017014727585915,79.27063339731286,5.29763157894737,-2.896714304107128
3413,310810,MG,24,0.30100159362191564,83.33333333333334,5.095000000000001,-1.413243243243243
3414,521350,GO,35,0.30082956718296133,82.85714285714286,4.388333333333333,0.601646090534977
3415,410540,PR,104,0.30076289384054705,73.07692307692307,5.305714285714286,-4.613030303030304
3416,410930,PR,85,0.3004508675847622,69.41176470588235,4.956666666666667,-4.328548387096773
3417,315660,MG,30,0.30039854379199216,83.33333333333334,4.3225,-2.928082191780824
3418,431303,RS,21,0.300124228010758,85.71428571428571,5.27,-3.8953741496598653
3419,313040,MG,20,0.30011341402199126,80.0,5.213333333333334,-2.9300813008130078
3420,320305,ES,152,0.3000663839373236,78.28947368421053,4.786875,-3.7405800464037124
3421,410322,PR,21,0.2997720115388828,71.42857142857143,5.615,-3.2811111111111115
3422,351015,SP,21,0.29950012155242045,76.19047619047619,5.013333333333333,
3423,420150,SC,36,0.2994503773412035,72.22222222222221,5.785,-0.8978055555555547
3424,311870,MG,27,0.2994270408459466,74.07407407407408,5.003333333333333,-3.501383647798744
3425,351518,SP,54,0.2994092272521339,70.37037037037037,5.413076923076923,-3.5600000000000023
3426,410620,PR,118,0.2989911640905758,77.11864406779661,5.270833333333333,-2.1185374771480805
3427,412610,PR,25,0.29892109838065467,68.0,5.223333333333333,-0.19822368421052872
3428,432026,RS,21,0.2987872720427557,71.42857142857143,5.1425,-4.407017543859654
3429,410550,PR,355,0.298642840719021,80.84507042253522,5.393076923076923,-2.638275678552419
3430,411490,PR,41,0.29859470428223284,73.17073170731707,5.204,-1.1421359223301026
3431,270110,AL,33,0.2985882697470635,78.78787878787878,4.284,-1.805258620689656
3432,412750,PR,98,0.2980712161632572,79.59183673469387,5.067777777777779,-2.2248913043478202
3433,430500,RS,35,0.2980701542118672,68.57142857142857,5.2725,-3.258840579710151
3434,315100,MG,37,0.2978742930768325,75.67567567567568,5.18,-2.8200000000000003
3435,520580,GO,40,0.2976067867749521,85.0,5.038,-3.6225130890052366
3436,520340,GO,31,0.2975971886346792,80.64516129032258,5.0200000000000005,-3.5327272727272705
3437,220340,PI,26,0.29734533209565284,73.07692307692307,4.3950000000000005,-3.227122302158274
3438,520890,GO,61,0.2971393744895304,83.60655737704919,5.083333333333333,-2.6402597402597436
3439,510619,MT,39,0.29713271756427856,71.7948717948718,5.165,-3.0584313725490238
3440,313120,MG,79,0.29675649101246127,79.74683544303798,5.055,-1.666430317848413
3441,520740,GO,62,0.2961623362943354,74.19354838709677,5.2925,-3.1519999999999966
3442,315170,MG,45,0.2959999109346718,77.77777777777779,5.239999999999999,-4.14176470588235
3443,330513,RJ,23,0.29597630893846455,56.52173913043478,4.9275,-3.285714285714282
3444,314510,MG,78,0.29559038095359735,67.94871794871796,5.258,-2.444560439560444
3445,261200,PE,27,0.29534273704488556,88.88888888888889,4.2940000000000005,-5.467272727272728
3446,313090,MG,53,0.29530491754335497,84.90566037735849,4.9125000000000005,-2.4188602941176445
3447,330615,RJ,25,0.2952780036465266,80.0,4.6659999999999995,
3448,311120,MG,168,0.29501391831061985,76.19047619047619,5.211666666666666,-2.9383495145631127
3449,421940,SC,21,0.29497944022631845,66.66666666666666,5.76,-1.2236000000000051
3450,211160,MA,107,0.2948287736576621,79.43925233644859,4.366666666666666,-2.279569471624269
3451,412470,PR,31,0.294716649972656,74.19354838709677,5.005000000000001,-3.7349999999999994
3452,410840,PR,392,0.2947137063138259,76.78571428571429,5.4772727272727275,-1.940659705742763
3453,315820,MG,50,0.2946931680092736,74.0,4.604285714285715,-2.0729129129129147
3454,313310,MG,43,0.29467916601658745,88.37209302325581,5.208,-13.440029761904762
3455,410370,PR,441,0.2945457993806148,81.63265306122449,5.417857142857143,-2.3021516674280527
3456,316630,MG,23,0.2945392021528394,78.26086956521739,4.506666666666667,-3.4838345864661697
3457,412785,PR,54,0.29446237641196055,79.62962962962963,5.185,-2.582123552123549
3458,522155,GO,24,0.2941845861482283,79.16666666666666,5.055,-2.5473381294964064
3459,260900,PE,99,0.29408844531032197,72.72727272727273,4.230769230769232,-2.948311111111111
3460,320335,ES,49,0.29392026787749786,67.3469387755102,5.022500000000001,-1.583233082706763
3461,311790,MG,42,0.2937150309917924,83.33333333333334,5.13,-1.7545081967213152
3462,410210,PR,100,0.29303328712455307,78.0,,-2.568237547892727
3463,261270,PE,44,0.29302574426491135,77.27272727272727,4.37,-2.4262085308056873
3464,250710,PB,68,0.292838441232089,70.58823529411765,4.279090909090909,-2.6292429022082047
3465,110092,RO,59,0.2928372692454929,64.40677966101694,4.953333333333334,-3.5344936708860795
3466,520010,GO,76,0.29269841745120506,75.0,5.035714285714286,-0.8307486631016072
3467,353510,SP,25,0.29246122650933054,80.0,5.197500000000001,-2.5400000000000063
3468,355360,SP,22,0.29239217668794154,72.72727272727273,5.204,-0.4899999999999949
3469,310780,MG,60,0.2921764669458097,83.33333333333334,4.841666666666667,-2.414382139148497
3470,410450,PR,102,0.29196859782139084,81.37254901960785,5.388333333333334,-1.062935779816517
3471,320470,ES,139,0.2914176821952021,82.01438848920863,4.931666666666667,-0.8713920454545463
3472,411040,PR,29,0.29126797270852217,86.20689655172413,5.345,-4.0854545454545415
3473,355430,SP,48,0.29084011119208575,70.83333333333334,5.22875,1.0900000000000034
3474,411240,PR,31,0.29065489203990535,70.96774193548387,5.383333333333333,-2.9944385026737934
3475,315260,MG,25,0.29065021420145976,96.0,5.196666666666666,-0.9607964601769937
3476,500627,MS,61,0.29041558707935466,67.21311475409836,5.155,-2.5276335877862617
3477,221070,PI,64,0.2902469512419134,67.1875,4.307,-2.0524309392265163
3478,412215,PR,100,0.29005691858303334,73.0,4.93,-5.764517843583907
3479,320140,ES,142,0.2898989963306555,73.23943661971832,5.05625,-2.9959276018099565
3480,410480,PR,1239,0.2897760141512741,75.46408393866021,5.411515151515152,-2.9176796267496097
3481,313180,MG,42,0.2896172281237244,71.42857142857143,4.875,0.7513612565445023
3482,314290,MG,65,0.28931847406224276,75.38461538461539,4.738571428571428,-3.1320606060606053
3483,210110,MA,58,0.2890366909834675,75.86206896551724,4.265833333333333,-3.2638848920863355
3484,316100,MG,63,0.28898491773335727,76.19047619047619,4.864285714285715,-4.061610486891388
3485,421920,SC,25,0.28894611308228596,84.0,5.590000000000001,-0.8304132231404919
3486,411610,PR,53,0.28843734856104597,77.35849056603774,5.031428571428571,-1.2946428571428557
3487,311680,MG,30,0.28820576539619175,86.66666666666667,4.516,-2.0030000000000037
3488,314560,MG,110,0.2881077223192172,72.72727272727273,5.119999999999999,-0.3612769010042989
3489,412545,PR,25,0.28708208750084313,88.0,5.285,-1.3018518518518505
3490,521308,GO,125,0.2868720952692773,76.0,5.049166666666666,-1.7048585690515834
3491,521830,GO,162,0.2868363930696776,79.01234567901234,4.863529411764705,-1.4630527638190962
3492,210325,MA,63,0.2868178003938478,79.36507936507937,4.4275,-1.4520863309352565
3493,130063,AM,88,0.2867171915403813,84.0909090909091,3.718666666666666,
3494,251670,PB,57,0.2864924377730865,80.7017543859649,4.291428571428572,-3.153610108303255
3495,320435,ES,111,0.28645800689326334,78.37837837837837,5.034285714285715,-1.186103092783502
3496,354770,SP,23,0.286381007616149,82.6086956521739,5.056,-0.9899999999999949
3497,430570,RS,31,0.286210825047626,64.51612903225806,5.3425,0.6444161358811051
3498,412350,PR,142,0.285925395252919,80.28169014084507,5.488235294117647,-0.7125952045134002
3499,110029,RO,35,0.285588509639372,74.28571428571429,4.865,-0.5635294117647063
3500,412510,PR,73,0.28556818999194866,80.82191780821918,5.043333333333334,-0.899090909090908
3501,520350,GO,113,0.28537682599666153,76.99115044247787,5.165,-1.5210489510489489
3502,410760,PR,87,0.2852997996404264,75.86206896551724,5.029,-2.974922279792745
3503,353820,SP,27,0.2849331931453068,74.07407407407408,5.408,-1.2099999999999937
3504,250153,PB,25,0.28476317912259946,80.0,4.39,-3.5580952380952358
3505,412575,PR,20,0.28454827671618244,50.0,5.1725,-2.3479710144927535
3506,411840,PR,376,0.284123676330269,75.2659574468085,5.303,-2.7827340031729246
3507,522150,GO,21,0.2840723784591371,85.71428571428571,5.16,-3.011999999999999
3508,310900,MG,168,0.28376343396615883,82.14285714285714,5.434375,-1.13660424469413
3509,411580,PR,263,0.2834491668320896,77.18631178707224,5.265000000000001,-0.8397305389221591
3510,411725,PR,42,0.2833952673173533,78.57142857142857,5.268,-3.1499999999999995
3511,411535,PR,40,0.2825903026164149,75.0,5.6325,-1.2738834951456326
3512,420440,SC,48,0.28250923911851505,75.0,5.503333333333333,0.44951456310679383
3513,411320,PR,240,0.28232694780960266,81.25,5.228387096774193,-1.802420091324203
3514,320255,ES,55,0.2821325453387463,81.81818181818183,4.87,-0.16110072689512478
3515,522015,GO,24,0.28207896964674095,75.0,4.865,-0.017777777777776116
3516,412850,PR,90,0.28192798811167524,83.33333333333334,5.077777777777778,-2.0723370786516844
3517,522068,GO,26,0.2817737563744344,92.3076923076923,4.8075,2.0500000000000043
3518,260770,PE,62,0.2809565397753838,74.19354838709677,4.3740000000000006,-2.117356828193829
3519,230840,CE,157,0.28087854738961276,83.43949044585987,4.376842105263158,-1.4921917808219156
3520,231190,CE,56,0.2808302780553082,76.78571428571429,4.277,-1.8405431309904192
3521,411345,PR,31,0.2805732259189722,77.41935483870968,5.051666666666667,-1.0599999999999996
3522,317190,MG,20,0.2799693375557827,95.0,4.516666666666667,0.5385333333333335
3523,521280,GO,44,0.27989172546811836,77.27272727272727,4.951428571428572,-0.7579757085020269
3524,220955,PI,33,0.2792735431830856,72.72727272727273,4.2775,-1.812653061224493
3525,312020,MG,44,0.27904194070567684,81.81818181818183,5.047499999999999,-3.0113559322033954
3526,313900,MG,129,0.27871021204726887,72.09302325581395,5.170769230769231,1.1893103448275877
3527,220105,PI,44,0.27854700049402764,63.63636363636363,4.341666666666667,-1.76639175257732
3528,411670,PR,56,0.27849028071558246,73.21428571428571,5.385,-1.6180327868852484
3529,421670,SC,44,0.277894944286578,81.81818181818183,5.365,-0.5922466039707368
3530,313740,MG,43,0.27772899637057064,76.74418604651163,5.023333333333333,-2.9911063829787228
3531,412175,PR,47,0.27749133570307943,74.46808510638297,5.2325,0.06504587155962893
3532,320016,ES,56,0.27726502227444455,78.57142857142857,4.466666666666666,-0.4189491525423721
3533,316270,MG,104,0.27712765277427753,84.61538461538461,4.751818181818181,-1.2553917050691243
3534,310950,MG,30,0.27703659282061605,80.0,5.112,-1.2156372549019645
3535,260860,PE,41,0.2768237762032677,87.8048780487805,3.84,-0.6065027322404397
3536,412620,PR,26,0.2767609574901317,76.92307692307693,5.047499999999999,-1.3891411042944783
3537,310590,MG,78,0.27672180003088825,69.23076923076923,5.24,-1.8344680851063835
3538,130195,AM,49,0.2761596663403594,77.55102040816327,3.692857142857143,2.091949685534594
3539,260690,PE,40,0.2751080192098537,75.0,4.3516666666666675,-2.6521176470588204
3540,210680,MA,46,0.2747306187448206,73.91304347826086,4.153,-1.1921686746987898
3541,412250,PR,49,0.2745805814097567,73.46938775510205,5.028333333333333,-0.3834251968503959
3542,211400,MA,164,0.27430935136380724,79.26829268292683,4.260000000000001,-2.748873720136517
3543,520830,GO,23,0.27421735369743505,95.65217391304348,4.465,0.1941984732824422
3544,314090,MG,96,0.2741502718210003,79.16666666666666,4.65,-4.15122085048011
3545,411500,PR,35,0.27406151851517774,77.14285714285715,5.13,0.3192592592592556
3546,320450,ES,46,0.274059932989795,76.08695652173914,4.949999999999999,-0.5447393364928894
3547,315140,MG,94,0.273984224178024,77.6595744680851,5.059,-0.5187448559670783
3548,521170,GO,22,0.2739569231040886,81.81818181818183,5.116666666666666,-1.2800000000000011
3549,311430,MG,136,0.2737575365698394,79.41176470588235,5.194444444444445,0.09560354374307778
3550,410845,PR,31,0.273572365384591,90.32258064516128,5.16,0.4620261437908457
3551,312290,MG,22,0.2735578582741786,81.81818181818183,5.032500000000001,-7.291526717557257
3552,412180,PR,59,0.27350048512129976,77.96610169491525,5.308571428571429,0.0914583333333363
3553,420020,SC,55,0.27344942345340995,80.0,5.69,-1.4482608695652148
3554,410650,PR,102,0.2732406536778862,75.49019607843137,5.36125,-2.5629065743944683
3555,430955,RS,35,0.27302378977207375,71.42857142857143,5.805,-3.2097222222222257
3556,412390,PR,44,0.27300916008520715,72.72727272727273,5.041666666666666,-1.2838860103626892
3557,314130,MG,23,0.27297691649002115,86.95652173913044,5.233333333333333,0.26384615384614785
3558,411010,PR,179,0.27291308660293306,83.79888268156425,5.185,-0.8675870069605502
3559,220270,PI,121,0.27290438199152667,80.16528925619835,4.048636363636364,-1.3071082390953137
3560,521130,GO,25,0.2728998117014022,76.0,5.1433333333333335,-0.07673469387754928
3561,412540,PR,30,0.27270754962853105,83.33333333333334,5.196666666666666,-1.5921052631578907
3562,320020,ES,112,0.2725293847197436,76.78571428571429,4.74,0.3620602706027123
3563,313480,MG,29,0.2724728292351979,79.3103448275862,5.24,-2.176046511627912
3564,311450,MG,70,0.27243822903763376,78.57142857142857,5.035714285714286,-1.001056701030921
3565,220300,PI,38,0.27231764464075,73.68421052631578,4.2375,-0.2469312169312146
3566,320270,ES,47,0.27230497167256185,78.72340425531915,5.123333333333333,1.0799092088197058
3567,311480,MG,20,0.2720625818109447,70.0,5.0649999999999995,-3.1247945205479413
3568,315570,MG,41,0.27171818792757,85.36585365853658,5.173749999999999,2.2402985074626875
3569,312780,MG,51,0.2715044866954143,80.3921568627451,4.5424999999999995,-0.6246058091286297
3570,220260,PI,68,0.27146388334763816,76.47058823529412,4.2907692307692304,-1.4219667590027703
3571,310300,MG,26,0.2714570957711694,61.53846153846154,4.908,
3572,320100,ES,77,0.2714153707756015,85.71428571428571,4.807500000000001,0.7663636363636348
3573,431600,RS,78,0.27068977124626287,83.33333333333334,5.2837499999999995,-1.2706340579710158
3574,314380,MG,30,0.2706670030882334,80.0,5.123333333333334,0.20757062146892968
3575,310390,MG,33,0.2706077644323457,81.81818181818183,5.21,1.1349206349206353
3576,314770,MG,35,0.27059946187746586,74.28571428571429,5.319999999999999,-0.6807947019867542
3577,210620,MA,44,0.2704810772842203,88.63636363636364,4.266,1.0409502262443469
3578,210710,MA,104,0.26997298341103193,81.73076923076923,3.8275,-0.577754629629629
3579,521770,GO,70,0.26979117145529663,80.0,5.249999999999999,-0.3716666666666688
3580,230220,CE,243,0.2694765367706537,81.06995884773663,4.405161290322582,-0.2273925299506725
3581,412865,PR,35,0.26828179783051853,74.28571428571429,5.195,-0.004656488549616755
3582,261590,PE,51,0.26818082782792857,70.58823529411765,4.595714285714285,-0.5848695652173936
3583,411200,PR,150,0.2681226898910422,80.66666666666666,5.201176470588234,0.036027088036118426
3584,230540,CE,227,0.26803093832515684,79.29515418502203,4.209999999999999,-2.1301982758620714
3585,310430,MG,57,0.26794623071043516,77.19298245614034,5.1,-0.7184984025559089
3586,410390,PR,73,0.26750565074912536,84.93150684931507,4.999999999999999,-1.095486725663713
3587,520993,GO,30,0.2673519060004195,80.0,5.029999999999999,1.605000000000004
3588,230360,CE,30,0.2670627078263435,83.33333333333334,4.359999999999999,0.11510204081632369
3589,312540,MG,24,0.26705040250163437,87.5,4.58,0.5694573643410847
3590,521940,GO,26,0.26693033505781566,92.3076923076923,5.257499999999999,1.3017142857142847
3591,430170,RS,25,0.26680255808115383,88.0,5.515000000000001,0.43564625850339755
3592,411170,PR,24,0.2666600975617264,83.33333333333334,5.0649999999999995,-2.6421582733812943
3593,521020,GO,144,0.26649820987086836,83.33333333333334,5.259230769230769,0.77977272727273
3594,260545,PE,22,0.2664889879946419,77.27272727272727,5.0,
3595,320030,ES,44,0.26618558925258073,88.63636363636364,5.318333333333333,0.4744843049327372
3596,421540,SC,23,0.2661281904820814,86.95652173913044,5.66,-0.2380000000000022
3597,311320,MG,81,0.26604166519689665,76.5432098765432,5.09375,2.0079349593495923
3598,412370,PR,27,0.265959705712161,66.66666666666666,5.21,-0.5245365853658566
3599,316570,MG,38,0.2657234428121318,84.21052631578947,5.06,-1.9032065217391239
3600,410900,PR,24,0.26551750480182845,79.16666666666666,5.029999999999999,2.0849342105263204
3601,270210,AL,81,0.26520715380221427,83.9506172839506,4.142857142857143,-0.9836559139784962
3602,260870,PE,37,0.26518137091431415,72.97297297297297,4.38,-0.8360103626943047
3603,311640,MG,23,0.2649556615380574,86.95652173913044,5.333333333333333,0.09899224806201623
3604,411970,PR,20,0.2649516586486021,55.00000000000001,5.145,0.03230769230769681
3605,412270,PR,40,0.2649121874401448,80.0,5.385,0.12475285171103101
3606,520440,GO,62,0.2642975216217963,75.80645161290323,5.23625,1.20003759398496
3607,260775,PE,128,0.26405081204362213,78.90625,4.466666666666667,0.014580645161290207
3608,315765,MG,20,0.26402788030297636,75.0,4.585,1.2023809523809517
3609,520725,GO,29,0.26396539367513855,86.20689655172413,5.223333333333333,0.5626114649681511
3610,431650,RS,26,0.2638991716215143,88.46153846153845,5.7299999999999995,-0.1312977099236594
3611,521530,GO,46,0.26387432698202856,84.78260869565217,5.06625,1.58268292682927
3612,420840,SC,103,0.2635560451665051,78.64077669902912,5.500909090909091,4.012583333333326
3613,521300,GO,54,0.2635455658916231,79.62962962962963,4.93,0.7808118081180804
3614,230185,CE,90,0.2634409560085733,83.33333333333334,4.298461538461539,-1.673691683569979
3615,315560,MG,109,0.26305107649510845,76.14678899082568,4.497857142857142,1.3486529680365296
3616,410630,PR,80,0.2630218767927739,83.75,5.331,0.17025056947608697
3617,320115,ES,87,0.262699209080229,82.75862068965517,4.821111111111111,2.577951388888885
3618,430490,RS,34,0.2626324180498188,76.47058823529412,5.632499999999999,-0.7261341222879678
3619,312087,MG,37,0.26240777927658404,78.37837837837837,4.6825,-0.21085714285714308
3620,220830,PI,147,0.26222649438263634,78.2312925170068,4.105833333333334,-0.9181609195402274
3621,320210,ES,84,0.2621097270090177,84.52380952380952,4.7345454545454535,-2.09
3622,410140,PR,489,0.26184996203468763,81.59509202453987,5.286862745098039,0.5392960000000007
3623,411220,PR,20,0.26183264475762963,75.0,5.220000000000001,-0.15777777777778024
3624,412300,PR,66,0.2616334971182429,81.81818181818183,5.31,1.1151724137930978
3625,412405,PR,90,0.261573368979603,78.88888888888889,5.32,0.44807610993657054
3626,230090,CE,64,0.2614050589445716,75.0,4.204999999999999,-2.210207612456748
3627,520320,GO,68,0.26114509012895354,73.52941176470588,5.170000000000001,-0.7029126213592269
3628,420060,SC,37,0.26099584670610093,67.56756756756756,5.657500000000001,0.3182857142857134
3629,311670,MG,34,0.26096189020867344,61.76470588235294,5.119999999999999,0.14713375796178418
3630,316294,MG,43,0.2609285882091228,79.06976744186046,5.3340000000000005,0.6074074074074058
3631,230015,CE,64,0.2609054384185954,75.0,4.365555555555556,-0.47726541554960056
3632,510792,MT,675,0.2608061294464082,79.7037037037037,5.191428571428571,0.0598459302325558
3633,521500,GO,38,0.26043224533128506,89.47368421052632,5.026666666666667,1.0273991031390164
3634,412770,PR,667,0.2603233331489606,80.20989505247377,5.4961403508771935,0.6416772151898715
3635,411545,PR,23,0.2602538393646581,73.91304347826086,5.056666666666667,-0.9858823529411742
3636,230770,CE,511,0.2600057439573584,80.43052837573386,4.471860465116279,0.6838918439716322
3637,521040,GO,206,0.2599530898741519,76.69902912621359,4.99,0.08676217765042615
3638,410590,PR,94,0.2598886383703405,84.04255319148936,,1.3968141592920373
3639,350530,SP,36,0.25980796567641723,77.77777777777779,5.508,0.010000000000005116
3640,313690,MG,69,0.2595235324013762,76.81159420289855,5.1125,0.37933823529411637
3641,421200,SC,34,0.2594320443210977,79.41176470588235,5.426666666666667,0.004255319148936079
3642,312840,MG,38,0.2591674940578943,78.94736842105263,4.865,-0.8219178082191743
3643,411520,PR,1406,0.2591590152871047,80.29871977240398,5.5557317073170704,1.9938919546906813
3644,313375,MG,44,0.2587892588555382,88.63636363636364,5.3180000000000005,1.864618473895578
3645,411700,PR,38,0.25874649586800824,73.68421052631578,5.27,0.7271428571428635
3646,352044,SP,48,0.2587291679869225,83.33333333333334,5.52625,0.7600000000000051
3647,411721,PR,23,0.25858408778416264,73.91304347826086,5.096666666666667,1.6658947368421084
3648,510724,MT,31,0.25854933012147946,83.87096774193549,5.045,2.306852791878171
3649,320170,ES,59,0.25841787564819224,79.66101694915254,5.12,0.7705501618122939
3650,314053,MG,38,0.25816100053436886,71.05263157894737,4.7175,0.17852459016393185
3651,312220,MG,25,0.2578904424896002,80.0,4.8774999999999995,-0.7280000000000033
3652,522205,GO,36,0.2576606425729053,80.55555555555556,5.136666666666667,0.7606666666666615
3653,500525,MS,69,0.2575012951364786,88.40579710144928,4.487500000000001,0.39282758620689906
3654,260490,PE,25,0.25697728536326797,92.0,4.175,5.8614375000000045
3655,310920,MG,26,0.2566880594562298,76.92307692307693,4.695,-0.6697687861271664
3656,421050,SC,146,0.25641788684276373,80.82191780821918,5.577142857142857,0.9252103559870619
3657,313753,MG,48,0.2561101951181814,75.0,5.016666666666667,-0.6057142857142837
3658,315000,MG,24,0.2558580637631093,100.0,4.859999999999999,2.1064705882352976
3659,311280,MG,44,0.2557204619792181,88.63636363636364,5.336666666666667,2.4250000000000043
3660,412210,PR,20,0.25559883186566373,75.0,5.17,0.24285714285714022
3661,521890,GO,73,0.2550964591240231,82.1917808219178,5.178,2.2975626423690194
3662,521440,GO,41,0.25467648357389006,80.48780487804879,5.15,1.3102487562189045
3663,210535,MA,72,0.2546499425860296,79.16666666666666,4.3100000000000005,-0.24844311377245543
3664,521805,GO,36,0.25457838584120135,80.55555555555556,5.05,-0.34108843537415456
3665,351370,SP,51,0.254484711846036,82.35294117647058,5.481818181818182,0.6200000000000045
3666,522220,GO,27,0.2541608655236764,81.48148148148148,4.656666666666667,1.3991603053435133
3667,410773,PR,30,0.25400138374979225,76.66666666666667,5.111666666666666,0.3949101796407206
3668,412125,PR,28,0.2538944664795621,75.0,4.99,2.5302479338842963
3669,312040,MG,27,0.2538901890857283,85.18518518518519,5.316666666666666,2.645599999999998
3670,410330,PR,33,0.2536882492428922,72.72727272727273,5.262499999999999,1.0900000000000034
3671,411400,PR,45,0.2536166463060966,71.11111111111111,5.1014285714285705,2.997393162393168
3672,251590,PB,20,0.25354795002674485,80.0,4.0633333333333335,-1.4761458333333368
3673,510360,MT,33,0.25313872308621177,78.78787878787878,4.8225,0.43875000000000064
3674,230535,CE,135,0.252898020749445,80.0,4.5962499999999995,-0.7400682593856653
3675,230210,CE,135,0.2528524247677931,82.96296296296296,4.242727272727272,2.012413793103449
3676,412440,PR,80,0.2527047631896963,78.75,5.218,0.4719712525667411
3677,210450,MA,39,0.2525412391254853,82.05128205128204,4.198571428571428,3.1226315789473666
3678,320290,ES,30,0.2521589760470879,80.0,5.13,2.7943137254902037
3679,310030,MG,46,0.25210721653075135,86.95652173913044,4.966666666666667,1.8954285714285763
3680,220400,PI,21,0.2520743629352521,66.66666666666666,4.2,0.38959183673469067
3681,520860,GO,370,0.25203600008751165,81.35135135135135,5.136666666666667,1.012263420033208
3682,312140,MG,25,0.25158809093915635,92.0,5.095,0.4200000000000017
3683,410775,PR,28,0.2513237000803393,78.57142857142857,5.2700000000000005,-0.05169398907104439
3684,411155,PR,35,0.25080255809171853,80.0,5.074999999999999,0.9138372093023253
3685,270100,AL,102,0.25062234587364,77.45098039215686,4.23,0.4624901185770707
3686,410345,PR,103,0.2504521680064797,86.40776699029125,5.295,2.2938121546961314
3687,251110,PB,23,0.25033773295396633,78.26086956521739,4.54,-0.3246616541353351
3688,316440,MG,26,0.25030096367881755,73.07692307692307,5.2575,-1.5155769230769245
3689,412800,PR,104,0.2502773064321961,80.76923076923077,5.276923076923077,1.6493009708737851
3690,130210,AM,61,0.24962752484909106,83.60655737704919,3.82625,2.372645914396884
3691,310210,MG,29,0.24945972631717664,75.86206896551724,4.655,
3692,410410,PR,42,0.24938442309811296,83.33333333333334,5.2175,0.6608823529411781
3693,320410,ES,119,0.24916459055889148,78.15126050420169,4.800000000000001,3.418370625358575
3694,412130,PR,29,0.24909855495817307,86.20689655172413,4.955,2.329156626506024
3695,320090,ES,202,0.24900139952807424,81.68316831683168,4.680000000000001,0.9433024691358001
3696,312590,MG,27,0.24868233340526102,85.18518518518519,4.68,-1.5276666666666658
3697,412150,PR,78,0.24867955257849048,84.61538461538461,5.1209999999999996,1.9909879518072273
3698,412030,PR,20,0.24860266417141777,100.0,5.333333333333333,0.3444444444444468
3699,411540,PR,71,0.24656057954762345,80.28169014084507,5.3187500000000005,1.444216216216212
3700,150172,PA,75,0.2463358943012628,76.0,4.39625,0.7702284263959331
3701,500345,MS,80,0.24628255553537728,83.75,5.17375,1.0663717605004557
3702,313350,MG,56,0.24623276109887834,73.21428571428571,5.0166666666666675,0.8093939393939396
3703,314840,MG,21,0.2461637321982572,76.19047619047619,4.6,-0.955408163265302
3704,230290,CE,69,0.246119930058613,85.5072463768116,4.15125,2.169597855227879
3705,410030,PR,69,0.24600768372086643,81.15942028985508,5.16,1.4161092150170695
3706,310140,MG,20,0.24569006546047603,80.0,5.205,1.8433766233766224
3707,521090,GO,84,0.24498313174946085,85.71428571428571,4.9925,1.9402479338843
3708,352710,SP,129,0.2449562891437304,82.17054263565892,5.386363636363637,3.3700000000000045
3709,310010,MG,22,0.24472101562047202,81.81818181818183,5.08,-1.425047619047625
3710,314760,MG,48,0.24469070381944688,85.41666666666666,5.135,2.9526809015421165
3711,352600,SP,35,0.24464580627325805,88.57142857142857,5.478,0.4399999999999977
3712,410200,PR,146,0.24436503698202103,82.1917808219178,5.352500000000001,0.2609727626459125
3713,521056,GO,25,0.24429745138540152,84.0,5.096666666666667,0.9924999999999988
3714,220980,PI,26,0.24425528878677708,88.46153846153845,4.49,-1.3289320388349442
3715,210200,MA,173,0.2441522429218646,80.92485549132948,4.1671428571428555,-2.9144391025640957
3716,311995,MG,21,0.24400170865576395,80.95238095238095,5.253333333333334,1.0419999999999963
3717,211285,MA,78,0.2439837151384937,83.33333333333334,4.371666666666666,0.5889743589743537
3718,320495,ES,36,0.24339994504238632,72.22222222222221,5.016666666666667,5.18015873015873
3719,320334,ES,83,0.24309780679757564,84.33734939759037,5.148888888888888,2.0047465437787952
3720,412000,PR,42,0.2425939229851303,76.19047619047619,5.25,0.7581142857142869
3721,315270,MG,37,0.2420985067927928,83.78378378378379,5.1225000000000005,1.4998571428571381
3722,260415,PE,42,0.24162853171094417,76.19047619047619,4.345714285714286,1.9039130434782545
3723,314640,MG,23,0.24158911608514544,78.26086956521739,5.119999999999999,0.8696385542168705
3724,312080,MG,58,0.24152580337298749,86.20689655172413,5.146,1.7019670200235568
3725,210970,MA,26,0.2411573384400623,84.61538461538461,4.2475,1.7429687499999997
3726,411575,PR,68,0.24084313783360578,80.88235294117648,5.15,0.8155519480519476
3727,510710,MT,77,0.24078306704713842,76.62337662337663,5.038571428571427,0.6922705314009647
3728,260340,PE,30,0.24060833719909747,83.33333333333334,4.3075,0.672727272727272
3729,314220,MG,38,0.24046878905117208,86.8421052631579,4.925000000000001,3.538986354775827
3730,312760,MG,50,0.24032073082217664,84.0,4.781428571428571,3.3186345381526072
3731,354425,SP,31,0.2399850064152534,80.64516129032258,5.242,5.193333333333328
3732,220060,PI,32,0.23901966775460884,81.25,4.292,-0.2767213114754128
3733,316780,MG,23,0.23883066774984685,91.30434782608695,5.1899999999999995,1.2512711864406771
3734,310460,MG,53,0.2386026536329096,88.67924528301887,5.031666666666666,1.53092741935484
3735,412630,PR,92,0.23825209552120322,83.69565217391305,4.901818181818181,1.3202247191011187
3736,412380,PR,64,0.237327987624105,81.25,5.13,2.520661157024792
3737,411810,PR,50,0.2369132869341469,80.0,5.0600000000000005,1.6248837209302311
3738,314795,MG,23,0.2367884231448814,86.95652173913044,4.31,2.6091823899371045
3739,210592,MA,38,0.23671485700232023,81.57894736842105,4.380000000000001,2.695824175824171
3740,421310,SC,28,0.23670778762952474,78.57142857142857,5.52,2.8593333333333337
3741,314240,MG,29,0.23646481293556232,86.20689655172413,5.3175,1.6971428571428548
3742,320425,ES,37,0.23645007251675157,72.97297297297297,4.776666666666666,0.8997041420118355
3743,261247,PE,44,0.23626179268623393,81.81818181818183,4.444,1.9207207207207206
3744,230140,CE,62,0.23620601203291058,82.25806451612904,4.418888888888889,-3.8800000000000026
3745,411980,PR,52,0.23585179993461747,84.61538461538461,5.395833333333334,3.4699613899613935
3746,316553,MG,187,0.23580390953292055,80.21390374331551,5.354,1.215271398747392
3747,310500,MG,21,0.23556680866535332,80.95238095238095,4.832,2.0700000000000003
3748,412140,PR,91,0.2353566588978142,81.31868131868131,5.449166666666667,4.079999999999998
3749,412060,PR,215,0.235059313436877,85.11627906976744,5.015185185185184,2.7988953488372093
3750,316280,MG,54,0.23502368700451357,75.92592592592592,4.7425,0.2850729927007265
3751,320517,ES,74,0.23429301757626372,82.43243243243244,4.912222222222222,4.506267942583722
3752,411140,PR,72,0.23417934135627036,84.72222222222221,5.027777777777779,3.5989614243323444
3753,315650,MG,23,0.23414965943028124,95.65217391304348,4.220000000000001,9.794166666666666
3754,352190,SP,29,0.2338486889363184,89.65517241379311,5.22,2.739999999999995
3755,353740,SP,36,0.23376811335314013,86.11111111111111,5.316666666666666,3.469999999999999
3756,520400,GO,38,0.2336709575953325,84.21052631578947,5.033333333333333,1.7988888888888894
3757,314970,MG,59,0.23366263778817067,81.35593220338984,5.1066666666666665,0.3646874999999983
3758,410780,PR,25,0.23321720071441895,76.0,5.4799999999999995,1.421153846153849
3759,320245,ES,137,0.2331438906732626,79.56204379562044,4.984285714285714,1.4386569343065672
3760,260500,PE,114,0.23296470827160268,83.33333333333334,4.4110000000000005,3.1459354838709643
3761,410720,PR,236,0.2327960433545454,83.47457627118644,5.437391304347826,3.1583489681050665
3762,261570,PE,59,0.23267902332376336,81.35593220338984,4.565555555555555,1.6374436090225595
3763,520430,GO,46,0.23264081749940127,82.6086956521739,5.18,1.9008502024291491
3764,411420,PR,182,0.23256815827283517,89.01098901098901,5.301111111111111,3.337023809523811
3765,210565,MA,38,0.2324867021363117,81.57894736842105,4.0685714285714285,0.4992682926829257
3766,412700,PR,51,0.2320171924861482,92.15686274509804,5.25125,2.7152554744525563
3767,310420,MG,153,0.23154421143601542,84.31372549019608,5.304999999999999,3.783758480325643
3768,320400,ES,60,0.23149879933052064,81.66666666666667,4.79,2.3490190190190257
3769,320190,ES,170,0.23073795656566648,84.11764705882354,5.139545454545453,2.3805096073517085
3770,316150,MG,33,0.2301849951073662,87.87878787878788,4.84,3.203030303030304
3771,210725,MA,39,0.22981493969531328,76.92307692307693,4.328,1.7818181818181849
3772,317057,MG,21,0.22914039674353626,90.47619047619048,4.734999999999999,3.0842622950819636
3773,421730,SC,53,0.22897895644825475,83.01886792452831,5.486666666666666,2.587877652933838
3774,420640,SC,36,0.2286324343002971,80.55555555555556,5.395,3.449174757281553
3775,320370,ES,98,0.22844552319925363,87.75510204081633,4.623,3.0040417598806863
3776,521310,GO,371,0.22814968705320793,85.44474393530997,5.126470588235295,2.084377977766019
3777,315990,MG,67,0.228056597280417,79.1044776119403,4.9799999999999995,2.153879310344826
3778,221080,PI,42,0.22782845779567185,76.19047619047619,4.173333333333334,-0.6350549450549465
3779,310530,MG,39,0.22738600953782567,82.05128205128204,5.295,3.0251898734177214
3780,316040,MG,89,0.22708399481257888,88.76404494382022,5.30375,1.8295522388059693
3781,210810,MA,103,0.2269619404419375,81.55339805825243,4.15923076923077,2.7814038876889846
3782,313540,MG,28,0.22671917704429032,92.85714285714286,5.0,-0.9858139534883765
3783,210040,MA,29,0.22648974683786086,75.86206896551724,4.234,3.0609836065573717
3784,510454,MT,56,0.2264806940867221,80.35714285714286,5.216666666666667,3.9668571428571404
3785,410250,PR,42,0.22643564371540498,88.09523809523809,4.989999999999999,3.864655172413796
3786,412035,PR,20,0.2263007816883631,80.0,5.3100000000000005,2.30333333333333
3787,520551,GO,108,0.22629513528376743,87.03703703703704,4.9783333333333335,3.843220910623944
3788,521925,GO,40,0.22619931175025898,87.5,4.913333333333334,4.334965034965036
3789,410530,PR,53,0.2255657567735278,84.90566037735849,5.425714285714286,3.063117870722432
3790,351540,SP,29,0.2254942848935698,82.75862068965517,5.28,2.780000000000001
3791,411080,PR,51,0.2254806545921582,90.19607843137256,5.098333333333334,3.375494505494503
3792,210890,MA,30,0.22532273423332072,80.0,4.033636363636363,3.811428571428565
3793,521120,GO,97,0.22499122588802967,87.62886597938144,5.194000000000001,3.567434782608692
3794,520250,GO,38,0.2248184561008508,92.10526315789474,5.0425,4.523370165745852
3795,520500,GO,24,0.2247716427404003,95.83333333333334,5.042,2.785555555555554
3796,211172,MA,22,0.2243723352779936,86.36363636363636,3.901666666666667,8.552142857142854
3797,521860,GO,54,0.22396895433257474,79.62962962962963,5.06,3.534920634920633
3798,250120,PB,40,0.2236739546497893,85.0,4.354,2.6163761467889906
3799,220460,PI,25,0.22355539220317724,88.0,4.353333333333333,1.9547524752475276
3800,110110,RO,60,0.2228054903254207,86.66666666666667,4.583333333333333,3.9636842105263206
3801,316600,MG,24,0.2225384291164039,87.5,4.93,2.6260550458715635
3802,410680,PR,84,0.22189750990095428,80.95238095238095,5.027142857142858,2.539061662198387
3803,230390,CE,58,0.22103668291071574,84.48275862068965,4.128888888888889,2.743243243243242
3804,231380,CE,74,0.2207568833487605,72.97297297297297,4.130624999999999,1.7183999999999982
3805,521180,GO,207,0.22075401081080992,85.02415458937197,4.929411764705882,3.4116474291710386
3806,350740,SP,23,0.22047248024859592,78.26086956521739,5.343333333333333,3.4399999999999977
3807,420213,SC,21,0.22045181486627674,76.19047619047619,5.09,4.107196969696973
3808,410750,PR,53,0.2199606539865214,86.79245283018868,5.161428571428572,4.673041666666667
3809,314850,MG,38,0.21961547014988808,86.8421052631579,4.470000000000001,4.271060606060606
3810,412796,PR,85,0.2194802807436603,83.52941176470588,5.079999999999999,3.6460612691466068
3811,315050,MG,33,0.21888795197015526,81.81818181818183,5.12,4.159481481481482
3812,316220,MG,33,0.21748674784940564,90.9090909090909,5.345000000000001,3.411951219512201
3813,410190,PR,64,0.21726737107960395,87.5,5.29875,4.558036809815947
3814,320200,ES,48,0.2170802418434764,83.33333333333334,4.934,2.7378350515463903
3815,412660,PR,116,0.21693735100156444,87.93103448275862,5.293333333333333,4.372353982300885
3816,410740,PR,23,0.21676383035263405,82.6086956521739,5.3825,4.327199999999998
3817,230075,CE,260,0.21656064926824165,82.3076923076923,4.048157894736843,2.6426706231454014
3818,320455,ES,205,0.21627460035143622,85.36585365853658,5.26,5.288066184074452
3819,310650,MG,23,0.21608816336001557,78.26086956521739,4.81,
3820,521486,GO,30,0.215622835698293,86.66666666666667,5.006666666666667,4.024427480916035
3821,230765,CE,1254,0.21552107344738394,83.81180223285486,4.645555555555554,2.808647497337594
3822,313867,MG,23,0.2155068030098835,95.65217391304348,4.956666666666667,5.069645390070925
3823,411910,PR,81,0.2151037956897651,82.71604938271605,5.2575,4.613155080213908
3824,412580,PR,29,0.2150279557351634,86.20689655172413,5.091666666666667,4.521111111111109
3825,314830,MG,28,0.21468914107595558,89.28571428571429,4.8100000000000005,0.9753884711779417
3826,320360,ES,33,0.21445816411617746,75.75757575757575,4.783333333333333,3.890827586206895
3827,320390,ES,201,0.2141706573301925,84.5771144278607,4.947272727272727,3.8372641509434064
3828,312390,MG,56,0.21392432086917967,89.28571428571429,5.175000000000001,5.306666666666665
3829,251650,PB,60,0.21385079942585453,86.66666666666667,4.298333333333333,3.132484076433122
3830,260510,PE,130,0.21264735690846823,82.3076923076923,4.19235294117647,3.343576437587653
3831,411095,PR,64,0.21261346279883978,85.9375,5.198333333333332,5.719969696969695
3832,412190,PR,60,0.2122592653321494,83.33333333333334,4.82875,5.557920792079211
3833,230510,CE,28,0.21211318450819044,78.57142857142857,4.37,13.794097222222224
3834,411280,PR,61,0.2119628643108487,85.24590163934425,5.2057142857142855,5.32805970149254
3835,520547,GO,81,0.21176843254500605,87.65432098765432,5.18,3.8674504950495106
3836,520735,GO,24,0.21038444146921145,79.16666666666666,5.03,3.544945054945056
3837,231135,CE,72,0.21033320456799914,77.77777777777779,4.264,3.4489411764705835
3838,410380,PR,50,0.21032433140540796,82.0,5.220000000000001,5.16065502183406
3839,410785,PR,31,0.21010077207984673,87.09677419354838,5.1225,5.641925925925924
3840,220005,PI,22,0.20984881591823587,63.63636363636363,4.2700000000000005,1.8007438016528898
3841,412520,PR,41,0.20982840057448462,85.36585365853658,5.234,6.480443349753697
3842,410395,PR,31,0.20957185881544493,80.64516129032258,4.92,4.741428571428574
3843,412450,PR,31,0.20941488224174326,83.87096774193549,,5.591734104046238
3844,250500,PB,39,0.2092373480836224,76.92307692307693,4.5825,4.08022222222222
3845,320460,ES,92,0.20882232970239265,88.04347826086956,5.178888888888888,6.435555555555549
3846,210570,MA,185,0.20786042081172518,88.10810810810811,4.370500000000002,6.067614678899089
3847,261153,PE,54,0.20759276538052404,75.92592592592592,4.652,3.4069433962264206
3848,311770,MG,60,0.2075438754349629,83.33333333333334,5.046,4.574876325088338
3849,410440,PR,64,0.20717362721471258,78.125,4.927142857142857,4.5087500000000045
3850,355610,SP,28,0.2069663695151777,85.71428571428571,5.220000000000001,5.950000000000003
3851,261618,PE,27,0.20685658458520914,81.48148148148148,4.3740000000000006,3.320187499999996
3852,231240,CE,409,0.20659367787234348,85.33007334963325,4.564347826086957,3.8746241911398682
3853,320040,ES,156,0.20643867429365373,82.6923076923077,5.142666666666667,4.999385964912275
3854,310410,MG,27,0.20616216558095626,85.18518518518519,5.053333333333334,5.12574468085106
3855,411050,PR,74,0.20578037541176974,86.48648648648648,5.17090909090909,4.94980392156863
3856,411373,PR,23,0.20513521651552277,86.95652173913044,5.09,6.035714285714284
3857,231335,CE,84,0.20484354312556538,78.57142857142857,4.182727272727273,2.896344537815127
3858,410820,PR,23,0.20444081980541168,95.65217391304348,5.51,6.686838235294124
3859,230270,CE,85,0.2043455200816764,83.52941176470588,4.24764705882353,3.577961783439497
3860,221063,PI,27,0.20431143933730386,85.18518518518519,4.586,5.909824561403509
3861,411605,PR,57,0.20361302877413878,89.47368421052632,5.285454545454545,5.984871794871797
3862,411680,PR,28,0.20351415980870632,78.57142857142857,4.761666666666667,4.064702702702704
3863,411275,PR,24,0.20313061304517177,91.66666666666666,5.1850000000000005,7.992184873949581
3864,260130,PE,51,0.20301725954624644,80.3921568627451,4.183333333333333,3.195483870967745
3865,412480,PR,50,0.20289941738980255,90.0,5.4725,7.092661870503596
3866,510895,MT,68,0.2023978609841072,89.70588235294117,5.043333333333333,4.544565217391305
3867,315920,MG,30,0.20211024466883407,80.0,5.3125,4.737716535433066
3868,320506,ES,110,0.201879730242802,86.36363636363636,5.178333333333334,5.942643034825865
3869,352170,SP,30,0.20170673813775153,86.66666666666667,5.154545454545455,
3870,316120,MG,25,0.20153698112853166,96.0,4.976666666666667,4.945121951219515
3871,210010,MA,20,0.2011339460008461,80.0,3.864285714285714,1.7068503937007815
3872,260540,PE,74,0.20072568644829525,79.72972972972973,4.368181818181817,4.442767441860461
3873,261440,PE,27,0.200497331626575,88.88888888888889,4.346,3.261847133757957
3874,320465,ES,40,0.20044644930638716,90.0,4.875,6.479552238805964
3875,230350,CE,418,0.19935566695462303,85.4066985645933,4.426571428571428,5.010741138560686
3876,314450,MG,33,0.1988135477988921,87.87878787878788,4.984999999999999,6.169793103448276
3877,311360,MG,26,0.19855097764845725,92.3076923076923,5.29,6.501879194630877
3878,355560,SP,25,0.198423683710127,88.0,5.366666666666666,7.560000000000002
3879,411070,PR,255,0.19837749753917275,84.70588235294117,5.281891891891892,5.450920201294031
3880,315190,MG,24,0.19778837246887807,79.16666666666666,4.84,
3881,261020,PE,95,0.197580579767402,87.36842105263159,4.225,4.938510638297869
3882,521000,GO,190,0.19753612071470233,82.63157894736842,5.124444444444444,4.4375049701789235
3883,231030,CE,107,0.1974656630713295,87.85046728971963,4.3657142857142865,5.59256880733945
3884,230810,CE,206,0.19663590203158396,81.55339805825243,4.134999999999999,4.641333333333334
3885,250440,PB,56,0.19622554031709225,85.71428571428571,4.38,6.920392156862745
3886,315890,MG,35,0.1959735209498619,85.71428571428571,4.604285714285714,5.125087719298246
3887,412627,PR,37,0.19548283571752734,94.5945945945946,5.359999999999999,9.045555555555554
3888,520485,GO,47,0.19548215329914337,80.85106382978722,5.04,5.658262711864408
3889,521973,GO,29,0.19512444528780462,86.20689655172413,5.165,7.559661835748789
3890,522000,GO,71,0.1949632961791133,83.09859154929578,4.95,5.7188068181818155
3891,211050,MA,106,0.1937280516396498,82.0754716981132,4.119999999999998,5.853333333333336
3892,411390,PR,67,0.19355565437747382,92.53731343283582,5.234285714285714,5.317375000000002
3893,521900,GO,36,0.19348624530737413,86.11111111111111,5.3425,5.155730994152045
3894,354250,SP,21,0.19329137366226495,85.71428571428571,5.21,4.530000000000001
3895,220273,PI,27,0.19266675073048706,74.07407407407408,4.062,6.087266666666666
3896,251520,PB,20,0.19199967402924784,90.0,4.546666666666667,3.5291891891891893
3897,312060,MG,20,0.1916496599012994,80.0,5.22,5.732336448598136
3898,210409,MA,75,0.1915878822175996,88.0,4.182142857142856,4.9642647058823535
3899,521878,GO,20,0.19156356742919772,90.0,5.1899999999999995,6.408500000000004
3900,412780,PR,27,0.19156260998634006,85.18518518518519,5.220000000000001,7.455905511811028
3901,411720,PR,25,0.1913364981781718,88.0,5.045,6.050310077519376
3902,230625,CE,318,0.19130011667239907,83.33333333333334,4.645714285714287,5.470440613026816
3903,315230,MG,26,0.19118409584173757,88.46153846153845,4.89,
3904,230837,CE,52,0.19075199084093722,88.46153846153845,4.182222222222222,6.180778443113768
3905,354420,SP,20,0.19048135053575208,95.0,4.873333333333333,4.719999999999999
3906,221140,PI,22,0.19041284007786416,77.27272727272727,4.503333333333333,4.711951219512192
3907,311580,MG,31,0.19027679957056404,96.7741935483871,5.0675,9.783333333333337
3908,231340,CE,456,0.19003469235913728,88.37719298245614,4.355405405405405,5.240064784821839
3909,220272,PI,24,0.18970720642225705,91.66666666666666,3.9266666666666667,4.016375000000005
3910,230340,CE,94,0.18844964566592032,84.04255319148936,4.276,5.534139344262295
3911,230640,CE,604,0.18770962600101923,88.74172185430463,4.176712328767122,-2.809429429429432
3912,410315,PR,22,0.18767211627923663,86.36363636363636,4.976666666666667,9.756168224299063
3913,211010,MA,80,0.18754060762215002,76.25,4.0676,4.802692307692307
3914,210430,MA,58,0.18753336149763475,82.75862068965517,4.4479999999999995,5.659467084639501
3915,411870,PR,30,0.18752482863216008,83.33333333333334,5.449999999999999,7.646904761904761
3916,230100,CE,440,0.18740613789621052,83.63636363636363,4.559333333333332,6.076887417218542
3917,411110,PR,24,0.18676465461186773,95.83333333333334,5.346666666666667,8.119459459459462
3918,316620,MG,25,0.186181943220646,92.0,4.922000000000001,9.045960264900659
3919,510420,MT,50,0.18605617107539402,78.0,5.103333333333333,5.43882096069869
3920,231310,CE,118,0.18582219625652205,88.98305084745762,4.537857142857142,6.891403197158075
3921,412230,PR,156,0.18566831851643206,84.61538461538461,5.329473684210527,6.770114503816796
3922,420765,SC,43,0.18531084339110865,88.37209302325581,5.672499999999999,8.685524344569284
3923,411900,PR,27,0.18494278319999716,100.0,5.335,8.813504273504272
3924,312330,MG,24,0.18382234722579927,83.33333333333334,4.925000000000001,6.852631578947367
3925,230700,CE,144,0.18370786407499612,86.80555555555556,4.27235294117647,6.279790732436473
3926,312100,MG,36,0.18312082323213918,94.44444444444444,4.7875,4.608888888888889
3927,230960,CE,310,0.1819413047372297,86.45161290322581,4.612222222222223,6.725083449235049
3928,412600,PR,31,0.18123419271178137,83.87096774193549,5.08,5.1254482758620705
3929,230190,CE,298,0.18107996859154443,85.57046979865773,4.429285714285713,6.626137787056366
3930,270830,AL,65,0.18095318647459926,90.76923076923077,4.339,6.778763736263736
3931,412720,PR,77,0.17988719922814156,92.20779220779221,5.37875,7.580567375886524
3932,411727,PR,26,0.17931652978229587,96.15384615384616,5.098333333333334,7.34927083333333
3933,230240,CE,169,0.178920828232199,83.4319526627219,4.3212,4.78097447795824
3934,410130,PR,34,0.1782727177539145,97.05882352941177,5.079999999999999,9.764213483146069
3935,316190,MG,49,0.17786770377329222,83.6734693877551,5.215714285714285,6.348846153846152
3936,320316,ES,32,0.17781985197884964,87.5,5.0520000000000005,8.156142857142859
3937,521880,GO,1014,0.17600556455660374,87.27810650887574,5.244500000000001,7.9172949863972
3938,353020,SP,27,0.17584005074729164,92.5925925925926,5.117500000000001,7.203333333333333
3939,230320,CE,128,0.17465528858375687,87.5,4.388333333333333,6.378875912408757
3940,410655,PR,21,0.17440068422728322,90.47619047619048,4.98,7.690101010101013
3941,220890,PI,33,0.17416959969189927,84.84848484848484,4.586666666666667,6.854352941176474
3942,520380,GO,33,0.17328178511321254,90.9090909090909,5.12,7.462666666666666
3943,210637,MA,43,0.17203241891549448,90.69767441860465,4.233,6.40081081081081
3944,312940,MG,27,0.17173167650937463,96.29629629629629,4.975,8.680000000000005
3945,220342,PI,21,0.17138671005267997,85.71428571428571,4.01,6.973548387096777
3946,411745,PR,33,0.17102511989095517,90.9090909090909,5.265000000000001,8.194099378881988
3947,521970,GO,30,0.16996692810258013,90.0,4.886666666666667,10.15581699346405
3948,231370,CE,24,0.16982116561771066,91.66666666666666,4.348,7.9875
3949,310205,MG,37,0.16948706957223506,89.1891891891892,5.013333333333334,10.331340782122906
3950,230910,CE,44,0.16888961664806368,86.36363636363636,4.3966666666666665,7.275374449339209
3951,220030,PI,32,0.16756350844062207,90.625,4.185,6.948666666666666
3952,210490,MA,48,0.16744411522601219,87.5,4.264444444444443,8.072814814814812
3953,250110,PB,76,0.16699833095532365,90.78947368421053,4.222142857142856,7.785854800936768
3954,230945,CE,117,0.16695661123180427,83.76068376068376,4.422000000000001,7.03086956521739
3955,500085,MS,91,0.1664620382095466,90.10989010989012,5.144,7.321949999999994
3956,522060,GO,80,0.1662663357317402,88.75,5.161249999999999,8.830652173913048
3957,230690,CE,132,0.16625930223534727,90.9090909090909,4.365882352941177,7.498233657858136
3958,410115,PR,22,0.16582235190117436,86.36363636363636,,8.429019607843141
3959,521525,GO,23,0.16474553314802126,78.26086956521739,4.705,9.5540350877193
3960,320010,ES,134,0.16468725407487422,90.29850746268657,4.928888888888889,8.69754273504274
3961,412200,PR,71,0.16464250801066718,94.36619718309859,5.176666666666667,9.39751479289941
3962,522170,GO,54,0.16450455574899292,85.18518518518519,5.06375,7.228605577689244
3963,220590,PI,24,0.16411740040498468,91.66666666666666,4.606,11.254306569343065
3964,220554,PI,21,0.1633023642103572,76.19047619047619,4.346666666666667,4.812463768115945
3965,230760,CE,220,0.1632329853381339,89.0909090909091,4.613,8.68230905861457
3966,353475,SP,21,0.16204672409430673,85.71428571428571,5.303333333333334,9.209999999999994
3967,230120,CE,130,0.161985055731474,93.84615384615384,4.275333333333334,9.037445482866046
3968,250855,PB,26,0.1615294809190883,88.46153846153845,4.3125,6.88806818181818
3969,522200,GO,70,0.16082190189297232,91.42857142857143,4.998888888888889,9.255229357798168
3970,411695,PR,34,0.1606381652712241,97.05882352941177,5.4383333333333335,12.585454545454546
3971,231150,CE,92,0.1603693683464918,90.21739130434783,4.5325,9.142203389830502
3972,311200,MG,42,0.1601595477808557,88.09523809523809,5.12,9.621016042780749
3973,230570,CE,41,0.1601389725681591,80.48780487804879,4.186,8.353999999999997
3974,412085,PR,24,0.1600727081577287,95.83333333333334,5.76,10.598139534883718
3975,231100,CE,57,0.15842498712212771,92.98245614035088,4.198571428571429,11.304349726775952
3976,315530,MG,24,0.15737680452924388,87.5,5.199999999999999,6.33988505747126
3977,521971,GO,26,0.15610651192857505,88.46153846153845,5.0649999999999995,8.848380952380953
3978,522020,GO,110,0.15487512954879293,88.18181818181819,4.9158333333333335,8.934869109947645
3979,251250,PB,245,0.15449931023064606,89.38775510204081,4.564545454545454,8.612560669456073
3980,316520,MG,31,0.1543366619795812,90.32258064516128,4.785,11.085153846153851
3981,412070,PR,35,0.15415109998781196,85.71428571428571,5.335,10.912903225806453
3982,211003,MA,118,0.15259720449233385,93.22033898305084,4.335714285714285,9.758170731707319
3983,230740,CE,119,0.15143086399201044,89.07563025210085,4.197142857142857,8.524595588235293
3984,230010,CE,46,0.15142135322262917,95.65217391304348,4.3149999999999995,9.807711442786065
3985,231160,CE,140,0.15109915072633773,86.42857142857143,4.305,8.326540084388185
3986,210600,MA,36,0.1508615020223155,91.66666666666666,4.245,9.013628691983122
3987,231085,CE,119,0.15033592645552393,93.27731092436974,4.400769230769231,9.494483362521898
3988,410865,PR,36,0.14999686588313174,91.66666666666666,4.816666666666666,11.663124999999997
3989,421090,SC,23,0.14967124443414556,91.30434782608695,5.63,8.204999999999998
3990,412640,PR,26,0.14926467325832046,92.3076923076923,5.238333333333333,11.402037037037042
3991,521910,GO,35,0.14663315363896434,94.28571428571428,5.06,9.206625766871166
3992,230600,CE,56,0.1464730146479252,96.42857142857143,4.345714285714286,10.751200000000004
3993,231410,CE,326,0.14587952192168852,91.71779141104295,4.0566666666666675,9.33355992844365
3994,412280,PR,23,0.14534637209069237,86.95652173913044,5.215,11.265
3995,411845,PR,33,0.14530520799692945,96.96969696969697,5.555,10.440573248407642
3996,270090,AL,35,0.14508254666766565,85.71428571428571,3.85125,10.319186602870811
3997,231330,CE,233,0.14487330380422422,89.69957081545064,4.438529411764706,9.489809437386576
3998,210594,MA,34,0.14401630964851747,85.29411764705883,4.078888888888889,10.377793103448274
3999,521390,GO,20,0.14286526799706156,90.0,5.19,11.664941176470585
4000,220194,PI,31,0.14201194375456389,90.32258064516128,4.087142857142857,8.285771812080538
4001,230195,CE,121,0.14118810817562233,90.08264462809917,4.457272727272728,9.906147798742143
4002,410753,PR,25,0.1410162191387219,88.0,5.455,11.64060606060606
4003,314160,MG,28,0.13978623669389695,85.71428571428571,4.8975,11.343521126760558
4004,410300,PR,25,0.13972847160640867,96.0,5.404999999999999,13.326470588235296
4005,520540,GO,70,0.13919916834724708,94.28571428571428,5.2,11.524234527687296
4006,316500,MG,35,0.13867102103265994,97.14285714285714,5.1475,12.38906542056075
4007,221030,PI,25,0.13787395572901373,88.0,4.276,11.380000000000003
4008,230110,CE,353,0.13763165763456922,91.21813031161473,4.479375,10.128111888111889
4009,320013,ES,60,0.13701774197074582,98.33333333333333,4.9071428571428575,13.446574394463664
4010,230630,CE,195,0.13666969318671443,88.71794871794872,4.138333333333334,10.144966248794603
4011,210312,MA,24,0.13620927145266773,95.83333333333334,4.157777777777777,11.431000000000001
4012,521950,GO,22,0.13594854722255437,81.81818181818183,5.109999999999999,9.602820512820513
4013,220870,PI,29,0.13343404447544369,96.55172413793103,4.226666666666667,10.580118343195265
4014,210596,MA,57,0.13294327966860003,87.71929824561403,4.135,8.49933333333334
4015,521630,GO,46,0.13220505334925106,95.65217391304348,5.306666666666667,11.472999999999999
4016,230980,CE,56,0.13185149930253362,91.07142857142857,4.272500000000001,10.07870229007634
4017,231130,CE,331,0.13099359290247348,90.93655589123867,4.294848484848484,10.380162846803374
4018,411729,PR,27,0.12795455745308293,92.5925925925926,5.45,12.36
4019,231350,CE,306,0.12703325438063154,94.77124183006535,4.2958823529411765,10.789922985781994
4020,210315,MA,78,0.12688112641793375,91.02564102564102,4.05875,10.87147368421053
4021,220480,PI,40,0.12678728657383465,85.0,4.319999999999999,9.434278074866313
4022,230950,CE,106,0.1255484515236367,94.33962264150944,4.342,10.825498891352552
4023,412490,PR,26,0.1244091122625244,92.3076923076923,5.02,13.223469387755102
4024,251230,PB,73,0.12432802601348056,90.41095890410958,4.475714285714285,11.686985815602837
4025,251350,PB,22,0.12329982386864642,81.81818181818183,4.188,10.906582278481011
4026,355395,SP,36,0.12326107466108865,97.22222222222221,5.368571428571429,11.719999999999999
4027,521487,GO,21,0.12280895703531354,100.0,5.0649999999999995,13.814883720930238
4028,231250,CE,24,0.12186146252330736,100.0,4.523333333333333,8.449126213592232
4029,260910,PE,46,0.12147001108823399,93.47826086956522,4.365714285714286,11.697499999999998
4030,220213,PI,30,0.1214334945274161,90.0,4.282,10.024096385542164
4031,231120,CE,36,0.12004122063744847,83.33333333333334,3.9240000000000004,10.9219209039548
4032,260390,PE,101,0.11985109081777368,91.0891089108911,4.430769230769231,12.136228893058163
4033,230680,CE,42,0.11888150311721489,97.61904761904762,4.384285714285714,11.365624999999996
4034,230580,CE,196,0.1185719719756681,92.3469387755102,4.03695652173913,10.614373650107986
4035,270230,AL,332,0.11817348786596359,95.18072289156626,4.504210526315789,13.095122103944895
4036,311990,MG,21,0.11715782227572669,100.0,5.495,8.984090909090908
4037,261190,PE,90,0.11581899536083425,86.66666666666667,4.367142857142857,12.175158371040723
4038,260392,PE,30,0.11578987396275137,96.66666666666667,4.245,11.417435897435897
4039,270930,AL,295,0.1157789547596036,90.84745762711864,4.292000000000001,11.781152204836411
4040,411585,PR,40,0.11555276367659903,87.5,5.574999999999999,12.268743169398908
4041,320330,ES,72,0.1149750038138516,93.05555555555556,4.79625,13.447689873417724
4042,521405,GO,30,0.11444882528746445,100.0,4.9625,14.965730337078659
4043,220202,PI,30,0.11338124019240246,90.0,4.0249999999999995,10.423426573426575
4044,210520,MA,42,0.11234363446235437,92.85714285714286,4.026666666666667,13.862930232558138
4045,310080,MG,24,0.11226992192381104,87.5,5.183333333333334,14.14921348314607
4046,220020,PI,67,0.11119058686202495,89.55223880597015,4.415555555555555,11.255675675675677
4047,421625,SC,30,0.11114077364344703,90.0,5.7425,14.324347826086955
4048,353540,SP,33,0.1107807330980631,87.87878787878788,5.1883333333333335,12.540000000000006
4049,210087,MA,58,0.11073213041509168,96.55172413793103,4.1125,14.650925925925922
4050,231210,CE,84,0.10828097842292533,94.04761904761905,4.039090909090909,12.314137115839248
4051,316095,MG,40,0.10750619888974097,87.5,4.956666666666667,12.324142011834324
4052,313030,MG,28,0.10535449336207489,100.0,5.126666666666667,16.209302325581394
4053,230655,CE,185,0.10325610060754746,90.81081081081082,4.206666666666665,12.52712667353244
4054,221020,PI,21,0.10237289066566348,95.23809523809523,4.388000000000001,14.9282
4055,210462,MA,44,0.09988913965216711,93.18181818181817,4.406666666666666,15.175172413793101
4056,521140,GO,35,0.09981374905100353,97.14285714285714,5.19,15.495695364238415
4057,220323,PI,23,0.09847646724289784,95.65217391304348,4.555,12.902599999999998
4058,520130,GO,64,0.09657062333463434,96.875,5.1362499999999995,15.129876160990717
4059,510100,MT,20,0.09645882654643041,100.0,5.105,16.397816091954024
4060,220595,PI,81,0.09569607848810985,98.76543209876543,4.266,14.818765822784812
4061,521540,GO,26,0.09558698076981534,92.3076923076923,5.225,16.278037383177573
4062,231110,CE,106,0.0944654966718726,93.39622641509435,4.4025,12.752540983606556
4063,231400,CE,168,0.09377166017461017,92.85714285714286,4.276249999999999,13.115704467353956
4064,310640,MG,26,0.09368712224345345,92.3076923076923,4.923333333333334,15.24118421052631
4065,230428,CE,403,0.09329582714638486,94.04466501240695,4.777307692307692,13.224779233381852
4066,231325,CE,40,0.09263055496592887,97.5,4.308,13.207932960893851
4067,521410,GO,20,0.09099834658844597,90.0,4.9,16.616
4068,231070,CE,151,0.08960081788313881,88.74172185430463,4.065263157894737,12.240428015564206
4069,351470,SP,20,0.08901641683520985,90.0,5.26,15.069999999999993
4070,230060,CE,38,0.08849850297383842,97.36842105263158,4.223333333333334,14.103454545454543
4071,230250,CE,228,0.08804338052509732,92.54385964912281,4.340416666666667,14.149560246262094
4072,231180,CE,353,0.08747541272374357,92.3512747875354,4.400312499999999,13.689796040791848
4073,211174,MA,56,0.08621229042405469,94.64285714285714,4.2811111111111115,15.852927927927928
4074,220100,PI,20,0.0850570442573011,90.0,4.13,11.707142857142859
4075,230670,CE,69,0.08133721630205533,95.65217391304348,4.4159999999999995,14.214173228346459
4076,230523,CE,401,0.08114640941639861,95.76059850374065,4.619285714285715,14.743667377398722
4077,353710,SP,87,0.08038526721785154,91.95402298850574,5.418333333333333,14.25
4078,230650,CE,82,0.08024679881037303,96.34146341463415,4.071666666666667,14.501002638522424
4079,230160,CE,88,0.07794548163933313,92.04545454545455,4.055,14.217226277372264
4080,355510,SP,22,0.0770066664284579,86.36363636363636,5.5,13.459999999999994
4081,230620,CE,31,0.07683113562505102,93.54838709677419,4.48,13.851167512690349
4082,210207,MA,45,0.07678126233228752,100.0,4.1854545454545455,17.276923076923076
4083,230850,CE,156,0.07654215063135787,92.94871794871796,4.090357142857143,13.515310734463277
4084,221005,PI,26,0.07598022922286579,96.15384615384616,4.22,16.576712328767126
4085,231355,CE,90,0.07569540942500129,88.88888888888889,4.122857142857143,12.757794486215541
4086,231080,CE,93,0.07520241015979305,95.6989247311828,4.509,14.635122950819667
4087,230260,CE,308,0.07417968528820179,93.5064935064935,4.161000000000001,14.29387351778656
4088,230420,CE,473,0.07267404881861032,94.08033826638477,4.380869565217393,14.42947284345048
4089,230480,CE,22,0.071860224929368,81.81818181818183,4.3225,13.457445255474457
4090,230880,CE,24,0.07135726170828821,95.83333333333334,3.77,16.0708938547486
4091,270810,AL,45,0.07035020153078661,100.0,4.25,18.31812834224599
4092,231020,CE,208,0.06974878198822919,96.15384615384616,4.386818181818183,14.970096916299559
4093,230445,CE,83,0.06629785946589853,93.97590361445783,4.51,15.450585683297179
4094,231230,CE,257,0.06529695765370877,95.71984435797665,4.163333333333334,13.740913242009128
4095,230280,CE,374,0.0640980726162557,95.98930481283422,4.225714285714286,15.470410697230184
4096,231040,CE,26,0.06400419470058162,92.3076923076923,4.114285714285714,16.711
4097,230780,CE,201,0.06159736832863255,97.51243781094527,4.122499999999999,15.367944025834232
4098,231025,CE,181,0.061369945754235294,95.58011049723757,4.366250000000001,16.0222392974753
4099,250915,PB,23,0.06099143031885201,95.65217391304348,4.4625,19.156666666666666
4100,230533,CE,56,0.06020986889903162,96.42857142857143,4.363,16.3199604743083
4101,210580,MA,33,0.06016731691068169,100.0,4.132857142857143,18.383606557377046
4102,231360,CE,180,0.05991508140292531,96.66666666666667,4.3068181818181825,16.070130861504907
4103,230080,CE,30,0.059863007598505734,100.0,4.1325,15.793333333333337
4104,231126,CE,84,0.05905178887693506,97.61904761904762,4.2700000000000005,13.35578988941548
4105,230020,CE,360,0.05902860494669558,98.61111111111111,4.216388888888889,16.729177288528387
4106,230205,CE,101,0.05873851159123537,97.02970297029702,4.032500000000001,16.03823416506718
4107,220885,PI,23,0.05862511928337608,86.95652173913044,4.043333333333333,15.368923076923076
4108,231010,CE,45,0.058378464919588965,91.11111111111111,4.079999999999999,16.547023809523814
4109,230330,CE,63,0.058161165566306926,98.4126984126984,4.258571428571429,16.244261838440114
4110,230070,CE,73,0.05792115975859455,95.8904109589041,4.46111111111111,16.747219101123594
4111,230860,CE,95,0.05576759071456518,97.89473684210527,4.16076923076923,16.38875912408759
4112,211270,MA,225,0.055374596050300116,97.77777777777777,3.894074074074074,17.844085930918276
4113,220430,PI,44,0.05450387862377825,100.0,4.07,17.553399014778325
4114,231220,CE,132,0.054359053573814514,98.48484848484848,4.216086956521737,16.649054404145073
4115,230530,CE,132,0.05419235386288637,98.48484848484848,4.324375,16.171162420382164
4116,210667,MA,30,0.05394090044341072,100.0,3.9320000000000004,19.040555555555557
4117,230410,CE,313,0.05224223809151505,97.44408945686901,4.230263157894736,15.990951757258244
4118,220560,PI,26,0.05203585070571082,96.15384615384616,4.5525,19.017431192660553
4119,230393,CE,63,0.05015653645267346,96.82539682539682,4.1657142857142855,16.71247734138973
4120,230490,CE,51,0.050011980633675145,86.27450980392157,4.232,18.01831275720165
4121,230763,CE,90,0.04994412191726544,94.44444444444444,4.206363636363636,16.643674418604654
4122,230230,CE,135,0.049504668675359347,97.77777777777777,4.094782608695652,16.66147540983606
4123,220910,PI,20,0.049498147939816925,95.0,4.201666666666666,16.981600000000004
4124,230470,CE,283,0.049417036243702396,96.46643109540636,3.802432432432432,15.40105263157895
4125,230500,CE,259,0.04875416999291725,99.22779922779922,4.062272727272726,17.089398862713242
4126,230800,CE,175,0.04731622938180372,97.71428571428571,4.033333333333333,17.40527114967462
4127,230427,CE,30,0.047149740554695646,93.33333333333333,4.286666666666666,16.96763358778626
4128,230610,CE,131,0.047037387132831295,96.18320610687023,4.0138461538461545,16.647948717948722
4129,230460,CE,31,0.04621844744348077,93.54838709677419,4.12,16.032812500000006
4130,220650,PI,37,0.04615348440760162,100.0,4.325714285714286,18.918378378378378
4131,230430,CE,69,0.0436381818054246,98.55072463768117,4.22,17.19197674418605
4132,220553,PI,26,0.043202238942848546,100.0,4.045,17.426666666666666
4133,230395,CE,117,0.042657375158626276,98.29059829059828,4.463846153846154,17.80170642201835
4134,230380,CE,83,0.04006783938363249,100.0,4.233846153846153,17.577213114754095
4135,230520,CE,69,0.03949828571923732,94.20289855072464,4.026,17.62351206434316
4136,230835,CE,53,0.03939856702802711,98.11320754716981,4.19,19.01148514851485
4137,231390,CE,84,0.038704554507829975,95.23809523809523,4.133333333333333,17.19269230769231
4138,230365,CE,46,0.036632169676351016,100.0,4.1850000000000005,20.0
4139,230300,CE,53,0.035320929243610244,98.11320754716981,4.254166666666666,17.583260869565223
4140,231395,CE,83,0.03528335392165221,97.59036144578313,4.252222222222222,18.868072562358275
4141,231195,CE,115,0.03506983034830914,97.3913043478261,4.2761538461538455,17.48617021276596
4142,220190,PI,96,0.0337057281892999,98.95833333333334,4.503333333333333,19.006488095238097
4143,230565,CE,61,0.033546173057687624,98.36065573770492,4.112500000000001,18.20272727272727
4144,230425,CE,203,0.03341539763651735,99.50738916256158,4.422083333333333,19.238850457782302
4145,230725,CE,171,0.03288075959342931,97.6608187134503,4.603000000000001,18.895955801104975
4146,230426,CE,27,0.032864341580452545,100.0,4.244,18.740880503144652
4147,230820,CE,84,0.03285931120261256,98.80952380952381,4.310833333333334,18.34560344827586
4148,231140,CE,377,0.0316826374249494,98.40848806366049,4.34048780487805,18.638032171581774
4149,231200,CE,147,0.03162977456210144,98.63945578231292,3.9500000000000006,18.767437500000007
4150,230890,CE,105,0.03152577008173684,99.04761904761905,4.116923076923077,18.345310218978103
4151,231320,CE,106,0.03142973191123859,98.11320754716981,4.119999999999999,17.717289527720737
4152,230450,CE,105,0.03134718451910751,99.04761904761905,4.231428571428571,18.973826638477806
4153,230050,CE,43,0.03131823697652459,97.67441860465115,4.312999999999999,18.36404255319149
4154,231095,CE,32,0.031126956248697074,96.875,4.125,19.48198830409357
4155,230900,CE,63,0.030979797409134386,98.4126984126984,4.117999999999999,18.350985915492956
4156,230930,CE,118,0.03078806900818648,98.30508474576271,4.168,18.018960396039603
4157,230940,CE,163,0.03038403935104274,100.0,4.167777777777777,19.53073483842408
4158,231170,CE,83,0.03036424226132894,98.79518072289156,4.107692307692308,19.01381546134663
4159,231270,CE,85,0.03012701877872928,100.0,4.180714285714285,19.258805970149254
4160,231300,CE,90,0.03007601291242532,97.77777777777777,4.324285714285714,18.503716381418087
4161,231290,CE,946,0.029066754207645592,99.15433403805497,4.354366197183098,18.66292336604719
4162,231123,CE,33,0.02842963979774366,96.96969696969697,4.38,18.36172131147541
4163,230125,CE,69,0.028341059803874743,100.0,4.1925,19.136321070234118
4164,230560,CE,63,0.02759706861203136,98.4126984126984,4.24,18.716699029126215
4165,230310,CE,81,0.02671723195394368,98.76543209876543,3.7272727272727275,19.238542199488485
4166,230465,CE,72,0.02638548247208515,100.0,4.1370000000000005,19.137784256559765
4167,230590,CE,175,0.026036886674244378,98.85714285714286,4.183333333333334,18.707872582480096
4168,230660,CE,89,0.026026100958011437,100.0,4.243333333333335,19.361000000000004
4169,231280,CE,40,0.025947807612944195,97.5,4.082,19.096036866359444
4170,230423,CE,96,0.024660115468764288,100.0,4.255714285714286,18.799437751004017
4171,230990,CE,37,0.023996426670983728,100.0,4.184,18.829447852760733
4172,230790,CE,59,0.023122582757119394,100.0,3.9566666666666666,18.85942528735632
4173,231050,CE,137,0.021705511055064623,100.0,4.0892,19.5660492040521
4174,231090,CE,70,0.021653016873999575,100.0,4.14888888888889,20.0
4175,230435,CE,97,0.020814864358613162,100.0,4.186,20.0
4176,230920,CE,104,0.020436738317769043,100.0,4.2371428571428575,19.76718604651163
4177,230400,CE,109,0.018737347783051944,100.0,3.850909090909091,20.0
