id_municipio,uf,cluster,perfil,risco_medio,taxa_alfabetizacao_real,inse_municipio
110001,RO,1,Intermediario,0.40654275893715724,57.98319327731093,4.8984615384615395
110002,RO,1,Intermediario,0.4470080702007503,62.94642857142857,4.878965517241379
110003,RO,2,Consolidado,0.3527020065484391,73.33333333333333,4.9525
110004,RO,1,Intermediario,0.43613856600764794,63.83647798742138,4.949677419354839
110005,RO,1,Intermediario,0.4619830779663164,67.9245283018868,5.027499999999999
110006,RO,1,Intermediario,0.40070420609833907,61.016949152542374,5.135
110007,RO,1,Intermediario,0.40951444609640525,62.7906976744186,4.881428571428572
110008,RO,1,Intermediario,0.3565193763027717,67.16417910447761,4.753333333333334
110009,RO,2,Consolidado,0.3120402302877326,74.56647398843931,4.833333333333334
110010,RO,3,Atencao,0.6064089589359041,45.68527918781726,4.768888888888888
110011,RO,1,Intermediario,0.4301862533231518,68.33976833976834,4.8986363636363635
110012,RO,1,Intermediario,0.38528750649057025,68.5251798561151,4.967608695652173
110013,RO,3,Atencao,0.5087752341982879,61.79775280898876,4.696666666666666
110014,RO,2,Consolidado,0.31958681147156925,63.2183908045977,4.917142857142857
110015,RO,1,Intermediario,0.3787840816765547,65.54054054054053,4.979333333333333
110018,RO,2,Consolidado,0.30958805403529527,76.04790419161677,5.042142857142857
110020,RO,1,Intermediario,0.49382771590068353,59.49913644214162,4.912746478873237
110025,RO,1,Intermediario,0.44099056906082246,67.04545454545455,4.9270000000000005
110026,RO,1,Intermediario,0.3646703571959938,65.51724137931035,4.835
110028,RO,1,Intermediario,0.38372135353726605,70.34220532319392,5.035999999999998
110029,RO,2,Consolidado,0.285588509639372,74.28571428571429,4.865
110030,RO,1,Intermediario,0.3901823031773065,71.72995780590718,5.152666666666666
110032,RO,1,Intermediario,0.40291640551917823,69.64285714285714,4.846363636363637
110033,RO,3,Atencao,0.5427000430554458,55.42857142857143,4.692727272727273
110034,RO,1,Intermediario,0.5591331938879373,57.14285714285714,4.948333333333333
110037,RO,2,Consolidado,0.3449246503188036,84.4155844155844,4.775
110040,RO,1,Intermediario,0.46537058582091484,52.63157894736842,4.87125
110045,RO,1,Intermediario,0.4722850831479882,64.0,4.850833333333334
110050,RO,1,Intermediario,0.35223677700129946,62.7906976744186,4.88
110060,RO,1,Intermediario,0.4057126278089779,60.0,4.8625
110070,RO,1,Intermediario,0.4273008566585098,68.85245901639344,4.806666666666667
110080,RO,0,Critico,0.5904400390722795,53.64238410596026,4.747999999999999
110092,RO,1,Intermediario,0.2928372692454929,64.40677966101694,4.953333333333334
110094,RO,1,Intermediario,0.35505407643378956,67.24137931034483,4.775
110100,RO,1,Intermediario,0.3802756873409183,73.13432835820896,4.768
110110,RO,2,Consolidado,0.2228054903254207,86.66666666666667,4.583333333333333
110120,RO,1,Intermediario,0.36400493092599895,63.63636363636363,4.97
110130,RO,1,Intermediario,0.4415092692579085,71.42857142857143,4.824
110140,RO,1,Intermediario,0.3672560153118665,68.18181818181817,4.898571428571429
110143,RO,1,Intermediario,0.4057387796633807,81.48148148148148,4.815
110145,RO,1,Intermediario,0.42546305019439473,52.0,4.9350000000000005
110148,RO,1,Intermediario,0.4643950827819686,66.66666666666666,5.0
110149,RO,1,Intermediario,0.43839851985799383,68.0,4.955714285714286
110150,RO,1,Intermediario,0.4474823241470902,64.19753086419753,4.856666666666667
110155,RO,1,Intermediario,0.3763499450217292,75.0,4.87
110160,RO,3,Atencao,0.4229523728192304,73.07692307692307,4.744
110170,RO,1,Intermediario,0.4087513397555247,66.66666666666666,4.838333333333333
110175,RO,0,Critico,0.6295149256427767,58.333333333333336,4.865
110180,RO,0,Critico,0.5868465947158774,55.00000000000001,4.8075
130002,AM,3,Atencao,0.5580633275610429,55.00000000000001,3.9033333333333338
130006,AM,3,Atencao,0.4527230843437856,63.366336633663366,3.538333333333333
130008,AM,0,Critico,0.5562695128701107,60.60606060606061,4.159166666666667
130010,AM,2,Consolidado,0.3373676208653406,72.47706422018348,4.167777777777777
130014,AM,1,Intermediario,0.4813878515297457,58.42696629213483,4.604444444444444
130020,AM,3,Atencao,0.4073286919246842,64.47368421052632,3.8350000000000004
130040,AM,0,Critico,0.565841713486926,50.505050505050505,4.03090909090909
130050,AM,0,Critico,0.782398934404671,30.967741935483872,3.6841379310344826
130068,AM,0,Critico,0.6646288028682326,48.61111111111111,4.014
130070,AM,0,Critico,0.5519013118289412,56.73758865248227,4.446315789473685
130080,AM,0,Critico,0.662509279688339,39.285714285714285,3.9440625000000002
130100,AM,3,Atencao,0.5139115096971437,58.91472868217055,4.073684210526316
130115,AM,0,Critico,0.7045431001436641,39.21568627450981,4.236190476190476
130120,AM,0,Critico,0.6430764602598878,47.354497354497354,4.081666666666667
130130,AM,3,Atencao,0.5813139633248251,53.125,4.243076923076923
130165,AM,3,Atencao,0.4984156406635258,56.14035087719298,4.14875
130170,AM,3,Atencao,0.5403427105796388,59.63636363636363,4.168823529411765
130185,AM,0,Critico,0.6614080619124552,35.68904593639576,4.637000000000001
130190,AM,0,Critico,0.5456674327931395,55.41125541125541,4.272075471698114
130195,AM,2,Consolidado,0.2761596663403594,77.55102040816327,3.692857142857143
130210,AM,2,Consolidado,0.24962752484909106,83.60655737704919,3.82625
130220,AM,3,Atencao,0.6026134389674881,53.84615384615385,3.8957142857142855
130230,AM,0,Critico,0.6781295469157657,32.800000000000004,3.7415789473684216
130240,AM,1,Intermediario,0.4113709324076214,74.25149700598801,4.415384615384616
130250,AM,0,Critico,0.642039107633033,45.45454545454545,4.329122807017543
130255,AM,0,Critico,0.7024708679558165,30.0,4.164000000000001
130260,AM,0,Critico,0.5553412585357989,53.86263795135541,4.853927893738139
130270,AM,3,Atencao,0.4894477246093597,52.0,4.013529411764706
130280,AM,0,Critico,0.6713148051288006,46.03174603174603,3.78
130290,AM,0,Critico,0.5341087083230694,61.990950226244344,3.8873333333333333
130300,AM,3,Atencao,0.4377571360831583,62.745098039215684,4.006923076923077
130310,AM,0,Critico,0.616133931911908,39.69465648854962,3.8156521739130436
130320,AM,1,Intermediario,0.4151367096675395,73.0,4.513749999999999
130330,AM,3,Atencao,0.42341524751907195,66.98113207547169,4.009999999999999
130340,AM,3,Atencao,0.46359582315746245,61.206896551724135,4.1326785714285705
130350,AM,0,Critico,0.6559615169916788,56.09756097560976,4.058333333333334
130353,AM,0,Critico,0.7407839666680929,33.33333333333333,4.604347826086956
130356,AM,0,Critico,0.6843095156992652,48.55072463768116,4.475454545454546
130360,AM,0,Critico,0.7045398256765731,29.82456140350877,4.0600000000000005
130370,AM,3,Atencao,0.5593536963272865,56.14035087719298,3.789444444444444
130380,AM,0,Critico,0.6428261453126156,43.85245901639344,3.7777777777777777
130390,AM,0,Critico,0.6837562194071479,41.853035143769965,3.7807407407407405
130395,AM,3,Atencao,0.5690514654742073,49.056603773584904,4.0225
130406,AM,0,Critico,0.6523190126779039,42.79475982532751,3.91
130410,AM,3,Atencao,0.5813181811149433,56.56565656565656,4.04
130423,AM,0,Critico,0.6926970384510055,37.0,3.805833333333334
130426,AM,0,Critico,0.7893704419247135,20.51282051282051,3.778
130430,AM,3,Atencao,0.3810339504880914,69.47368421052632,4.113333333333333
150010,PA,0,Critico,0.7044362433645485,37.21804511278196,4.17186046511628
150013,PA,1,Intermediario,0.5343589626595069,69.23076923076923,4.432499999999999
150020,PA,0,Critico,0.6799920170871665,41.84782608695652,4.128000000000003
150030,PA,0,Critico,0.730469265230414,34.95575221238938,3.657173913043478
150034,PA,0,Critico,0.679266238956011,40.54054054054054,4.5
150040,PA,0,Critico,0.7152450137425825,35.62874251497006,4.13974358974359
150050,PA,0,Critico,0.7386021830170432,32.25806451612903,4.077916666666667
150060,PA,0,Critico,0.6310175707281213,47.46059544658494,4.6196
150070,PA,0,Critico,0.7580756814035481,33.33333333333333,3.534285714285714
150080,PA,0,Critico,0.533903531667843,56.077510275983556,4.5197183098591545
150085,PA,0,Critico,0.6101946853684982,47.76119402985074,4.403333333333333
150090,PA,0,Critico,0.6714268117890771,35.56701030927835,3.786944444444444
150095,PA,0,Critico,0.6272554924905895,48.78048780487805,3.9952941176470587
150100,PA,3,Atencao,0.49384807836055933,65.9090909090909,4.127999999999999
150110,PA,0,Critico,0.580014047596824,42.857142857142854,3.5081250000000006
150120,PA,0,Critico,0.7487448714816194,31.538461538461537,4.2458333333333345
150130,PA,0,Critico,0.6689910048907401,46.01449275362319,4.461944444444445
150140,PA,0,Critico,0.5603934481331716,54.75212270610792,4.5008934707903805
150145,PA,3,Atencao,0.49062540080987177,54.21686746987952,4.237499999999999
150150,PA,3,Atencao,0.4492100677617345,63.1578947368421,4.4713157894736835
150157,PA,0,Critico,0.5442376164956573,55.88235294117647,4.338333333333334
150160,PA,0,Critico,0.7229106830399177,40.0,4.131666666666666
150170,PA,0,Critico,0.6782379889941136,41.14173228346456,4.091969696969697
150172,PA,2,Consolidado,0.2463358943012628,76.0,4.39625
150175,PA,3,Atencao,0.4006096236568459,65.78947368421053,4.158888888888888
150178,PA,0,Critico,0.6754237370451736,38.97435897435898,4.209999999999999
150180,PA,0,Critico,0.5940258387406577,55.053191489361694,3.910526315789473
150190,PA,3,Atencao,0.5667140739792689,48.38709677419355,3.883599999999999
150195,PA,0,Critico,0.6157627265023911,56.451612903225815,4.041764705882353
150200,PA,3,Atencao,0.5828433217539585,48.148148148148145,4.022142857142858
150210,PA,0,Critico,0.6856042688555759,39.82683982683983,4.025619047619047
150215,PA,1,Intermediario,0.458158336797832,60.747663551401864,4.762631578947368
150220,PA,3,Atencao,0.5098489751778088,62.7177700348432,4.215833333333335
150230,PA,3,Atencao,0.5948319823528915,53.2258064516129,4.045151515151514
150250,PA,0,Critico,0.4676031605860652,59.77011494252874,3.67875
150260,PA,0,Critico,0.6377336362138479,41.935483870967744,4.105555555555555
150270,PA,0,Critico,0.6293221982427335,45.95959595959596,4.427826086956522
150275,PA,0,Critico,0.6076266448018954,39.63963963963964,3.8999999999999995
150276,PA,0,Critico,0.59508624475027,50.70422535211267,4.515714285714286
150277,PA,1,Intermediario,0.46846220130195965,65.32258064516128,4.601333333333333
150280,PA,0,Critico,0.8094700008830177,28.761061946902654,3.604642857142857
150285,PA,0,Critico,0.6842482411610354,44.06779661016949,3.8790909090909094
150290,PA,0,Critico,0.7475789303042899,35.78947368421053,4.168518518518519
150293,PA,3,Atencao,0.4551928155248406,63.55140186915887,4.462105263157894
150295,PA,0,Critico,0.5772924225998349,51.21951219512195,4.390624999999999
150300,PA,3,Atencao,0.5694763225416787,53.57142857142857,4.057272727272727
150304,PA,3,Atencao,0.5314645279985775,60.824742268041234,4.423
150307,PA,0,Critico,0.724087869137068,31.61764705882353,3.791176470588235
150309,PA,0,Critico,0.6368813994770154,42.27642276422765,4.311875
150320,PA,0,Critico,0.6544705928884171,40.15151515151515,4.160454545454546
150330,PA,0,Critico,0.6895880796587899,36.86274509803922,4.16872340425532
150340,PA,0,Critico,0.7321414493851642,26.229508196721312,4.1177777777777775
150345,PA,0,Critico,0.6788727685879715,34.45378151260504,4.089444444444444
150350,PA,0,Critico,0.6231470353443203,52.112676056338024,4.162000000000001
150360,PA,1,Intermediario,0.4913713363174902,57.45784695201037,4.6099999999999985
150370,PA,0,Critico,0.6535445226408573,47.27272727272727,4.338636363636363
150380,PA,0,Critico,0.6862844516259375,42.073170731707314,4.317368421052632
150390,PA,0,Critico,0.6307161152829202,50.5338078291815,3.8970731707317072
150400,PA,0,Critico,0.6213970031710464,47.01492537313433,3.780714285714285
150405,PA,0,Critico,0.6225484385401224,46.043165467625904,4.2456249999999995
150410,PA,3,Atencao,0.5034677640894428,59.09090909090909,4.173333333333334
150420,PA,0,Critico,0.5757004531544349,50.8557457212714,4.522905982905984
150430,PA,3,Atencao,0.5188342942535297,50.0,4.047391304347825
150440,PA,0,Critico,0.7180545079415144,35.38461538461539,4.101578947368422
150442,PA,0,Critico,0.5740656973802981,51.690821256038646,4.501521739130435
150445,PA,0,Critico,0.6182839048235912,51.03448275862069,4.386153846153847
150450,PA,0,Critico,0.7405122275439447,32.63888888888889,3.580689655172413
150460,PA,0,Critico,0.7342993983020079,34.45378151260504,4.121666666666666
150470,PA,0,Critico,0.7448223604391991,33.78378378378378,4.0121153846153845
150475,PA,0,Critico,0.5897377497847848,51.21951219512195,4.340588235294118
150480,PA,0,Critico,0.5844881671587714,53.380782918149464,4.149799999999999
150490,PA,0,Critico,0.7258035435979235,38.62660944206009,3.785769230769231
150495,PA,0,Critico,0.6628728359999656,35.61643835616438,3.9353846153846153
150497,PA,0,Critico,0.5997836388297215,46.34146341463415,4.355555555555556
150500,PA,3,Atencao,0.5932742793446155,52.94117647058824,4.2299999999999995
150503,PA,1,Intermediario,0.5044087829519965,67.79661016949152,4.693333333333334
150506,PA,3,Atencao,0.5769363943786383,57.46268656716418,4.3765714285714274
150510,PA,3,Atencao,0.5744029698010937,56.28140703517588,3.9792682926829275
150520,PA,0,Critico,0.8078714603894526,30.057803468208093,3.8174999999999994
150530,PA,0,Critico,0.742539819113941,29.749103942652326,3.8029545454545453
150540,PA,0,Critico,0.5965207693065845,57.6271186440678,4.27875
150543,PA,0,Critico,0.588653498425144,47.22222222222222,4.535000000000001
150548,PA,0,Critico,0.6703642101680615,44.0,4.380624999999999
150549,PA,0,Critico,0.7032129243390093,36.84210526315789,4.212
150550,PA,3,Atencao,0.49484423275007017,60.24305555555556,4.517941176470588
150553,PA,0,Critico,0.5766316196873964,54.054054054054056,4.710181818181816
150555,PA,0,Critico,0.5900335127539982,39.39393939393939,4.45
150560,PA,3,Atencao,0.42692239308725816,64.51612903225806,4.248571428571428
150563,PA,3,Atencao,0.525630744074191,61.904761904761905,4.4037500000000005
150570,PA,0,Critico,0.5928516068504068,47.05882352941176,3.76375
150580,PA,0,Critico,0.6599551864270905,41.17647058823529,3.66
150590,PA,2,Consolidado,0.3079718902924138,80.625,3.4996551724137928
150600,PA,3,Atencao,0.5873280207969549,53.97727272727273,3.7272
150610,PA,3,Atencao,0.5972931252975469,50.877192982456144,4.180000000000001
150611,PA,3,Atencao,0.6074405114999717,50.81967213114754,4.028888888888889
150613,PA,3,Atencao,0.534080191349795,58.686440677966104,4.658214285714285
150616,PA,0,Critico,0.5982275892874062,47.14285714285714,4.593333333333333
150618,PA,1,Intermediario,0.44947031630801604,67.33333333333333,4.516153846153847
150619,PA,3,Atencao,0.5297001193976563,58.38926174496645,4.415624999999999
150620,PA,3,Atencao,0.6190189073719082,50.23696682464455,4.048518518518519
150630,PA,0,Critico,0.5855515584421698,47.05882352941176,4.159473684210527
150635,PA,0,Critico,0.6653376929529881,40.0,4.294375
150640,PA,3,Atencao,0.5832028135916714,51.21951219512195,3.915
150650,PA,0,Critico,0.6981428235868046,38.853503184713375,4.2429411764705875
150655,PA,0,Critico,0.620230023969577,43.333333333333336,4.241818181818181
150658,PA,0,Critico,0.6036831957635721,50.51546391752577,4.495384615384615
150670,PA,1,Intermediario,0.5347819810058075,58.590308370044056,4.5093749999999995
150680,PA,0,Critico,0.5593015149818491,54.395280235988196,4.26266666666667
150690,PA,3,Atencao,0.36273832441184073,66.66666666666666,4.121666666666667
150700,PA,0,Critico,0.7663267854767893,27.06766917293233,4.279999999999999
150710,PA,0,Critico,0.5758135795452569,50.0,3.917272727272727
150715,PA,0,Critico,0.6411997748997562,39.08045977011494,4.4525
150720,PA,0,Critico,0.7433587011909628,36.11111111111111,3.9390476190476185
150740,PA,0,Critico,0.7117651411165479,23.684210526315788,4.276666666666666
150745,PA,3,Atencao,0.5980491492049365,52.23880597014925,4.417368421052632
150747,PA,0,Critico,0.708254820422328,28.235294117647058,3.997500000000001
150750,PA,0,Critico,0.7317515715326608,38.961038961038966,4.278333333333332
150760,PA,0,Critico,0.6574792904840857,49.11504424778761,4.196400000000001
150770,PA,3,Atencao,0.6116418551543918,47.01492537313433,3.7459999999999996
150775,PA,1,Intermediario,0.3097134753671193,70.58823529411765,4.476666666666667
150780,PA,0,Critico,0.7305251654141975,34.166666666666664,4.213076923076923
150790,PA,3,Atencao,0.5089219346840472,56.68789808917197,4.234166666666667
150795,PA,0,Critico,0.7071551271684663,38.57142857142858,4.263333333333334
150796,PA,0,Critico,0.6204096099363,45.45454545454545,4.162222222222222
150797,PA,3,Atencao,0.39360722952125277,71.53846153846153,4.2975
150800,PA,0,Critico,0.6099232277125991,47.12643678160919,4.1154716981132085
150803,PA,0,Critico,0.6669431303524523,50.79365079365079,3.9123529411764704
150805,PA,1,Intermediario,0.42941266882853063,66.30434782608695,4.546666666666668
150808,PA,0,Critico,0.5587834024737172,51.041666666666664,4.701538461538461
150810,PA,0,Critico,0.6796695504056389,42.12678936605317,4.422222222222223
150812,PA,3,Atencao,0.4615885314354489,58.06451612903226,4.464285714285714
150815,PA,3,Atencao,0.4526295429670362,65.21739130434783,4.373333333333334
150820,PA,0,Critico,0.7406095891812412,35.638297872340424,4.290312500000001
150830,PA,0,Critico,0.7173165510645095,37.6425855513308,3.8456
150835,PA,3,Atencao,0.4259526525348653,67.02127659574468,4.373333333333334
150840,PA,0,Critico,0.6062407696091936,49.122807017543856,4.6080000000000005
160005,AP,0,Critico,0.5666089453654446,34.78260869565217,4.636666666666667
160010,AP,0,Critico,0.7815873938203699,23.636363636363637,4.311111111111112
160015,AP,3,Atencao,0.5279201303340345,48.64864864864865,4.396666666666666
160020,AP,0,Critico,0.7067696423944856,35.0,4.519
160021,AP,3,Atencao,0.5748277361056744,58.139534883720934,4.221666666666667
160023,AP,3,Atencao,0.3739225234061302,65.625,4.5025
160025,AP,3,Atencao,0.6064959831292857,58.333333333333336,4.1290000000000004
160027,AP,3,Atencao,0.6927060498480571,44.81327800829876,4.5634999999999994
160030,AP,0,Critico,0.6497704132145641,43.29073482428115,4.667882352941173
160040,AP,0,Critico,0.7065016587347388,34.899328859060404,4.363684210526316
160050,AP,0,Critico,0.8137705355002596,23.48993288590604,4.30375
160053,AP,3,Atencao,0.408136432178777,57.8125,4.399166666666667
160055,AP,0,Critico,0.7282561120047308,37.5,4.326666666666667
160060,AP,3,Atencao,0.5965778870991756,48.301329394387,4.643200000000001
160070,AP,3,Atencao,0.4992151726597587,60.747663551401864,4.21235294117647
160080,AP,0,Critico,0.7541526878935775,30.985915492957744,4.347499999999999
170030,TO,0,Critico,0.738795767660951,43.75,4.7
170040,TO,0,Critico,0.7055054966060866,32.0,4.667142857142857
170070,TO,1,Intermediario,0.4701419222479124,55.81395348837209,4.986
170100,TO,0,Critico,0.6540262798182647,46.15384615384615,4.675714285714286
170110,TO,0,Critico,0.7417289522352475,27.27272727272727,4.615
170190,TO,0,Critico,0.6636874962325829,30.0,4.696666666666667
170200,TO,0,Critico,0.6667421797185875,51.85185185185185,4.9175
170210,TO,0,Critico,0.6522071756324677,43.06049822064057,4.860468750000002
170215,TO,0,Critico,0.7081942297688749,44.44444444444444,4.422499999999999
170220,TO,0,Critico,0.6525457330854757,45.94594594594595,4.404117647058823
170230,TO,3,Atencao,0.5901523690543075,72.72727272727273,4.633333333333333
170240,TO,3,Atencao,0.5906534900524633,58.82352941176471,4.62125
170255,TO,3,Atencao,0.5366341007633932,67.5,4.645555555555555
170290,TO,0,Critico,0.7029115949400466,37.5,4.397142857142857
170300,TO,0,Critico,0.8300287959681919,13.953488372093023,4.46
170305,TO,0,Critico,0.7178030872141657,25.0,4.745
170307,TO,0,Critico,0.8545345409661336,17.857142857142858,4.54
170310,TO,1,Intermediario,0.5452493766237996,57.14285714285714,4.912000000000001
170320,TO,3,Atencao,0.5301145308829767,53.84615384615385,4.626
170370,TO,0,Critico,0.6587725907924556,48.0,4.833333333333333
170384,TO,0,Critico,0.7670315520645051,30.303030303030305,4.074
170386,TO,0,Critico,0.6648205756992641,45.45454545454545,4.95
170390,TO,0,Critico,0.7972539153718524,14.285714285714285,4.693333333333333
170510,TO,3,Atencao,0.5776128131482977,50.0,4.5649999999999995
170550,TO,1,Intermediario,0.5519508945052616,59.006211180124225,4.737058823529412
170555,TO,3,Atencao,0.504185693266619,46.15384615384615,4.6825
170560,TO,0,Critico,0.7400761683122173,32.0,4.53
170600,TO,0,Critico,0.6094899269295927,34.61538461538461,4.5680000000000005
170610,TO,1,Intermediario,0.5081280685378254,50.0,4.913333333333333
170650,TO,0,Critico,0.715188246373065,28.947368421052634,4.515000000000001
170700,TO,1,Intermediario,0.5139940761010213,48.67256637168141,4.833636363636364
170710,TO,0,Critico,0.5972649220818932,37.93103448275862,4.765000000000001
170720,TO,3,Atencao,0.5751767227194506,47.82608695652174,4.575
170730,TO,0,Critico,0.603070450443728,45.0,4.654999999999999
170740,TO,0,Critico,0.6462303249812175,55.88235294117647,4.330000000000001
170765,TO,1,Intermediario,0.5138469353497971,57.57575757575758,4.803333333333334
170770,TO,0,Critico,0.8731164866504081,13.333333333333334,4.262
170820,TO,3,Atencao,0.5593242713489791,58.2089552238806,4.694999999999999
170900,TO,0,Critico,0.7993199771017322,20.634920634920633,4.05
170930,TO,0,Critico,0.6757606332182399,45.348837209302324,4.801666666666667
170950,TO,1,Intermediario,0.5889124186616982,51.56794425087108,5.008387096774195
171050,TO,3,Atencao,0.5399059902220922,40.909090909090914,4.6
171090,TO,3,Atencao,0.6637523047598074,51.85185185185185,4.48
171190,TO,0,Critico,0.7463243056962857,30.508474576271187,4.6325
171195,TO,0,Critico,0.8417864698970473,13.793103448275861,4.415
171250,TO,0,Critico,0.7781049854359451,17.391304347826086,4.61
171320,TO,0,Critico,0.6279068647809763,41.269841269841265,4.856000000000001
171330,TO,3,Atencao,0.5095944555886773,50.0,4.7250000000000005
171360,TO,0,Critico,0.6275669473135298,43.333333333333336,4.486
171380,TO,0,Critico,0.6838418976197073,45.16129032258064,4.6066666666666665
171420,TO,0,Critico,0.7262378432468138,37.5,4.828
171430,TO,0,Critico,0.6800268640809661,45.16129032258064,4.5775
171488,TO,0,Critico,0.7436540878549406,34.523809523809526,4.451428571428572
171570,TO,0,Critico,0.8152411010257414,9.375,4.442
171575,TO,1,Intermediario,0.46173080150076107,54.054054054054056,4.8575
171610,TO,1,Intermediario,0.4594574213146456,62.704918032786885,5.008571428571428
171620,TO,3,Atencao,0.5235381928286122,65.3061224489796,4.542222222222222
171650,TO,3,Atencao,0.5346389560342858,58.333333333333336,4.819999999999999
171660,TO,0,Critico,0.621091345455232,45.0,4.807142857142857
171670,TO,1,Intermediario,0.5294132641522549,52.0,4.942
171700,TO,3,Atencao,0.6764054154884775,55.00000000000001,4.593333333333334
171750,TO,0,Critico,0.7088788186878554,43.47826086956522,4.87
171790,TO,0,Critico,0.6893479528492642,36.11111111111111,4.496666666666666
171820,TO,0,Critico,0.5825753727191071,48.92857142857142,4.799714285714287
171840,TO,3,Atencao,0.47158043652257514,45.0,4.665
171875,TO,0,Critico,0.7977234574202633,38.70967741935484,4.414999999999999
171880,TO,0,Critico,0.6479672417604178,57.57575757575758,4.44
171884,TO,1,Intermediario,0.5664747046710364,52.38095238095239,4.93
171886,TO,0,Critico,0.8045713340224318,26.08695652173913,4.51
171888,TO,0,Critico,0.7344685666295753,33.33333333333333,4.550000000000001
171890,TO,0,Critico,0.7434832443503261,32.0,4.616666666666667
172010,TO,0,Critico,0.6087134660726506,43.47826086956522,4.311999999999999
172020,TO,0,Critico,0.7495922379736614,25.0,4.465
172030,TO,0,Critico,0.6631114171557725,50.0,4.386666666666667
172049,TO,3,Atencao,0.4987124344886876,56.52173913043478,4.705
172065,TO,0,Critico,0.7138495146191934,36.0,4.8133333333333335
172080,TO,3,Atencao,0.6355592116782101,46.666666666666664,4.334
172090,TO,0,Critico,0.6760008139523185,42.168674698795186,4.5874999999999995
172100,TO,1,Intermediario,0.5251796431980608,59.01089689857501,5.06050847457627
172110,TO,0,Critico,0.6099311883786707,48.148148148148145,4.772499999999999
172120,TO,0,Critico,0.7255304163033344,40.21739130434783,4.587
172208,TO,0,Critico,0.698196201116419,38.0,4.625
172210,TO,0,Critico,0.7355395684636722,38.18181818181819,4.711666666666666
210005,MA,3,Atencao,0.5849170469251391,53.714285714285715,4.549019607843137
210010,MA,2,Consolidado,0.2011339460008461,80.0,3.864285714285714
210015,MA,3,Atencao,0.4305507343292858,83.33333333333334,4.163333333333334
210020,MA,2,Consolidado,0.352362750249682,77.35849056603774,4.126666666666667
210030,MA,3,Atencao,0.49843808489228697,61.81818181818181,4.01375
210040,MA,2,Consolidado,0.22648974683786086,75.86206896551724,4.234
210043,MA,3,Atencao,0.45246987598274374,64.55696202531645,4.224666666666666
210047,MA,3,Atencao,0.6441922472616903,43.36283185840708,4.174583333333333
210050,MA,3,Atencao,0.5779366808548521,49.056603773584904,4.385000000000001
210055,MA,0,Critico,0.7100851406111862,39.285714285714285,4.066666666666666
210060,MA,0,Critico,0.6394193649459959,40.35087719298245,4.362941176470588
210070,MA,3,Atencao,0.5054768796156396,47.61904761904761,3.9964285714285706
210080,MA,1,Intermediario,0.3208948273732083,62.264150943396224,4.095333333333333
210083,MA,0,Critico,0.7285366311371587,29.577464788732392,3.993846153846154
210087,MA,2,Consolidado,0.11073213041509168,96.55172413793103,4.1125
210090,MA,3,Atencao,0.576201428878671,47.05882352941176,4.005172413793103
210095,MA,2,Consolidado,0.3165957721754991,79.22077922077922,4.002
210100,MA,3,Atencao,0.3816498685889456,69.76744186046511,4.124799999999999
210110,MA,2,Consolidado,0.2890366909834675,75.86206896551724,4.265833333333333
210120,MA,3,Atencao,0.6028130512412321,47.901234567901234,4.293749999999998
210125,MA,3,Atencao,0.554696393709141,50.0,4.243499999999998
210130,MA,3,Atencao,0.48215967311394664,70.3125,4.0086666666666675
210140,MA,0,Critico,0.6943945264269639,40.396039603960396,4.556829268292682
210150,MA,0,Critico,0.634480122114409,46.2962962962963,4.316363636363637
210160,MA,3,Atencao,0.4339658593212316,63.608562691131496,4.399117647058825
210170,MA,3,Atencao,0.42499074977489254,67.53246753246754,3.9862000000000006
210173,MA,3,Atencao,0.42134925991425726,70.37037037037037,3.6550000000000002
210177,MA,3,Atencao,0.4046000355782672,59.756097560975604,4.351666666666667
210180,MA,0,Critico,0.5387884090861086,34.78260869565217,4.3775
210190,MA,3,Atencao,0.6567913673627223,56.25,4.04
210197,MA,3,Atencao,0.3797849759944913,67.44186046511628,4.283333333333333
210200,MA,2,Consolidado,0.2441522429218646,80.92485549132948,4.1671428571428555
210203,MA,3,Atencao,0.4534179560373322,63.38028169014085,4.253571428571428
210207,MA,2,Consolidado,0.07678126233228752,100.0,4.1854545454545455
210210,MA,3,Atencao,0.5422861171178904,57.14285714285714,4.0819230769230765
210215,MA,0,Critico,0.6786992777373463,50.0,4.1075
210220,MA,0,Critico,0.6925623697167141,32.142857142857146,3.944230769230769
210230,MA,3,Atencao,0.6306370572588854,48.484848484848484,4.072941176470589
210232,MA,3,Atencao,0.6413031873420083,42.124542124542124,4.300000000000001
210235,MA,3,Atencao,0.5149348077031966,54.794520547945204,4.421
210237,MA,3,Atencao,0.6055094593414563,55.172413793103445,3.8
210240,MA,3,Atencao,0.4431313018370376,58.620689655172406,3.9699999999999998
210250,MA,0,Critico,0.6464250543893848,31.25,4.088888888888889
210255,MA,3,Atencao,0.44635863151156113,61.53846153846154,4.482222222222223
210260,MA,3,Atencao,0.537218441419977,50.53763440860215,4.047857142857143
210270,MA,3,Atencao,0.4674312790738129,58.42696629213483,4.07
210275,MA,3,Atencao,0.4823254214544703,64.70588235294117,4.426363636363636
210280,MA,3,Atencao,0.6113863202514958,54.25531914893617,4.353157894736842
210290,MA,3,Atencao,0.5122373399162614,55.64516129032258,4.124374999999999
210300,MA,0,Critico,0.6038815791054589,50.74875207986689,4.344646464646466
210310,MA,3,Atencao,0.4284983783173741,80.64516129032258,4.1290000000000004
210312,MA,2,Consolidado,0.13620927145266773,95.83333333333334,4.157777777777777
210315,MA,2,Consolidado,0.12688112641793375,91.02564102564102,4.05875
210317,MA,0,Critico,0.6817438091566289,33.33333333333333,4.153333333333333
210320,MA,3,Atencao,0.6292659496607165,45.23809523809524,4.044102564102563
210325,MA,2,Consolidado,0.2868178003938478,79.36507936507937,4.4275
210330,MA,0,Critico,0.5951780654205531,49.89473684210527,4.104461538461536
210340,MA,3,Atencao,0.39077937870296386,63.541666666666664,3.9940000000000007
210350,MA,3,Atencao,0.5532906627413329,48.322147651006716,4.225416666666666
210355,MA,3,Atencao,0.5830474832349538,47.82608695652174,4.071538461538461
210360,MA,3,Atencao,0.605562975054803,51.028806584362144,4.017999999999998
210370,MA,3,Atencao,0.4234487669121375,68.90756302521008,3.991818181818181
210375,MA,3,Atencao,0.39997105430179264,53.52112676056338,4.53
210380,MA,0,Critico,0.6622101157112579,49.122807017543856,4.35
210390,MA,2,Consolidado,0.31639905878524466,73.13432835820896,3.8641666666666667
210400,MA,2,Consolidado,0.3636628231244537,77.77777777777779,4.144285714285713
210405,MA,3,Atencao,0.5200370505974897,53.216374269005854,4.575454545454545
210407,MA,2,Consolidado,0.30194876738290066,75.55555555555556,4.331666666666666
210408,MA,3,Atencao,0.5344848854949242,48.275862068965516,4.113333333333332
210409,MA,2,Consolidado,0.1915878822175996,88.0,4.182142857142856
210410,MA,3,Atencao,0.4600866974465147,74.57627118644068,4.266666666666667
210420,MA,3,Atencao,0.48054506297455135,59.523809523809526,4.35470588235294
210430,MA,2,Consolidado,0.18753336149763475,82.75862068965517,4.4479999999999995
210440,MA,3,Atencao,0.5466533239968698,60.0,4.340000000000001
210450,MA,2,Consolidado,0.2525412391254853,82.05128205128204,4.198571428571428
210455,MA,2,Consolidado,0.32014633343659726,76.69172932330827,4.458181818181819
210460,MA,3,Atencao,0.5681733009215959,51.85185185185185,4.47
210462,MA,2,Consolidado,0.09988913965216711,93.18181818181817,4.406666666666666
210465,MA,3,Atencao,0.34879892382008404,64.28571428571429,4.0649999999999995
210467,MA,3,Atencao,0.3786077095893193,69.0909090909091,4.233157894736842
210480,MA,0,Critico,0.6392034248704831,43.333333333333336,4.362444444444444
210490,MA,2,Consolidado,0.16744411522601219,87.5,4.264444444444443
210500,MA,3,Atencao,0.48106257548392645,61.40350877192983,3.885384615384615
210510,MA,3,Atencao,0.4076108584203962,73.33333333333333,3.8076923076923075
210515,MA,3,Atencao,0.42838099875366153,70.12987012987013,4.190909090909091
210520,MA,2,Consolidado,0.11234363446235437,92.85714285714286,4.026666666666667
210530,MA,3,Atencao,0.5930038068870319,49.37679769894535,4.684835164835165
210535,MA,2,Consolidado,0.2546499425860296,79.16666666666666,4.3100000000000005
210540,MA,3,Atencao,0.5070567783605664,59.305993690851736,4.05659090909091
210542,MA,2,Consolidado,0.35555970134711,75.22123893805309,4.5
210545,MA,3,Atencao,0.3683302180011662,61.53846153846154,4.20375
210547,MA,3,Atencao,0.5156486037268494,42.22222222222222,4.372857142857143
210550,MA,0,Critico,0.6385288319868662,49.43820224719101,4.435
210560,MA,3,Atencao,0.45906895467853476,54.09836065573771,4.010909090909091
210565,MA,2,Consolidado,0.2324867021363117,81.57894736842105,4.0685714285714285
210570,MA,2,Consolidado,0.20786042081172518,88.10810810810811,4.370500000000002
210580,MA,2,Consolidado,0.06016731691068169,100.0,4.132857142857143
210590,MA,3,Atencao,0.4147490694590406,68.62745098039215,4.21
210592,MA,2,Consolidado,0.23671485700232023,81.57894736842105,4.380000000000001
210594,MA,2,Consolidado,0.14401630964851747,85.29411764705883,4.078888888888889
210596,MA,2,Consolidado,0.13294327966860003,87.71929824561403,4.135
210598,MA,3,Atencao,0.4462854706066381,60.0,4.418
210600,MA,2,Consolidado,0.1508615020223155,91.66666666666666,4.245
210610,MA,3,Atencao,0.536912186945343,60.78431372549019,4.4275
210620,MA,2,Consolidado,0.2704810772842203,88.63636363636364,4.266
210630,MA,0,Critico,0.41876675235126504,60.317460317460316,4.076874999999999
210632,MA,0,Critico,0.5848249443277169,46.400000000000006,4.1831249999999995
210637,MA,2,Consolidado,0.17203241891549448,90.69767441860465,4.233
210640,MA,3,Atencao,0.3507230202375166,69.1358024691358,4.111538461538462
210650,MA,3,Atencao,0.5175125776467523,67.6056338028169,4.114705882352941
210660,MA,3,Atencao,0.5317777112565538,47.008547008547005,4.028148148148149
210663,MA,3,Atencao,0.47876316639696087,69.6969696969697,4.0236363636363635
210667,MA,2,Consolidado,0.05394090044341072,100.0,3.9320000000000004
210670,MA,3,Atencao,0.6303599342448343,48.23529411764706,4.102941176470589
210675,MA,3,Atencao,0.5430294612428553,46.846846846846844,4.081538461538462
210680,MA,2,Consolidado,0.2747306187448206,73.91304347826086,4.153
210690,MA,0,Critico,0.6255741761656781,41.66666666666667,4.034285714285715
210700,MA,3,Atencao,0.4436613909297455,59.57446808510638,4.325
210710,MA,2,Consolidado,0.26997298341103193,81.73076923076923,3.8275
210720,MA,3,Atencao,0.5857566151057441,74.54545454545455,3.9718181818181812
210725,MA,2,Consolidado,0.22981493969531328,76.92307692307693,4.328
210730,MA,3,Atencao,0.4354516123430787,60.0,4.203333333333334
210735,MA,3,Atencao,0.49073702889783116,58.46153846153847,4.136666666666667
210740,MA,3,Atencao,0.5388365074204693,52.307692307692314,4.318666666666667
210745,MA,3,Atencao,0.478491737527456,50.0,4.1
210750,MA,0,Critico,0.5579540569592228,52.960526315789465,4.543548387096775
210760,MA,3,Atencao,0.5162952591389424,62.5,4.167857142857143
210770,MA,2,Consolidado,0.30891569222398146,74.50980392156863,4.356363636363636
210780,MA,2,Consolidado,0.32078982418316065,71.72413793103448,4.031363636363635
210790,MA,3,Atencao,0.3899569975533967,63.541666666666664,4.041333333333334
210800,MA,3,Atencao,0.3773669925322549,65.82278481012658,4.3549999999999995
210805,MA,3,Atencao,0.40123593090184606,66.0,3.9048148148148147
210810,MA,2,Consolidado,0.2269619404419375,81.55339805825243,4.15923076923077
210820,MA,3,Atencao,0.42448256393777245,68.0327868852459,4.355625000000001
210825,MA,3,Atencao,0.48173276470457776,64.17910447761194,3.8968421052631577
210830,MA,3,Atencao,0.4952767270765868,63.2258064516129,4.118571428571428
210840,MA,3,Atencao,0.5814339940304123,50.0,4.108333333333333
210845,MA,3,Atencao,0.4492286857810327,63.41463414634146,4.15
210850,MA,0,Critico,0.6207057643574307,49.645390070921984,4.218518518518519
210860,MA,0,Critico,0.5888546923110092,45.1063829787234,4.171276595744681
210870,MA,0,Critico,0.6453538402399055,44.9438202247191,4.208947368421051
210880,MA,1,Intermediario,0.3383340667051238,59.09090909090909,4.236249999999999
210890,MA,2,Consolidado,0.22532273423332072,80.0,4.033636363636363
210900,MA,3,Atencao,0.41836515162941174,69.0,4.658125000000001
210905,MA,3,Atencao,0.49422212021757145,51.724137931034484,4.1812499999999995
210910,MA,3,Atencao,0.596033973021128,53.03867403314917,4.377894736842105
210920,MA,3,Atencao,0.598862142052189,48.484848484848484,3.887777777777777
210923,MA,2,Consolidado,0.3181943072042693,69.23076923076923,4.291666666666667
210927,MA,0,Critico,0.5500025968390868,51.42857142857142,4.0475
210930,MA,3,Atencao,0.6334878579723604,48.97959183673469,3.7553846153846155
210940,MA,3,Atencao,0.3754081180968139,68.75,3.88875
210945,MA,3,Atencao,0.5212904082703544,55.932203389830505,4.3735294117647046
210955,MA,3,Atencao,0.5616108546618368,65.625,4.473333333333333
210960,MA,3,Atencao,0.5180526242982935,56.96969696969697,4.099722222222223
210970,MA,2,Consolidado,0.2411573384400623,84.61538461538461,4.2475
210975,MA,0,Critico,0.7090877181194758,40.909090909090914,4.206666666666666
210980,MA,3,Atencao,0.43235147074034574,65.59139784946237,4.262941176470588
210990,MA,3,Atencao,0.5648001655964706,48.632218844984806,4.454102564102564
211000,MA,3,Atencao,0.5301214875250263,58.108108108108105,4.2475
211003,MA,2,Consolidado,0.15259720449233385,93.22033898305084,4.335714285714285
211010,MA,2,Consolidado,0.18754060762215002,76.25,4.0676
211020,MA,3,Atencao,0.5107228346028634,53.94736842105263,4.195517241379311
211023,MA,3,Atencao,0.35822199485464656,61.904761904761905,3.996666666666667
211027,MA,0,Critico,0.7267071213536858,45.09803921568628,3.8487500000000003
211030,MA,3,Atencao,0.4355508303541943,67.3469387755102,4.278461538461538
211040,MA,0,Critico,0.6732731246297079,37.704918032786885,3.867333333333333
211050,MA,2,Consolidado,0.1937280516396498,82.0754716981132,4.119999999999998
211060,MA,3,Atencao,0.36759589658904396,66.42857142857143,4.067083333333333
211065,MA,0,Critico,0.768939338784842,41.46341463414634,4.297499999999999
211070,MA,3,Atencao,0.6094395251566388,48.837209302325576,4.3608
211085,MA,3,Atencao,0.5525738745136451,57.692307692307686,4.503333333333333
211090,MA,3,Atencao,0.4408417399798114,59.61538461538461,3.9800000000000004
211100,MA,0,Critico,0.6413260067254014,51.61290322580645,4.094166666666666
211102,MA,3,Atencao,0.40458454203069577,72.85714285714285,3.92
211105,MA,0,Critico,0.6983430888959171,47.5,4.381428571428571
211107,MA,0,Critico,0.6603082004446521,40.0,4.1461538461538465
211110,MA,3,Atencao,0.5428286016329429,54.13533834586466,4.421666666666666
211120,MA,1,Intermediario,0.49963486024216786,59.496855345911946,4.495263157894738
211125,MA,0,Critico,0.6728595013702939,25.0,4.377142857142857
211130,MA,3,Atencao,0.5595349020986615,52.54303599374022,4.58125
211140,MA,3,Atencao,0.3427410292792711,71.66666666666667,4.244
211150,MA,3,Atencao,0.4303527762887709,68.57142857142857,4.235833333333334
211153,MA,0,Critico,0.6492754741874007,44.44444444444444,4.332857142857143
211157,MA,3,Atencao,0.6040051756765686,53.84615384615385,4.535
211160,MA,2,Consolidado,0.2948287736576621,79.43925233644859,4.366666666666666
211163,MA,3,Atencao,0.5226184727317038,50.0,4.2299999999999995
211167,MA,0,Critico,0.642177836070303,30.0,4.29
211170,MA,3,Atencao,0.37678900904338125,72.09302325581395,4.173125000000001
211172,MA,2,Consolidado,0.2243723352779936,86.36363636363636,3.901666666666667
211174,MA,2,Consolidado,0.08621229042405469,94.64285714285714,4.2811111111111115
211176,MA,3,Atencao,0.6065568388567114,52.83018867924528,4.4781818181818185
211178,MA,3,Atencao,0.44085508162246845,60.46511627906976,3.767
211180,MA,3,Atencao,0.6029554261151081,53.84615384615385,4.276428571428571
211190,MA,3,Atencao,0.5490013518255027,51.11111111111111,4.125555555555556
211200,MA,3,Atencao,0.5852318401641551,64.70588235294117,4.458
211210,MA,0,Critico,0.6459970984022158,50.0,4.069411764705882
211220,MA,2,Consolidado,0.36435781126336897,72.12643678160919,4.460714285714287
211223,MA,2,Consolidado,0.35278511583482763,70.70707070707071,4.385
211227,MA,0,Critico,0.7340246443895678,37.142857142857146,4.048571428571428
211230,MA,3,Atencao,0.5525395843604018,54.961832061068705,4.281851851851852
211240,MA,3,Atencao,0.5282431606778596,57.831325301204814,4.025217391304347
211245,MA,3,Atencao,0.5631180798375476,49.46236559139785,4.152857142857142
211250,MA,3,Atencao,0.616942972049185,45.58139534883721,4.105121951219511
211260,MA,3,Atencao,0.4941343084639373,57.377049180327866,3.903
211270,MA,2,Consolidado,0.055374596050300116,97.77777777777777,3.894074074074074
211280,MA,3,Atencao,0.5320097275914494,51.741293532338304,4.287857142857142
211285,MA,2,Consolidado,0.2439837151384937,83.33333333333334,4.371666666666666
211290,MA,3,Atencao,0.5301148627166096,52.68817204301075,4.260000000000001
211300,MA,3,Atencao,0.47162307103654655,59.42028985507246,4.312173913043479
211400,MA,2,Consolidado,0.27430935136380724,79.26829268292683,4.260000000000001
220005,PI,2,Consolidado,0.20984881591823587,63.63636363636363,4.2700000000000005
220010,PI,3,Atencao,0.6376681096673166,45.16129032258064,4.373333333333333
220020,PI,2,Consolidado,0.11119058686202495,89.55223880597015,4.415555555555555
220025,PI,3,Atencao,0.4514607054661957,54.166666666666664,4.204999999999999
220030,PI,2,Consolidado,0.16756350844062207,90.625,4.185
220040,PI,3,Atencao,0.4600077645665285,62.66094420600859,4.265652173913043
220045,PI,3,Atencao,0.5098514994162924,61.29032258064516,4.4175
220050,PI,0,Critico,0.7798238134990558,32.5,4.173846153846154
220060,PI,2,Consolidado,0.23901966775460884,81.25,4.292
220070,PI,3,Atencao,0.5646398206714223,54.166666666666664,4.231428571428571
220100,PI,2,Consolidado,0.0850570442573011,90.0,4.13
220105,PI,2,Consolidado,0.27854700049402764,63.63636363636363,4.341666666666667
220110,PI,3,Atencao,0.6469289735831948,46.15384615384615,4.225
220115,PI,3,Atencao,0.43809479253567835,63.41463414634146,4.541111111111111
220120,PI,3,Atencao,0.5019406139743928,57.758620689655174,3.9185000000000003
220140,PI,0,Critico,0.6738728280705879,30.434782608695656,4.3100000000000005
220150,PI,3,Atencao,0.6323406667538864,43.47826086956522,4.089444444444444
220160,PI,2,Consolidado,0.35411329455213464,77.08333333333334,4.1290000000000004
220173,PI,3,Atencao,0.40999942420501506,53.48837209302325,4.045
220190,PI,2,Consolidado,0.0337057281892999,98.95833333333334,4.503333333333333
220192,PI,3,Atencao,0.623552549544835,41.02564102564102,4.0075
220194,PI,2,Consolidado,0.14201194375456389,90.32258064516128,4.087142857142857
220196,PI,0,Critico,0.6975256904233289,36.0,4.255999999999999
220200,PI,3,Atencao,0.5514672697138319,47.61904761904761,4.130666666666666
220202,PI,2,Consolidado,0.11338124019240246,90.0,4.0249999999999995
220205,PI,0,Critico,0.7181129227502094,23.404255319148938,4.125
220208,PI,3,Atencao,0.5273640234012117,53.73134328358209,4.174
220213,PI,2,Consolidado,0.1214334945274161,90.0,4.282
220217,PI,3,Atencao,0.6367252579430263,48.148148148148145,4.058333333333334
220220,PI,3,Atencao,0.5473046725193568,63.905325443786985,4.2659259259259255
220230,PI,0,Critico,0.7886915080550307,28.57142857142857,4.126666666666668
220240,PI,3,Atencao,0.5397475667344747,60.97560975609756,4.010000000000001
220250,PI,3,Atencao,0.5413266191897927,50.0,3.9924999999999997
220253,PI,3,Atencao,0.534231929649937,64.51612903225806,3.968
220255,PI,3,Atencao,0.48611318859527025,65.71428571428571,4.194
220260,PI,2,Consolidado,0.27146388334763816,76.47058823529412,4.2907692307692304
220265,PI,0,Critico,0.7483983992807421,25.0,3.9566666666666666
220270,PI,2,Consolidado,0.27290438199152667,80.16528925619835,4.048636363636364
220271,PI,3,Atencao,0.44761782315384957,66.66666666666666,4.1825
220272,PI,2,Consolidado,0.18970720642225705,91.66666666666666,3.9266666666666667
220273,PI,2,Consolidado,0.19266675073048706,74.07407407407408,4.062
220275,PI,2,Consolidado,0.3833578669322754,76.0,4.5528571428571425
220277,PI,3,Atencao,0.5292061873848268,52.0,4.286
220280,PI,3,Atencao,0.4625436534791064,65.21739130434783,4.152500000000001
220290,PI,3,Atencao,0.6543520430610724,49.122807017543856,4.275
220300,PI,2,Consolidado,0.27231764464075,73.68421052631578,4.2375
220320,PI,2,Consolidado,0.3091132875756564,71.42857142857143,4.175000000000001
220323,PI,2,Consolidado,0.09847646724289784,95.65217391304348,4.555
220327,PI,0,Critico,0.752802820284317,29.166666666666668,3.9633333333333334
220330,PI,3,Atencao,0.34211404414017166,66.0,4.295
220335,PI,0,Critico,0.7848572979923532,23.076923076923077,4.021428571428571
220340,PI,2,Consolidado,0.29734533209565284,73.07692307692307,4.3950000000000005
220342,PI,2,Consolidado,0.17138671005267997,85.71428571428571,4.01
220350,PI,3,Atencao,0.5684692801618327,58.06451612903226,4.235714285714286
220370,PI,3,Atencao,0.4200414601903595,66.30434782608695,4.142608695652174
220380,PI,3,Atencao,0.6311195047449333,50.0,4.308
220390,PI,3,Atencao,0.5773285842758009,53.398058252427184,4.425312499999999
220400,PI,2,Consolidado,0.2520743629352521,66.66666666666666,4.2
220410,PI,3,Atencao,0.6596285639345321,33.33333333333333,4.266666666666667
220420,PI,0,Critico,0.6333737431110097,56.52173913043478,4.2700000000000005
220430,PI,2,Consolidado,0.05450387862377825,100.0,4.07
220435,PI,0,Critico,0.7341149801213341,33.33333333333333,4.1866666666666665
220440,PI,0,Critico,0.7313764193197104,37.93103448275862,4.3100000000000005
220450,PI,3,Atencao,0.48895168555382895,69.44444444444444,4.57
220460,PI,2,Consolidado,0.22355539220317724,88.0,4.353333333333333
220465,PI,0,Critico,0.7128976821528449,42.10526315789473,4.10625
220470,PI,3,Atencao,0.48147459037564166,55.55555555555556,4.322
220480,PI,2,Consolidado,0.12678728657383465,85.0,4.319999999999999
220490,PI,0,Critico,0.7550991922993205,30.434782608695656,4.072857142857143
220500,PI,2,Consolidado,0.3302640134104105,69.6969696969697,4.20875
220510,PI,3,Atencao,0.4256961881844858,76.66666666666667,4.123333333333334
220520,PI,3,Atencao,0.41231163802205073,72.41379310344827,4.060999999999999
220540,PI,3,Atencao,0.35652401327482597,66.19718309859155,3.8890000000000002
220545,PI,0,Critico,0.6714057027756747,38.095238095238095,4.05
220550,PI,3,Atencao,0.614406999833561,41.91616766467065,4.10409090909091
220553,PI,2,Consolidado,0.043202238942848546,100.0,4.045
220554,PI,2,Consolidado,0.1633023642103572,76.19047619047619,4.346666666666667
220555,PI,3,Atencao,0.6846209101201491,36.734693877551024,4.0975
220556,PI,3,Atencao,0.5157726024267413,46.666666666666664,4.470000000000001
220557,PI,3,Atencao,0.46250425855553506,53.125,4.109999999999999
220560,PI,2,Consolidado,0.05203585070571082,96.15384615384616,4.5525
220570,PI,3,Atencao,0.4988538892997773,65.06849315068493,4.102083333333334
220580,PI,3,Atencao,0.5439404082899547,55.072463768115945,4.141764705882352
220585,PI,3,Atencao,0.49864548329246394,48.837209302325576,4.119999999999999
220590,PI,2,Consolidado,0.16411740040498468,91.66666666666666,4.606
220595,PI,2,Consolidado,0.09569607848810985,98.76543209876543,4.266
220600,PI,3,Atencao,0.5205256830347958,48.148148148148145,4.535
220610,PI,3,Atencao,0.6921659438331008,36.36363636363637,4.21
220620,PI,3,Atencao,0.5824280455984755,48.59154929577465,4.017826086956521
220640,PI,3,Atencao,0.546788338974988,53.57142857142857,4.380000000000001
220650,PI,2,Consolidado,0.04615348440760162,100.0,4.325714285714286
220660,PI,3,Atencao,0.4602114360483594,66.66666666666666,4.195
220667,PI,0,Critico,0.7313491611102653,34.61538461538461,3.9949999999999997
220669,PI,3,Atencao,0.4211876531608152,64.70588235294117,4.008
220670,PI,3,Atencao,0.6506799690857165,41.935483870967744,4.206666666666667
220672,PI,3,Atencao,0.40907206527298656,60.0,4.346666666666667
220680,PI,3,Atencao,0.5242847948256742,59.01639344262295,3.753
220700,PI,3,Atencao,0.38491282718648673,79.1044776119403,4.119130434782609
220730,PI,3,Atencao,0.588215931296106,45.45454545454545,4.283333333333333
220750,PI,3,Atencao,0.5976567619336925,60.0,4.0625
220760,PI,3,Atencao,0.52572250662002,56.81818181818182,4.285714285714285
220770,PI,0,Critico,0.7348515508034124,36.00654664484452,4.357142857142857
220780,PI,3,Atencao,0.5995832330074273,55.769230769230774,4.135625
220790,PI,0,Critico,0.7377432220949052,35.294117647058826,4.146956521739129
220795,PI,3,Atencao,0.6063070582724669,50.0,4.125
220800,PI,3,Atencao,0.5461951920470931,51.86915887850467,4.465333333333333
220810,PI,3,Atencao,0.452692925272187,71.42857142857143,4.253749999999999
220820,PI,3,Atencao,0.6377321585234292,44.15584415584416,4.155555555555555
220830,PI,2,Consolidado,0.26222649438263634,78.2312925170068,4.105833333333334
220840,PI,3,Atencao,0.6500880439153383,42.15686274509804,4.293809523809522
220850,PI,0,Critico,0.6870606615988109,27.659574468085108,3.9724999999999997
220855,PI,3,Atencao,0.4004534862643999,65.0,4.43
220860,PI,0,Critico,0.728594225474456,14.285714285714285,4.17
220865,PI,3,Atencao,0.4474853906787075,53.84615384615385,4.082000000000001
220870,PI,2,Consolidado,0.13343404447544369,96.55172413793103,4.226666666666667
220880,PI,0,Critico,0.6972329283220253,28.37837837837838,4.163076923076923
220885,PI,2,Consolidado,0.05862511928337608,86.95652173913044,4.043333333333333
220890,PI,2,Consolidado,0.17416959969189927,84.84848484848484,4.586666666666667
220900,PI,3,Atencao,0.6139622132861973,55.55555555555556,4.28
220910,PI,2,Consolidado,0.049498147939816925,95.0,4.201666666666666
220915,PI,3,Atencao,0.47824573837414763,71.42857142857143,4.244999999999999
220920,PI,3,Atencao,0.6259104103622964,36.0,4.405
220955,PI,2,Consolidado,0.2792735431830856,72.72727272727273,4.2775
220970,PI,3,Atencao,0.47216023496298537,70.0,4.104
220980,PI,2,Consolidado,0.24425528878677708,88.46153846153845,4.49
220987,PI,0,Critico,0.7329102415012335,33.33333333333333,4.18
220990,PI,3,Atencao,0.41489102600170236,46.15384615384615,4.038333333333334
220997,PI,3,Atencao,0.5043861285549198,50.0,4.008
221000,PI,3,Atencao,0.5546040297217733,55.08474576271186,4.086666666666667
221005,PI,2,Consolidado,0.07598022922286579,96.15384615384616,4.22
221020,PI,2,Consolidado,0.10237289066566348,95.23809523809523,4.388000000000001
221030,PI,2,Consolidado,0.13787395572901373,88.0,4.276
221040,PI,3,Atencao,0.6970092867892785,49.056603773584904,4.123636363636363
221050,PI,3,Atencao,0.5042754076421351,57.14285714285714,4.159999999999999
221060,PI,2,Consolidado,0.3638823790317973,72.5609756097561,4.34
221062,PI,3,Atencao,0.6597165410451551,39.285714285714285,4.1425
221063,PI,2,Consolidado,0.20431143933730386,85.18518518518519,4.586
221065,PI,3,Atencao,0.48924301508096624,54.54545454545454,4.222857142857142
221070,PI,2,Consolidado,0.2902469512419134,67.1875,4.307
221080,PI,2,Consolidado,0.22782845779567185,76.19047619047619,4.173333333333334
221093,PI,3,Atencao,0.6889966547732682,40.74074074074074,4.425
221100,PI,3,Atencao,0.5573132242987701,53.02405498281787,4.532272727272728
221110,PI,0,Critico,0.7576453307226819,27.89473684210526,4.104827586206897
221120,PI,0,Critico,0.7574573270599652,30.89430894308943,4.439090909090909
221130,PI,3,Atencao,0.612343398707617,58.18181818181818,4.455454545454547
221135,PI,0,Critico,0.7721008252610297,33.33333333333333,3.928
221140,PI,2,Consolidado,0.19041284007786416,77.27272727272727,4.503333333333333
230010,CE,2,Consolidado,0.15142135322262917,95.65217391304348,4.3149999999999995
230015,CE,2,Consolidado,0.2609054384185954,75.0,4.365555555555556
230020,CE,2,Consolidado,0.05902860494669558,98.61111111111111,4.216388888888889
230030,CE,3,Atencao,0.45049503624457066,66.47727272727273,4.312692307692308
230040,CE,2,Consolidado,0.31237799366105123,69.6969696969697,4.181111111111111
230050,CE,2,Consolidado,0.03131823697652459,97.67441860465115,4.312999999999999
230060,CE,2,Consolidado,0.08849850297383842,97.36842105263158,4.223333333333334
230070,CE,2,Consolidado,0.05792115975859455,95.8904109589041,4.46111111111111
230075,CE,2,Consolidado,0.21656064926824165,82.3076923076923,4.048157894736843
230080,CE,2,Consolidado,0.059863007598505734,100.0,4.1325
230090,CE,2,Consolidado,0.2614050589445716,75.0,4.204999999999999
230100,CE,2,Consolidado,0.18740613789621052,83.63636363636363,4.559333333333332
230110,CE,2,Consolidado,0.13763165763456922,91.21813031161473,4.479375
230120,CE,2,Consolidado,0.161985055731474,93.84615384615384,4.275333333333334
230125,CE,2,Consolidado,0.028341059803874743,100.0,4.1925
230130,CE,2,Consolidado,0.31210022604679777,75.70093457943925,4.202
230140,CE,2,Consolidado,0.23620601203291058,82.25806451612904,4.418888888888889
230150,CE,2,Consolidado,0.3273786885624428,85.0,4.3
230160,CE,2,Consolidado,0.07794548163933313,92.04545454545455,4.055
230170,CE,2,Consolidado,0.33302845772946177,73.03370786516854,4.217
230185,CE,2,Consolidado,0.2634409560085733,83.33333333333334,4.298461538461539
230190,CE,2,Consolidado,0.18107996859154443,85.57046979865773,4.429285714285713
230195,CE,2,Consolidado,0.14118810817562233,90.08264462809917,4.457272727272728
230200,CE,3,Atencao,0.41591067363604317,72.0,4.386428571428571
230205,CE,2,Consolidado,0.05873851159123537,97.02970297029702,4.032500000000001
230210,CE,2,Consolidado,0.2528524247677931,82.96296296296296,4.242727272727272
230220,CE,2,Consolidado,0.2694765367706537,81.06995884773663,4.405161290322582
230230,CE,2,Consolidado,0.049504668675359347,97.77777777777777,4.094782608695652
230240,CE,2,Consolidado,0.178920828232199,83.4319526627219,4.3212
230250,CE,2,Consolidado,0.08804338052509732,92.54385964912281,4.340416666666667
230260,CE,2,Consolidado,0.07417968528820179,93.5064935064935,4.161000000000001
230270,CE,2,Consolidado,0.2043455200816764,83.52941176470588,4.24764705882353
230280,CE,2,Consolidado,0.0640980726162557,95.98930481283422,4.225714285714286
230290,CE,2,Consolidado,0.246119930058613,85.5072463768116,4.15125
230300,CE,2,Consolidado,0.035320929243610244,98.11320754716981,4.254166666666666
230310,CE,2,Consolidado,0.02671723195394368,98.76543209876543,3.7272727272727275
230320,CE,2,Consolidado,0.17465528858375687,87.5,4.388333333333333
230330,CE,2,Consolidado,0.058161165566306926,98.4126984126984,4.258571428571429
230340,CE,2,Consolidado,0.18844964566592032,84.04255319148936,4.276
230350,CE,2,Consolidado,0.19935566695462303,85.4066985645933,4.426571428571428
230360,CE,2,Consolidado,0.2670627078263435,83.33333333333334,4.359999999999999
230365,CE,2,Consolidado,0.036632169676351016,100.0,4.1850000000000005
230370,CE,3,Atencao,0.40936101111051243,64.90663232453316,4.484358974358976
230380,CE,2,Consolidado,0.04006783938363249,100.0,4.233846153846153
230390,CE,2,Consolidado,0.22103668291071574,84.48275862068965,4.128888888888889
230393,CE,2,Consolidado,0.05015653645267346,96.82539682539682,4.1657142857142855
230395,CE,2,Consolidado,0.042657375158626276,98.29059829059828,4.463846153846154
230400,CE,2,Consolidado,0.018737347783051944,100.0,3.850909090909091
230410,CE,2,Consolidado,0.05224223809151505,97.44408945686901,4.230263157894736
230420,CE,2,Consolidado,0.07267404881861032,94.08033826638477,4.380869565217393
230423,CE,2,Consolidado,0.024660115468764288,100.0,4.255714285714286
230425,CE,2,Consolidado,0.03341539763651735,99.50738916256158,4.422083333333333
230426,CE,2,Consolidado,0.032864341580452545,100.0,4.244
230427,CE,2,Consolidado,0.047149740554695646,93.33333333333333,4.286666666666666
230428,CE,2,Consolidado,0.09329582714638486,94.04466501240695,4.777307692307692
230430,CE,2,Consolidado,0.0436381818054246,98.55072463768117,4.22
230435,CE,2,Consolidado,0.020814864358613162,100.0,4.186
230440,CE,2,Consolidado,0.32773559370059074,74.55295735900962,4.5598398169336365
230445,CE,2,Consolidado,0.06629785946589853,93.97590361445783,4.51
230450,CE,2,Consolidado,0.03134718451910751,99.04761904761905,4.231428571428571
230460,CE,2,Consolidado,0.04621844744348077,93.54838709677419,4.12
230465,CE,2,Consolidado,0.02638548247208515,100.0,4.1370000000000005
230470,CE,2,Consolidado,0.049417036243702396,96.46643109540636,3.802432432432432
230480,CE,2,Consolidado,0.071860224929368,81.81818181818183,4.3225
230490,CE,2,Consolidado,0.050011980633675145,86.27450980392157,4.232
230495,CE,2,Consolidado,0.3093306463269924,79.8076923076923,4.3707692307692305
230500,CE,2,Consolidado,0.04875416999291725,99.22779922779922,4.062272727272726
230510,CE,2,Consolidado,0.21211318450819044,78.57142857142857,4.37
230520,CE,2,Consolidado,0.03949828571923732,94.20289855072464,4.026
230523,CE,2,Consolidado,0.08114640941639861,95.76059850374065,4.619285714285715
230526,CE,3,Atencao,0.39776105623277225,51.724137931034484,4.1466666666666665
230530,CE,2,Consolidado,0.05419235386288637,98.48484848484848,4.324375
230533,CE,2,Consolidado,0.06020986889903162,96.42857142857143,4.363
230535,CE,2,Consolidado,0.252898020749445,80.0,4.5962499999999995
230540,CE,2,Consolidado,0.26803093832515684,79.29515418502203,4.209999999999999
230550,CE,3,Atencao,0.48480042759079733,60.13513513513513,4.486363636363635
230560,CE,2,Consolidado,0.02759706861203136,98.4126984126984,4.24
230565,CE,2,Consolidado,0.033546173057687624,98.36065573770492,4.112500000000001
230570,CE,2,Consolidado,0.1601389725681591,80.48780487804879,4.186
230580,CE,2,Consolidado,0.1185719719756681,92.3469387755102,4.03695652173913
230590,CE,2,Consolidado,0.026036886674244378,98.85714285714286,4.183333333333334
230600,CE,2,Consolidado,0.1464730146479252,96.42857142857143,4.345714285714286
230610,CE,2,Consolidado,0.047037387132831295,96.18320610687023,4.0138461538461545
230620,CE,2,Consolidado,0.07683113562505102,93.54838709677419,4.48
230625,CE,2,Consolidado,0.19130011667239907,83.33333333333334,4.645714285714287
230630,CE,2,Consolidado,0.13666969318671443,88.71794871794872,4.138333333333334
230640,CE,2,Consolidado,0.18770962600101923,88.74172185430463,4.176712328767122
230650,CE,2,Consolidado,0.08024679881037303,96.34146341463415,4.071666666666667
230655,CE,2,Consolidado,0.10325610060754746,90.81081081081082,4.206666666666665
230660,CE,2,Consolidado,0.026026100958011437,100.0,4.243333333333335
230670,CE,2,Consolidado,0.08133721630205533,95.65217391304348,4.4159999999999995
230680,CE,2,Consolidado,0.11888150311721489,97.61904761904762,4.384285714285714
230690,CE,2,Consolidado,0.16625930223534727,90.9090909090909,4.365882352941177
230700,CE,2,Consolidado,0.18370786407499612,86.80555555555556,4.27235294117647
230710,CE,2,Consolidado,0.3165110562760064,69.87179487179486,4.345882352941176
230720,CE,2,Consolidado,0.31622037245580364,76.74418604651163,4.294
230725,CE,2,Consolidado,0.03288075959342931,97.6608187134503,4.603000000000001
230730,CE,3,Atencao,0.48475781553549846,62.13786213786214,4.539166666666666
230740,CE,2,Consolidado,0.15143086399201044,89.07563025210085,4.197142857142857
230750,CE,2,Consolidado,0.3197582819675489,71.27659574468085,4.198181818181818
230760,CE,2,Consolidado,0.1632329853381339,89.0909090909091,4.613
230763,CE,2,Consolidado,0.04994412191726544,94.44444444444444,4.206363636363636
230765,CE,2,Consolidado,0.21552107344738394,83.81180223285486,4.645555555555554
230770,CE,2,Consolidado,0.2600057439573584,80.43052837573386,4.471860465116279
230780,CE,2,Consolidado,0.06159736832863255,97.51243781094527,4.122499999999999
230790,CE,2,Consolidado,0.023122582757119394,100.0,3.9566666666666666
230800,CE,2,Consolidado,0.04731622938180372,97.71428571428571,4.033333333333333
230810,CE,2,Consolidado,0.19663590203158396,81.55339805825243,4.134999999999999
230820,CE,2,Consolidado,0.03285931120261256,98.80952380952381,4.310833333333334
230830,CE,2,Consolidado,0.3087561002433397,83.92857142857143,4.302
230835,CE,2,Consolidado,0.03939856702802711,98.11320754716981,4.19
230837,CE,2,Consolidado,0.19075199084093722,88.46153846153845,4.182222222222222
230840,CE,2,Consolidado,0.28087854738961276,83.43949044585987,4.376842105263158
230850,CE,2,Consolidado,0.07654215063135787,92.94871794871796,4.090357142857143
230860,CE,2,Consolidado,0.05576759071456518,97.89473684210527,4.16076923076923
230870,CE,2,Consolidado,0.3280990271400193,73.22175732217573,4.389473684210528
230880,CE,2,Consolidado,0.07135726170828821,95.83333333333334,3.77
230890,CE,2,Consolidado,0.03152577008173684,99.04761904761905,4.116923076923077
230900,CE,2,Consolidado,0.030979797409134386,98.4126984126984,4.117999999999999
230910,CE,2,Consolidado,0.16888961664806368,86.36363636363636,4.3966666666666665
230920,CE,2,Consolidado,0.020436738317769043,100.0,4.2371428571428575
230930,CE,2,Consolidado,0.03078806900818648,98.30508474576271,4.168
230940,CE,2,Consolidado,0.03038403935104274,100.0,4.167777777777777
230945,CE,2,Consolidado,0.16695661123180427,83.76068376068376,4.422000000000001
230950,CE,2,Consolidado,0.1255484515236367,94.33962264150944,4.342
230960,CE,2,Consolidado,0.1819413047372297,86.45161290322581,4.612222222222223
230970,CE,2,Consolidado,0.3150340970154767,76.45348837209302,4.589199999999999
230980,CE,2,Consolidado,0.13185149930253362,91.07142857142857,4.272500000000001
230990,CE,2,Consolidado,0.023996426670983728,100.0,4.184
231000,CE,2,Consolidado,0.3407361626695976,78.72340425531915,4.458333333333333
231010,CE,2,Consolidado,0.058378464919588965,91.11111111111111,4.079999999999999
231020,CE,2,Consolidado,0.06974878198822919,96.15384615384616,4.386818181818183
231025,CE,2,Consolidado,0.061369945754235294,95.58011049723757,4.366250000000001
231030,CE,2,Consolidado,0.1974656630713295,87.85046728971963,4.3657142857142865
231040,CE,2,Consolidado,0.06400419470058162,92.3076923076923,4.114285714285714
231050,CE,2,Consolidado,0.021705511055064623,100.0,4.0892
231060,CE,2,Consolidado,0.3632461718716285,82.22222222222221,4.3740000000000006
231070,CE,2,Consolidado,0.08960081788313881,88.74172185430463,4.065263157894737
231080,CE,2,Consolidado,0.07520241015979305,95.6989247311828,4.509
231085,CE,2,Consolidado,0.15033592645552393,93.27731092436974,4.400769230769231
231090,CE,2,Consolidado,0.021653016873999575,100.0,4.14888888888889
231095,CE,2,Consolidado,0.031126956248697074,96.875,4.125
231100,CE,2,Consolidado,0.15842498712212771,92.98245614035088,4.198571428571429
231110,CE,2,Consolidado,0.0944654966718726,93.39622641509435,4.4025
231120,CE,2,Consolidado,0.12004122063744847,83.33333333333334,3.9240000000000004
231123,CE,2,Consolidado,0.02842963979774366,96.96969696969697,4.38
231126,CE,2,Consolidado,0.05905178887693506,97.61904761904762,4.2700000000000005
231130,CE,2,Consolidado,0.13099359290247348,90.93655589123867,4.294848484848484
231135,CE,2,Consolidado,0.21033320456799914,77.77777777777779,4.264
231140,CE,2,Consolidado,0.0316826374249494,98.40848806366049,4.34048780487805
231150,CE,2,Consolidado,0.1603693683464918,90.21739130434783,4.5325
231160,CE,2,Consolidado,0.15109915072633773,86.42857142857143,4.305
231170,CE,2,Consolidado,0.03036424226132894,98.79518072289156,4.107692307692308
231180,CE,2,Consolidado,0.08747541272374357,92.3512747875354,4.400312499999999
231190,CE,2,Consolidado,0.2808302780553082,76.78571428571429,4.277
231195,CE,2,Consolidado,0.03506983034830914,97.3913043478261,4.2761538461538455
231200,CE,2,Consolidado,0.03162977456210144,98.63945578231292,3.9500000000000006
231210,CE,2,Consolidado,0.10828097842292533,94.04761904761905,4.039090909090909
231220,CE,2,Consolidado,0.054359053573814514,98.48484848484848,4.216086956521737
231230,CE,2,Consolidado,0.06529695765370877,95.71984435797665,4.163333333333334
231240,CE,2,Consolidado,0.20659367787234348,85.33007334963325,4.564347826086957
231250,CE,2,Consolidado,0.12186146252330736,100.0,4.523333333333333
231260,CE,2,Consolidado,0.30177359689062566,75.47169811320755,4.083333333333334
231270,CE,2,Consolidado,0.03012701877872928,100.0,4.180714285714285
231280,CE,2,Consolidado,0.025947807612944195,97.5,4.082
231290,CE,2,Consolidado,0.029066754207645592,99.15433403805497,4.354366197183098
231300,CE,2,Consolidado,0.03007601291242532,97.77777777777777,4.324285714285714
231310,CE,2,Consolidado,0.18582219625652205,88.98305084745762,4.537857142857142
231320,CE,2,Consolidado,0.03142973191123859,98.11320754716981,4.119999999999999
231325,CE,2,Consolidado,0.09263055496592887,97.5,4.308
231330,CE,2,Consolidado,0.14487330380422422,89.69957081545064,4.438529411764706
231335,CE,2,Consolidado,0.20484354312556538,78.57142857142857,4.182727272727273
231340,CE,2,Consolidado,0.19003469235913728,88.37719298245614,4.355405405405405
231350,CE,2,Consolidado,0.12703325438063154,94.77124183006535,4.2958823529411765
231355,CE,2,Consolidado,0.07569540942500129,88.88888888888889,4.122857142857143
231360,CE,2,Consolidado,0.05991508140292531,96.66666666666667,4.3068181818181825
231370,CE,2,Consolidado,0.16982116561771066,91.66666666666666,4.348
231375,CE,2,Consolidado,0.31874030578112855,80.68181818181817,4.12909090909091
231380,CE,2,Consolidado,0.2207568833487605,72.97297297297297,4.130624999999999
231390,CE,2,Consolidado,0.038704554507829975,95.23809523809523,4.133333333333333
231395,CE,2,Consolidado,0.03528335392165221,97.59036144578313,4.252222222222222
231400,CE,2,Consolidado,0.09377166017461017,92.85714285714286,4.276249999999999
231410,CE,2,Consolidado,0.14587952192168852,91.71779141104295,4.0566666666666675
240010,RN,0,Critico,0.6816059243859524,41.66666666666667,4.579999999999999
240020,RN,0,Critico,0.6727207293125166,34.24657534246575,4.538749999999999
240050,RN,0,Critico,0.6615570560167422,33.33333333333333,4.48625
240070,RN,3,Atencao,0.5820149295537099,55.769230769230774,4.7725
240080,RN,0,Critico,0.6515856527159355,43.18181818181818,4.572
240100,RN,0,Critico,0.683703748683405,41.42857142857143,4.535000000000002
240110,RN,0,Critico,0.6350264222503401,47.368421052631575,4.66357142857143
240120,RN,0,Critico,0.7756418900716003,26.666666666666668,4.42
240130,RN,0,Critico,0.6963512543518086,33.33333333333333,4.378
240145,RN,0,Critico,0.6876574192029524,32.30769230769231,4.5075
240160,RN,0,Critico,0.8208366936124257,25.0,4.416666666666667
240185,RN,0,Critico,0.7715199217556615,45.714285714285715,4.43
240200,RN,0,Critico,0.6508776370387253,46.15384615384615,4.566923076923077
240210,RN,0,Critico,0.7458021204208755,23.809523809523807,4.462857142857143
240220,RN,0,Critico,0.7281237363540906,30.89430894308943,4.435454545454544
240230,RN,0,Critico,0.742957414677966,32.075471698113205,4.416666666666667
240240,RN,0,Critico,0.547536478748673,46.15384615384615,4.81
240250,RN,0,Critico,0.6579149801945917,44.73684210526316,4.564
240270,RN,3,Atencao,0.5822325276435523,46.875,4.633333333333333
240280,RN,0,Critico,0.6853829611201058,37.5,4.42
240300,RN,3,Atencao,0.47524112192580903,74.19354838709677,4.5325
240310,RN,0,Critico,0.667643897124484,42.857142857142854,4.58611111111111
240320,RN,3,Atencao,0.5554701725276499,70.0,4.59
240325,RN,0,Critico,0.6765423493787297,41.91304347826087,4.841929824561402
240330,RN,3,Atencao,0.5125307415512592,65.38461538461539,4.569999999999999
240340,RN,0,Critico,0.6947809735601443,33.33333333333333,4.4375
240360,RN,0,Critico,0.6558819860227856,41.99134199134199,4.592727272727272
240370,RN,3,Atencao,0.5514097449763183,30.0,4.46
240420,RN,0,Critico,0.7702011490515128,30.0,4.531428571428572
240430,RN,0,Critico,0.5812069851445213,51.35135135135135,4.468
240440,RN,1,Intermediario,0.48102843922112104,67.56756756756756,4.5920000000000005
240460,RN,0,Critico,0.6867231837060801,46.0,4.256666666666667
240470,RN,0,Critico,0.7526432565667334,23.91304347826087,4.505454545454546
240485,RN,0,Critico,0.5886433820522194,37.5,4.526
240500,RN,0,Critico,0.6186285563900513,41.86046511627907,4.515000000000001
240510,RN,0,Critico,0.7593833374500949,28.57142857142857,4.6125
240540,RN,0,Critico,0.8266867947965462,25.0,4.3999999999999995
240550,RN,0,Critico,0.7996784285651044,30.434782608695656,4.373333333333333
240560,RN,0,Critico,0.6452941286619275,46.34146341463415,4.272857142857142
240570,RN,0,Critico,0.6068274902638333,44.73684210526316,4.606
240580,RN,0,Critico,0.7718239437662446,34.34343434343434,4.369999999999999
240610,RN,0,Critico,0.6731264474039569,41.30434782608695,4.45375
240630,RN,0,Critico,0.7016596481602912,30.0,4.276
240650,RN,0,Critico,0.7296990122028526,37.5,4.446
240660,RN,0,Critico,0.7072643738093694,33.33333333333333,4.38
240670,RN,0,Critico,0.7884750051382475,39.473684210526315,4.524285714285714
240700,RN,0,Critico,0.6997252291276062,23.684210526315788,4.398571428571429
240710,RN,0,Critico,0.7728454066997693,30.5,4.508157894736843
240720,RN,0,Critico,0.7533773482528997,35.61643835616438,4.481999999999999
240725,RN,0,Critico,0.6342756360841447,37.5,4.550000000000001
240730,RN,0,Critico,0.7868688007045619,5.0,4.32
240740,RN,0,Critico,0.6223998353250426,51.515151515151516,4.651250000000001
240770,RN,3,Atencao,0.5664138232801404,56.25,4.257142857142857
240780,RN,3,Atencao,0.5383861565593746,57.798165137614674,4.363076923076923
240800,RN,0,Critico,0.6814544738555336,43.23922734026746,4.675543478260868
240820,RN,0,Critico,0.7024525226991545,43.41085271317829,4.554117647058824
240830,RN,0,Critico,0.7200799996241091,30.48780487804878,4.35764705882353
240850,RN,3,Atencao,0.4635494234385496,48.0,4.720000000000001
240880,RN,0,Critico,0.7290637164516951,30.434782608695656,4.34
240890,RN,3,Atencao,0.46757822397956417,55.660377358490564,4.547499999999999
240895,RN,0,Critico,0.8157514629067534,18.181818181818183,4.452
240910,RN,0,Critico,0.7187768849328898,33.33333333333333,4.3533333333333335
240930,RN,0,Critico,0.7636839681919951,34.78260869565217,4.426666666666667
240940,RN,0,Critico,0.6807878988472993,35.0,4.595555555555555
240980,RN,0,Critico,0.8073176208200351,17.24137931034483,4.42
240990,RN,0,Critico,0.6917130924928356,34.883720930232556,4.45125
241020,RN,3,Atencao,0.5381731921279195,48.484848484848484,4.546
241040,RN,0,Critico,0.7399763863093916,26.0,4.359999999999999
241090,RN,0,Critico,0.7482780898313875,34.375,4.426666666666667
241120,RN,0,Critico,0.7652939896809011,26.923076923076923,4.446470588235295
241140,RN,0,Critico,0.6488944117696913,36.58536585365854,4.416
241150,RN,0,Critico,0.5754345939361294,51.11111111111111,4.45375
241160,RN,0,Critico,0.6429463525614483,34.61538461538461,4.4
241200,RN,0,Critico,0.656726730752792,38.732394366197184,4.529761904761905
241210,RN,3,Atencao,0.5052373562750682,58.333333333333336,4.556666666666667
241220,RN,0,Critico,0.7506451478817363,33.02325581395349,4.539130434782607
241230,RN,0,Critico,0.7079280540701106,47.368421052631575,4.356666666666667
241250,RN,0,Critico,0.6660133253509838,45.16129032258064,4.5275
241290,RN,0,Critico,0.7023648914615351,28.000000000000004,4.4125
241300,RN,0,Critico,0.5439790532005097,45.45454545454545,4.675000000000001
241320,RN,0,Critico,0.7941414796667203,14.285714285714285,4.3533333333333335
241335,RN,0,Critico,0.7540595754179091,34.285714285714285,4.688
241340,RN,0,Critico,0.7744566223810022,28.57142857142857,4.503333333333334
241350,RN,0,Critico,0.569327549699387,39.130434782608695,4.300000000000001
241390,RN,0,Critico,0.6763519675713348,51.85185185185185,4.336250000000001
241400,RN,0,Critico,0.662469186325406,32.72727272727273,4.425
241410,RN,0,Critico,0.6147536835989362,44.44444444444444,4.53125
241415,RN,0,Critico,0.6637555942192758,47.82608695652174,4.5825
241420,RN,0,Critico,0.8196904416772575,18.681318681318682,4.552727272727273
241440,RN,0,Critico,0.7559463466675519,28.888888888888886,4.378823529411765
241480,RN,0,Critico,0.5968678091423164,39.02439024390244,4.4799999999999995
241500,RN,0,Critico,0.7740609922430578,25.0,4.4
250010,PB,3,Atencao,0.5893799199552225,54.166666666666664,4.387499999999999
250020,PB,3,Atencao,0.41251528633266143,60.0,4.443333333333333
250030,PB,0,Critico,0.7634312573523062,29.357798165137616,4.223125000000001
250040,PB,3,Atencao,0.4098024735996268,71.83098591549296,4.297000000000001
250050,PB,3,Atencao,0.5410361774099207,55.35714285714286,4.271666666666666
250053,PB,3,Atencao,0.63652204883037,36.11111111111111,4.635
250060,PB,0,Critico,0.6514583270661202,40.42553191489361,4.465833333333333
250070,PB,3,Atencao,0.49741100273381206,40.0,4.4375
250080,PB,3,Atencao,0.5103986860478452,53.65853658536586,4.240000000000001
250090,PB,3,Atencao,0.664754789141139,34.78260869565217,4.338
250100,PB,0,Critico,0.7011879540048558,35.08771929824561,4.421538461538462
250110,PB,2,Consolidado,0.16699833095532365,90.78947368421053,4.222142857142856
250120,PB,2,Consolidado,0.2236739546497893,85.0,4.354
250130,PB,3,Atencao,0.5271012660199507,55.0561797752809,3.8711764705882348
250135,PB,2,Consolidado,0.331925296770123,85.71428571428571,4.586666666666667
250140,PB,0,Critico,0.6995543096187736,30.612244897959183,4.174
250150,PB,3,Atencao,0.5455739211315217,46.808510638297875,4.481538461538461
250153,PB,2,Consolidado,0.28476317912259946,80.0,4.39
250157,PB,0,Critico,0.6680136898191802,36.0,4.39
250170,PB,3,Atencao,0.39638207023399663,75.0,4.48
250180,PB,0,Critico,0.6829044785189885,41.29353233830846,4.507999999999999
250190,PB,3,Atencao,0.6212196063480258,43.13725490196079,4.21875
250200,PB,3,Atencao,0.579916581144406,41.66666666666667,4.398333333333333
250215,PB,3,Atencao,0.4812934738000747,75.0,4.545000000000001
250240,PB,3,Atencao,0.5599745488359072,48.57142857142857,4.29
250250,PB,0,Critico,0.7075392271197779,34.883720930232556,4.4075
250260,PB,0,Critico,0.5486554977290683,51.724137931034484,4.3933333333333335
250280,PB,3,Atencao,0.56048749839642,59.09090909090909,4.3742857142857146
250300,PB,0,Critico,0.7331415982946871,34.40860215053764,4.583076923076923
250320,PB,3,Atencao,0.5598066859852248,51.541850220264315,4.7363333333333335
250330,PB,0,Critico,0.6269219503049351,35.0,4.245
250350,PB,3,Atencao,0.35277978138894234,64.0625,4.3
250355,PB,3,Atencao,0.6846048350820908,39.53488372093023,4.244
250360,PB,3,Atencao,0.4178463456121041,80.0,4.146
250370,PB,3,Atencao,0.502838272604631,51.81818181818182,4.5293333333333345
250380,PB,0,Critico,0.6889488513292782,35.0,4.348333333333334
250390,PB,3,Atencao,0.5527265057978323,59.45945945945946,4.386666666666667
250400,PB,0,Critico,0.6175298422826487,46.26865671641791,4.673802816901407
250403,PB,3,Atencao,0.48544704192546495,60.60606060606061,4.3925
250415,PB,3,Atencao,0.5655346053837024,50.0,4.265999999999999
250420,PB,3,Atencao,0.3940228595300104,59.25925925925925,4.085
250430,PB,3,Atencao,0.5851587057682072,51.24999999999999,4.462222222222222
250435,PB,3,Atencao,0.47331073691144276,50.0,4.49
250440,PB,2,Consolidado,0.19622554031709225,85.71428571428571,4.38
250450,PB,3,Atencao,0.5768384259917608,47.61904761904761,4.324999999999999
250460,PB,3,Atencao,0.4308498145539644,69.93006993006993,4.549411764705884
250480,PB,3,Atencao,0.48626657803378615,60.97560975609756,4.333333333333334
250490,PB,3,Atencao,0.6102979871657086,55.714285714285715,4.291666666666666
250500,PB,2,Consolidado,0.2092373480836224,76.92307692307693,4.5825
250510,PB,3,Atencao,0.5160557730725978,51.42857142857142,4.535454545454546
250520,PB,0,Critico,0.7842581762248876,24.324324324324326,4.24
250535,PB,3,Atencao,0.6360174027528069,47.61904761904761,4.3566666666666665
250540,PB,3,Atencao,0.6034557129182145,30.555555555555557,4.5625
250570,PB,3,Atencao,0.3406647218000159,74.28571428571429,4.266
250600,PB,3,Atencao,0.4570456997888761,62.0,4.408181818181817
250610,PB,3,Atencao,0.5761768567200442,55.00000000000001,4.168
250630,PB,3,Atencao,0.6373999049942233,50.0,4.375806451612903
250640,PB,0,Critico,0.7528538230406774,31.57894736842105,4.18
250670,PB,3,Atencao,0.5631228403185452,47.05882352941176,4.243
250680,PB,0,Critico,0.575524674545499,54.54545454545454,4.22125
250690,PB,3,Atencao,0.6495816369582801,40.0,4.2754545454545445
250700,PB,0,Critico,0.6990517093540901,48.4375,4.386999999999999
250710,PB,2,Consolidado,0.292838441232089,70.58823529411765,4.279090909090909
250720,PB,0,Critico,0.7871922029470828,26.08695652173913,4.06
250730,PB,0,Critico,0.6696761188280147,52.5,4.341111111111111
250750,PB,0,Critico,0.5712445668066255,51.58766682006443,4.740534759358291
250770,PB,3,Atencao,0.5899233410667778,52.054794520547944,4.385833333333334
250780,PB,3,Atencao,0.4340720894229707,54.83870967741935,4.5633333333333335
250790,PB,0,Critico,0.6319154861078415,40.42553191489361,4.246666666666666
250800,PB,3,Atencao,0.48793303821149603,58.97435897435898,4.325
250820,PB,3,Atencao,0.5445054943600939,56.00000000000001,4.296666666666667
250830,PB,3,Atencao,0.5164568668694342,59.130434782608695,4.457272727272727
250840,PB,3,Atencao,0.505297347605332,57.14285714285714,4.225
250850,PB,3,Atencao,0.5583068367962702,46.15384615384615,4.3625
250855,PB,2,Consolidado,0.1615294809190883,88.46153846153845,4.3125
250860,PB,0,Critico,0.6239002973378188,42.857142857142854,4.573
250880,PB,3,Atencao,0.4962486000337949,63.33333333333333,4.346666666666667
250890,PB,3,Atencao,0.5135668403796021,53.68421052631579,4.316800000000001
250900,PB,3,Atencao,0.38870495993976817,67.44186046511628,4.172499999999999
250905,PB,0,Critico,0.6551120731426343,35.08771929824561,4.31
250910,PB,3,Atencao,0.5381330130475309,59.036144578313255,4.34076923076923
250915,PB,2,Consolidado,0.06099143031885201,95.65217391304348,4.4625
250920,PB,0,Critico,0.6430807875748205,50.0,4.27375
250930,PB,3,Atencao,0.35764235955908064,65.625,4.488
250939,PB,3,Atencao,0.5254118396982888,60.0,4.293333333333333
250940,PB,3,Atencao,0.38617429232373607,69.23076923076923,4.218
250950,PB,2,Consolidado,0.34018186721880245,77.77777777777779,4.62
250970,PB,3,Atencao,0.5012699611662245,57.692307692307686,4.438000000000001
250980,PB,3,Atencao,0.45160257536772763,61.53846153846154,4.311428571428571
250990,PB,3,Atencao,0.5540707911551231,53.84615384615385,4.123333333333333
251010,PB,3,Atencao,0.4734565207816519,63.46153846153846,4.58
251020,PB,0,Critico,0.6646646953220843,40.625,4.282
251080,PB,3,Atencao,0.5236888785258443,55.27156549520767,4.49076923076923
251090,PB,0,Critico,0.5525057872891688,45.0,4.431666666666667
251110,PB,2,Consolidado,0.25033773295396633,78.26086956521739,4.54
251120,PB,3,Atencao,0.6571415017514974,46.20253164556962,4.461111111111111
251130,PB,0,Critico,0.6543109325182817,45.83333333333333,4.207
251140,PB,3,Atencao,0.5935770465927676,34.66666666666667,4.483333333333333
251150,PB,3,Atencao,0.5330111917269313,61.904761904761905,4.347142857142857
251160,PB,3,Atencao,0.5813555603530185,44.73684210526316,4.185714285714286
251170,PB,2,Consolidado,0.33462890649031435,86.36363636363636,4.256666666666667
251180,PB,0,Critico,0.6976543748615943,30.0,4.292
251190,PB,3,Atencao,0.4220536948145061,71.23287671232876,4.386666666666667
251200,PB,3,Atencao,0.5923275879901885,47.82608695652174,4.397272727272727
251210,PB,3,Atencao,0.4794672020259613,63.0,4.420000000000001
251230,PB,2,Consolidado,0.12432802601348056,90.41095890410958,4.475714285714285
251240,PB,2,Consolidado,0.38382524320719585,74.66666666666667,4.522857142857143
251250,PB,2,Consolidado,0.15449931023064606,89.38775510204081,4.564545454545454
251270,PB,3,Atencao,0.5501218190105924,59.32203389830508,4.384545454545455
251280,PB,3,Atencao,0.509896926266784,60.71428571428571,4.282500000000001
251290,PB,3,Atencao,0.4977858228025172,52.94117647058824,4.336111111111111
251310,PB,3,Atencao,0.38862963219856583,76.19047619047619,4.1579999999999995
251315,PB,0,Critico,0.7906384664554201,22.857142857142858,4.3774999999999995
251320,PB,3,Atencao,0.4352223513072451,72.0,4.356
251330,PB,2,Consolidado,0.3034332163849159,72.72727272727273,4.425
251340,PB,3,Atencao,0.5170569477352808,63.63636363636363,4.558000000000001
251350,PB,2,Consolidado,0.12329982386864642,81.81818181818183,4.188
251370,PB,0,Critico,0.668635829211397,37.404580152671755,4.487692307692308
251390,PB,0,Critico,0.644949608699854,43.47826086956522,4.323846153846154
251400,PB,0,Critico,0.5828430155451086,39.130434782608695,4.616
251420,PB,2,Consolidado,0.33257370729344204,73.17073170731707,4.2666666666666675
251430,PB,3,Atencao,0.5720915955584465,40.74074074074074,4.34
251445,PB,0,Critico,0.6089249220138849,56.00000000000001,4.133333333333334
251450,PB,3,Atencao,0.6543717191821331,44.26229508196721,4.3116666666666665
251490,PB,0,Critico,0.6591722753416218,40.0,4.529999999999999
251510,PB,3,Atencao,0.47714116187103056,51.85185185185185,4.4475
251520,PB,2,Consolidado,0.19199967402924784,90.0,4.546666666666667
251530,PB,0,Critico,0.7201586294108369,37.06293706293706,4.410416666666666
251540,PB,3,Atencao,0.5370509411582538,54.54545454545454,4.369999999999999
251550,PB,3,Atencao,0.5245671135631075,61.702127659574465,4.376666666666666
251590,PB,2,Consolidado,0.25354795002674485,80.0,4.0633333333333335
251593,PB,3,Atencao,0.43338321077455416,65.0,4.383333333333334
251597,PB,3,Atencao,0.5262091432220515,59.09090909090909,4.494285714285715
251600,PB,3,Atencao,0.448740164972667,61.038961038961034,4.347894736842105
251610,PB,0,Critico,0.6887571113490875,51.02040816326531,4.624285714285714
251615,PB,3,Atencao,0.6114038704424205,42.857142857142854,4.536666666666667
251620,PB,3,Atencao,0.5845997464714857,55.65217391304348,4.399666666666667
251630,PB,3,Atencao,0.5712787784710673,56.52173913043478,4.566666666666666
251650,PB,2,Consolidado,0.21385079942585453,86.66666666666667,4.298333333333333
251660,PB,3,Atencao,0.3541330540141845,61.904761904761905,4.237500000000001
251670,PB,2,Consolidado,0.2864924377730865,80.7017543859649,4.291428571428572
251680,PB,3,Atencao,0.5265039279391442,55.55555555555556,4.225
251690,PB,3,Atencao,0.3991356479526108,74.28571428571429,4.4425
251700,PB,3,Atencao,0.5257654992071872,52.0,4.351666666666667
260005,PE,0,Critico,0.6204193022068449,53.47222222222222,4.612702702702704
260010,PE,3,Atencao,0.3959321015175354,66.90140845070422,4.514666666666668
260020,PE,3,Atencao,0.5222186871666743,57.35294117647059,4.267499999999999
260030,PE,3,Atencao,0.39018143009054856,65.38461538461539,4.090000000000001
260040,PE,3,Atencao,0.4861910596666737,49.29577464788733,4.414545454545455
260050,PE,3,Atencao,0.5110848795010775,56.852791878172596,4.124444444444444
260060,PE,3,Atencao,0.6155388498466977,52.17391304347826,4.349999999999999
260070,PE,3,Atencao,0.5954988310208207,50.427350427350426,4.054166666666667
260080,PE,3,Atencao,0.4542360098140058,63.63636363636363,4.2283333333333335
260090,PE,3,Atencao,0.44026123770764847,62.903225806451616,4.15625
260100,PE,3,Atencao,0.4568810226787868,56.81818181818182,4.323333333333333
260105,PE,3,Atencao,0.5830926952211049,44.871794871794876,4.4125
260110,PE,3,Atencao,0.537084888657479,53.84615384615385,4.204146341463415
260120,PE,3,Atencao,0.4530960958583842,66.88741721854305,4.584999999999999
260130,PE,2,Consolidado,0.20301725954624644,80.3921568627451,4.183333333333333
260140,PE,3,Atencao,0.49568099049533937,55.9748427672956,4.307619047619047
260150,PE,2,Consolidado,0.30865410303429053,77.55102040816327,4.235
260160,PE,3,Atencao,0.514596221435669,53.84615384615385,4.343333333333333
260170,PE,0,Critico,0.6226315892576956,46.3768115942029,4.3549999999999995
260180,PE,3,Atencao,0.3302810082505992,65.71428571428571,4.085
260190,PE,3,Atencao,0.5489138274792175,54.59770114942529,4.467
260200,PE,3,Atencao,0.6260684534214768,51.28205128205128,4.225625000000001
260210,PE,3,Atencao,0.48355742111608696,63.934426229508205,4.154285714285716
260220,PE,3,Atencao,0.42884027884088166,65.67164179104478,4.307222222222223
260230,PE,3,Atencao,0.4080519346001974,70.88607594936708,4.164999999999999
260240,PE,2,Consolidado,0.3327183287090692,86.11111111111111,4.305
260250,PE,2,Consolidado,0.3215823673968384,68.08510638297872,4.3
260260,PE,3,Atencao,0.5803767272412353,47.77070063694268,4.515555555555555
260270,PE,2,Consolidado,0.3408334940202819,70.37037037037037,4.3149999999999995
260280,PE,3,Atencao,0.5397998044567861,51.53061224489795,4.077333333333334
260290,PE,3,Atencao,0.5554681407367098,50.81788440567067,4.533124999999999
260300,PE,3,Atencao,0.42569788932121394,70.08547008547008,4.345294117647059
260310,PE,3,Atencao,0.4902164003530109,56.33802816901409,4.3862499999999995
260320,PE,3,Atencao,0.5753678462210143,54.71698113207547,4.349333333333334
260330,PE,3,Atencao,0.5810319221625767,54.83870967741935,4.375
260340,PE,2,Consolidado,0.24060833719909747,83.33333333333334,4.3075
260345,PE,3,Atencao,0.5232764069208641,62.096774193548384,4.590750000000001
260350,PE,3,Atencao,0.4554841725494067,65.0,4.228
260360,PE,3,Atencao,0.46497018865285106,53.84615384615385,4.09
260370,PE,3,Atencao,0.5388680707874807,55.670103092783506,4.305000000000001
260380,PE,3,Atencao,0.4832394837069398,62.5,4.4399999999999995
260390,PE,2,Consolidado,0.11985109081777368,91.0891089108911,4.430769230769231
260392,PE,2,Consolidado,0.11578987396275137,96.66666666666667,4.245
260400,PE,3,Atencao,0.46002054823072563,58.50622406639005,4.535925925925926
260410,PE,3,Atencao,0.5329359976725194,56.31293570875291,4.615443037974683
260415,PE,2,Consolidado,0.24162853171094417,76.19047619047619,4.345714285714286
260420,PE,0,Critico,0.7379067023155376,41.83673469387755,4.300714285714285
260430,PE,3,Atencao,0.5530580859929701,50.0,4.261666666666667
260440,PE,3,Atencao,0.4482050914641708,55.55555555555556,4.206250000000001
260450,PE,3,Atencao,0.5256650997946913,50.467289719626166,4.3950000000000005
260460,PE,3,Atencao,0.6383047057458061,46.06741573033708,4.331428571428571
260470,PE,3,Atencao,0.4808339758056659,66.66666666666666,4.35
260480,PE,3,Atencao,0.4239387005841394,71.42857142857143,4.175714285714286
260490,PE,2,Consolidado,0.25697728536326797,92.0,4.175
260500,PE,2,Consolidado,0.23296470827160268,83.33333333333334,4.4110000000000005
260510,PE,2,Consolidado,0.21264735690846823,82.3076923076923,4.19235294117647
260515,PE,2,Consolidado,0.33111808549052824,66.12903225806451,4.3549999999999995
260520,PE,3,Atencao,0.6336931084488645,51.12359550561798,4.404583333333333
260530,PE,3,Atencao,0.5106747423717888,52.59259259259259,4.319375000000001
260540,PE,2,Consolidado,0.20072568644829525,79.72972972972973,4.368181818181817
260550,PE,3,Atencao,0.5878456003412077,42.857142857142854,4.205
260560,PE,2,Consolidado,0.36414049854585,75.43859649122807,4.411
260570,PE,0,Critico,0.6523683880653207,48.837209302325576,4.2992307692307685
260580,PE,3,Atencao,0.40359017352091126,70.27027027027027,4.242857142857143
260590,PE,3,Atencao,0.42161840256283645,62.31884057971014,4.311
260600,PE,3,Atencao,0.49615611399972787,58.730158730158735,4.6847916666666665
260610,PE,3,Atencao,0.3850647060810884,62.96296296296296,4.2325
260620,PE,3,Atencao,0.5906853040251837,46.12794612794613,4.507428571428571
260630,PE,3,Atencao,0.48812966647022227,57.99999999999999,4.296666666666667
260640,PE,3,Atencao,0.6566564773028143,46.44808743169399,4.459999999999999
260650,PE,3,Atencao,0.3343630556331863,69.73684210526315,3.99
260660,PE,3,Atencao,0.48095051527312965,60.396039603960396,4.204999999999999
260670,PE,3,Atencao,0.5598216057344259,45.0,4.4225
260680,PE,3,Atencao,0.4431116762703065,68.13417190775681,4.62195652173913
260690,PE,2,Consolidado,0.2751080192098537,75.0,4.3516666666666675
260700,PE,3,Atencao,0.3985566488095374,72.97297297297297,4.092727272727273
260720,PE,3,Atencao,0.4171809634934962,65.39792387543253,4.530769230769231
260730,PE,3,Atencao,0.3573717522752121,63.39869281045751,4.173846153846154
260750,PE,3,Atencao,0.5113679495034793,55.294117647058826,4.398888888888889
260760,PE,0,Critico,0.5610264756265055,38.2716049382716,4.511818181818183
260765,PE,3,Atencao,0.630878715083475,43.689320388349515,4.294545454545455
260770,PE,2,Consolidado,0.2809565397753838,74.19354838709677,4.3740000000000006
260775,PE,2,Consolidado,0.26405081204362213,78.90625,4.466666666666667
260780,PE,3,Atencao,0.563382040031323,53.84615384615385,4.21
260790,PE,3,Atencao,0.529517034685253,55.45873910814967,4.549503105590062
260795,PE,3,Atencao,0.37837519653277196,59.375,4.278333333333332
260800,PE,3,Atencao,0.613202736191163,43.75,4.073333333333334
260805,PE,2,Consolidado,0.36818291548238047,79.48717948717949,4.684285714285714
260810,PE,3,Atencao,0.4336528315805971,66.19718309859155,4.245
260820,PE,3,Atencao,0.600903588752844,60.97560975609756,4.232857142857143
260825,PE,3,Atencao,0.5473524804779826,44.827586206896555,4.246
260830,PE,3,Atencao,0.44490729020158565,57.14285714285714,4.378333333333334
260840,PE,3,Atencao,0.5121200757109023,53.62318840579711,4.2459999999999996
260845,PE,3,Atencao,0.5546273001870078,52.63157894736842,4.315
260850,PE,2,Consolidado,0.3278922835532534,81.9672131147541,4.241111111111111
260860,PE,2,Consolidado,0.2768237762032677,87.8048780487805,3.84
260870,PE,2,Consolidado,0.26518137091431415,72.97297297297297,4.38
260875,PE,3,Atencao,0.446328181452756,55.639097744360896,4.489090909090909
260880,PE,3,Atencao,0.5772223780678808,51.21951219512195,4.478235294117647
260890,PE,3,Atencao,0.3821147774535793,72.48322147651007,4.331363636363636
260900,PE,2,Consolidado,0.29408844531032197,72.72727272727273,4.230769230769232
260910,PE,2,Consolidado,0.12147001108823399,93.47826086956522,4.365714285714286
260915,PE,3,Atencao,0.5370258937554565,56.36363636363636,3.8957142857142855
260920,PE,3,Atencao,0.45639008569804,55.88235294117647,4.306
260930,PE,3,Atencao,0.6151761453915431,38.75,4.148571428571429
260940,PE,3,Atencao,0.5921489924118455,47.22222222222222,4.394761904761904
260950,PE,3,Atencao,0.5387462006866592,50.0,4.476923076923076
260960,PE,3,Atencao,0.48310006570026404,60.176211453744486,4.559705882352941
260970,PE,3,Atencao,0.35876838128248745,68.11594202898551,4.2940000000000005
260980,PE,3,Atencao,0.5989984882494118,44.06779661016949,4.286666666666667
260990,PE,0,Critico,0.7327090384128767,31.718061674008812,4.234285714285714
261000,PE,3,Atencao,0.5517243945021755,48.40764331210191,4.358846153846154
261010,PE,3,Atencao,0.4830428454724529,61.53846153846154,4.3566666666666665
261020,PE,2,Consolidado,0.197580579767402,87.36842105263159,4.225
261030,PE,3,Atencao,0.37125655922904127,71.42857142857143,4.37125
261040,PE,3,Atencao,0.5680710928369654,56.71641791044776,4.204285714285715
261050,PE,2,Consolidado,0.31905651321583384,74.02597402597402,4.243
261060,PE,3,Atencao,0.44317277789958814,62.5,4.383913043478262
261070,PE,3,Atencao,0.5629845336316339,54.463130659767145,4.630266666666668
261080,PE,3,Atencao,0.5687293004305245,54.87804878048781,4.200000000000001
261090,PE,3,Atencao,0.47817358269112853,61.61616161616161,4.337599999999999
261100,PE,3,Atencao,0.49049880186836364,49.67741935483871,4.556956521739131
261110,PE,1,Intermediario,0.4007797800163979,68.0570221752904,4.642421874999999
261120,PE,3,Atencao,0.45220208920995764,70.9090909090909,4.078571428571428
261130,PE,0,Critico,0.6412300189499346,46.774193548387096,4.306000000000001
261140,PE,3,Atencao,0.4540903628800312,48.484848484848484,4.29
261150,PE,3,Atencao,0.5647058248559322,51.28205128205128,4.312857142857142
261153,PE,2,Consolidado,0.20759276538052404,75.92592592592592,4.652
261160,PE,3,Atencao,0.48396697236768543,58.128683693516706,4.649479452054795
261170,PE,3,Atencao,0.4358283104557012,77.55102040816327,4.328749999999999
261180,PE,3,Atencao,0.4447198047127834,62.88659793814433,4.139166666666666
261190,PE,2,Consolidado,0.11581899536083425,86.66666666666667,4.367142857142857
261200,PE,2,Consolidado,0.29534273704488556,88.88888888888889,4.2940000000000005
261220,PE,2,Consolidado,0.3194205312930779,75.32051282051282,4.492500000000001
261230,PE,3,Atencao,0.3892418427996043,71.15384615384616,4.244285714285714
261240,PE,3,Atencao,0.5496029665469307,47.43589743589743,4.220909090909092
261245,PE,3,Atencao,0.39577648117803144,72.1311475409836,4.1375
261247,PE,2,Consolidado,0.23626179268623393,81.81818181818183,4.444
261250,PE,3,Atencao,0.5543866900830544,58.83777239709443,4.488846153846154
261255,PE,3,Atencao,0.5173238545372876,63.829787234042556,4.224444444444445
261260,PE,3,Atencao,0.5182487842345855,50.29239766081871,4.259354838709678
261270,PE,2,Consolidado,0.29302574426491135,77.27272727272727,4.37
261280,PE,2,Consolidado,0.3280603329254004,65.45454545454545,4.3975
261290,PE,3,Atencao,0.6093225460545967,45.45454545454545,4.222
261300,PE,3,Atencao,0.49478522086913185,62.890625,4.374090909090909
261310,PE,3,Atencao,0.6000011771162761,52.44755244755245,4.2700000000000005
261320,PE,3,Atencao,0.4972762239772606,57.831325301204814,4.33375
261330,PE,3,Atencao,0.37232844452561303,71.28712871287128,4.125
261340,PE,0,Critico,0.6751626372554667,37.5,4.390000000000001
261350,PE,3,Atencao,0.5478686076688097,54.25531914893617,4.40421052631579
261360,PE,2,Consolidado,0.3795416437153737,71.68141592920354,4.454166666666667
261370,PE,3,Atencao,0.6007749953025965,49.858356940509914,4.472162162162162
261380,PE,3,Atencao,0.6294291021779352,45.45454545454545,3.861666666666667
261390,PE,2,Consolidado,0.3101141506213788,75.63739376770539,4.490571428571428
261400,PE,3,Atencao,0.531283524594409,60.0,4.136666666666667
261410,PE,3,Atencao,0.5134395233188365,60.215053763440864,4.382777777777778
261420,PE,3,Atencao,0.398731626259777,59.354838709677416,4.3675
261430,PE,3,Atencao,0.590926658223766,44.827586206896555,4.446666666666666
261440,PE,2,Consolidado,0.200497331626575,88.88888888888889,4.346
261450,PE,3,Atencao,0.5363977688458192,54.78260869565217,4.509999999999999
261460,PE,2,Consolidado,0.36633234203311676,73.50427350427351,4.456363636363636
261470,PE,3,Atencao,0.6346939774607855,45.94594594594595,4.4225
261480,PE,3,Atencao,0.416444468745436,61.66666666666667,4.361000000000001
261485,PE,3,Atencao,0.5627188199282142,49.0,4.434444444444444
261500,PE,3,Atencao,0.5065706412301427,57.28155339805825,4.414
261510,PE,3,Atencao,0.3662317569079943,72.41379310344827,4.08
261520,PE,3,Atencao,0.41952505044322447,54.90196078431373,4.3149999999999995
261530,PE,2,Consolidado,0.31488021396857646,79.53216374269006,4.294545454545455
261540,PE,3,Atencao,0.5191619825912854,54.73251028806584,4.321875
261550,PE,3,Atencao,0.43001922341810633,64.0,4.3133333333333335
261560,PE,3,Atencao,0.44625492112747656,61.72839506172839,4.195000000000001
261570,PE,2,Consolidado,0.23267902332376336,81.35593220338984,4.565555555555555
261580,PE,3,Atencao,0.40661794934196455,72.85714285714285,4.195
261590,PE,2,Consolidado,0.26818082782792857,70.58823529411765,4.595714285714285
261600,PE,3,Atencao,0.5309894638467542,41.81818181818181,4.00111111111111
261610,PE,3,Atencao,0.4756730443911961,50.0,4.348
261618,PE,2,Consolidado,0.20685658458520914,81.48148148148148,4.3740000000000006
261620,PE,3,Atencao,0.5333515042252769,62.365591397849464,4.352857142857143
261630,PE,3,Atencao,0.480082998355546,67.3469387755102,4.150000000000001
261640,PE,3,Atencao,0.5996857587378365,47.85714285714286,4.439722222222223
261650,PE,3,Atencao,0.34842998485948906,66.66666666666666,4.353999999999999
270010,AL,3,Atencao,0.6171995842019519,58.536585365853654,4.295454545454546
270020,AL,3,Atencao,0.5883233347247081,47.368421052631575,3.9954545454545456
270030,AL,0,Critico,0.6679609025086135,39.58115183246073,4.613199999999999
270040,AL,3,Atencao,0.7033158003627121,38.41463414634146,4.156666666666666
270050,AL,0,Critico,0.7514910369674714,28.037383177570092,4.448
270060,AL,0,Critico,0.7282944501653242,29.268292682926827,4.656666666666666
270070,AL,3,Atencao,0.6783547686284969,40.35087719298245,4.340000000000001
270090,AL,2,Consolidado,0.14508254666766565,85.71428571428571,3.85125
270100,AL,2,Consolidado,0.25062234587364,77.45098039215686,4.23
270110,AL,2,Consolidado,0.2985882697470635,78.78787878787878,4.284
270120,AL,3,Atencao,0.6621674808482075,45.0,4.061999999999999
270130,AL,0,Critico,0.7655712844634438,27.835051546391753,4.314285714285715
270135,AL,3,Atencao,0.5268395148001037,63.1578947368421,4.443333333333333
270140,AL,3,Atencao,0.4134095363906248,67.89473684210526,4.335384615384615
270150,AL,3,Atencao,0.6435190233213914,50.0,3.796666666666667
270160,AL,3,Atencao,0.5249834406947246,51.470588235294116,3.9285714285714284
270170,AL,3,Atencao,0.665106537706417,48.64864864864865,4.157
270180,AL,3,Atencao,0.6742771497090544,46.96969696969697,3.811428571428572
270190,AL,3,Atencao,0.6259563351375936,39.130434782608695,3.8850000000000002
270200,AL,2,Consolidado,0.31199829053981293,73.33333333333333,4.176666666666667
270210,AL,2,Consolidado,0.26520715380221427,83.9506172839506,4.142857142857143
270220,AL,0,Critico,0.6611013410111908,37.5,4.3516666666666675
270230,AL,2,Consolidado,0.11817348786596359,95.18072289156626,4.504210526315789
270235,AL,3,Atencao,0.5451730555460844,62.03703703703704,4.347333333333334
270240,AL,0,Critico,0.7684611989232678,30.923694779116467,4.488095238095237
270250,AL,3,Atencao,0.511529758597813,58.06451612903226,3.986666666666667
270255,AL,0,Critico,0.7260166338013521,30.909090909090907,4.035
270260,AL,3,Atencao,0.6866845745400121,50.0,4.289166666666666
270270,AL,0,Critico,0.6538642338214121,38.23529411764706,4.42
270280,AL,3,Atencao,0.6627124901654576,40.909090909090914,4.148000000000001
270290,AL,0,Critico,0.7111908648842841,37.5,4.077500000000001
270300,AL,2,Consolidado,0.3022236101671623,65.0,4.108
270310,AL,0,Critico,0.7925375118248049,27.884615384615387,4.2947058823529405
270320,AL,3,Atencao,0.5911191758218387,50.0,4.263636363636363
270330,AL,3,Atencao,0.4221198356837113,67.85714285714286,4.183750000000001
270340,AL,3,Atencao,0.6063272912604899,48.57142857142857,4.194
270350,AL,3,Atencao,0.39358913009778684,69.23076923076923,4.5375
270360,AL,0,Critico,0.8057262891088148,23.076923076923077,4.3757142857142854
270370,AL,3,Atencao,0.681752596790859,37.93103448275862,4.363333333333333
270375,AL,2,Consolidado,0.3473470272425924,79.24528301886792,4.491250000000001
270380,AL,0,Critico,0.7640583414921679,30.526315789473685,4.087272727272727
270400,AL,3,Atencao,0.5505147207737943,54.700854700854705,4.392352941176469
270410,AL,3,Atencao,0.6276984622879168,50.877192982456144,4.45
270420,AL,3,Atencao,0.6451199369167305,45.23809523809524,4.267333333333333
270430,AL,0,Critico,0.6820151568105364,40.094899169632264,4.55308510638298
270440,AL,3,Atencao,0.6771977356816181,35.9375,3.8876923076923076
270450,AL,0,Critico,0.699333546577249,38.18181818181819,4.386666666666666
270460,AL,3,Atencao,0.35977090576025433,66.66666666666666,4.203333333333333
270470,AL,0,Critico,0.6462785949917715,39.27576601671309,4.647058823529412
270480,AL,3,Atencao,0.62779644404366,46.93877551020408,4.1
270500,AL,3,Atencao,0.6550319032233003,31.914893617021278,4.058333333333333
270510,AL,3,Atencao,0.6743151792524631,42.608695652173914,4.3725
270520,AL,0,Critico,0.7136206639222182,33.6734693877551,4.442857142857142
270540,AL,0,Critico,0.7422064825904284,26.666666666666668,3.7785714285714285
270550,AL,3,Atencao,0.4265764343175962,67.47967479674797,4.353333333333333
270560,AL,0,Critico,0.7417019382392167,29.6875,4.305
270570,AL,3,Atencao,0.6492414286889712,41.48936170212766,4.1
270580,AL,0,Critico,0.725148820285884,34.090909090909086,4.112
270600,AL,3,Atencao,0.41927885820624416,62.637362637362635,4.078571428571428
270610,AL,0,Critico,0.6965180234075902,26.31578947368421,4.343333333333333
270620,AL,0,Critico,0.6480680379386041,48.0,3.9225
270630,AL,0,Critico,0.733771526130958,34.86590038314176,4.34948717948718
270640,AL,3,Atencao,0.5664585649113782,49.572649572649574,4.083636363636364
270642,AL,3,Atencao,0.6391171111369752,54.54545454545454,4.2316666666666665
270644,AL,3,Atencao,0.6300858661633282,43.01075268817204,4.4799999999999995
270650,AL,3,Atencao,0.6915334460021101,41.30434782608695,4.47
270660,AL,3,Atencao,0.7068434407695757,41.935483870967744,4.253333333333333
270670,AL,0,Critico,0.6482018025671172,44.0,4.402333333333331
270680,AL,0,Critico,0.709457582001233,41.42857142857143,4.276
270690,AL,3,Atencao,0.6648485810523539,38.53211009174312,4.476153846153846
270710,AL,0,Critico,0.808762435541801,26.027397260273972,4.223846153846154
270720,AL,0,Critico,0.6836006419619063,29.268292682926827,3.9920000000000004
270730,AL,0,Critico,0.6913114910297415,42.3728813559322,4.459090909090909
270740,AL,0,Critico,0.781959010240015,31.70731707317073,4.496250000000001
270750,AL,3,Atencao,0.36484716166304776,76.11940298507463,4.171666666666666
270760,AL,3,Atencao,0.4912224404546843,61.64383561643836,3.8160000000000003
270770,AL,0,Critico,0.7065498717172161,37.28155339805825,4.554411764705882
270780,AL,3,Atencao,0.5324579680093247,51.11111111111111,4.5649999999999995
270790,AL,0,Critico,0.73684771951916,38.23529411764706,4.473999999999999
270800,AL,3,Atencao,0.6873781484994811,36.407766990291265,4.193076923076924
270810,AL,2,Consolidado,0.07035020153078661,100.0,4.25
270820,AL,3,Atencao,0.37912988380265583,63.33333333333333,4.127142857142857
270830,AL,2,Consolidado,0.18095318647459926,90.76923076923077,4.339
270840,AL,3,Atencao,0.5879711807112076,52.601156069364166,4.0556
270850,AL,3,Atencao,0.6177147629534964,44.50867052023121,4.256666666666667
270860,AL,3,Atencao,0.5600482607639335,52.46636771300448,4.506666666666667
270870,AL,3,Atencao,0.6479482306121592,42.3728813559322,4.66
270880,AL,0,Critico,0.6845221864682624,34.751773049645394,4.217619047619047
270890,AL,3,Atencao,0.6019862226220449,52.293577981651374,4.646666666666667
270895,AL,3,Atencao,0.5359616921601928,59.70149253731343,3.87125
270900,AL,3,Atencao,0.5937746280550574,50.0,4.307499999999999
270910,AL,0,Critico,0.6712062878952997,41.17647058823529,4.261111111111111
270915,AL,3,Atencao,0.5424467816369084,54.19354838709678,4.558421052631579
270920,AL,0,Critico,0.6980732183759688,39.705882352941174,3.934285714285714
270930,AL,2,Consolidado,0.1157789547596036,90.84745762711864,4.292000000000001
270940,AL,3,Atencao,0.6419574698598466,50.0,4.024666666666666
280020,SE,0,Critico,0.8361856554559802,25.64102564102564,4.145
280030,SE,0,Critico,0.7054287398590384,35.320512820512825,4.738119658119657
280040,SE,0,Critico,0.7803038289683109,36.36363636363637,4.290000000000001
280050,SE,0,Critico,0.7325807458216622,37.3134328358209,4.487500000000001
280060,SE,0,Critico,0.7810081440006624,28.799999999999997,4.726666666666667
280067,SE,0,Critico,0.7529402058206517,30.37974683544304,4.492727272727272
280070,SE,0,Critico,0.7511340636118626,34.69387755102041,4.195
280100,SE,0,Critico,0.7338094010209636,26.53061224489796,4.446000000000001
280120,SE,0,Critico,0.8071115579293943,27.67295597484277,4.309444444444446
280130,SE,0,Critico,0.7325248386166481,33.587786259541986,4.323999999999999
280140,SE,0,Critico,0.7406285048523422,37.03703703703704,4.308888888888888
280150,SE,0,Critico,0.8400198501576682,20.3125,4.571428571428571
280170,SE,0,Critico,0.7823989150696209,32.467532467532465,4.2153846153846155
280200,SE,0,Critico,0.7519569690154417,20.0,4.4925
280210,SE,0,Critico,0.7408164168355087,26.94063926940639,4.448333333333333
280220,SE,0,Critico,0.78597437222007,34.61538461538461,4.380000000000001
280230,SE,0,Critico,0.7783480433153089,28.26086956521739,4.472857142857142
280240,SE,0,Critico,0.7903504700777488,24.324324324324326,4.116666666666667
280270,SE,0,Critico,0.8289231811266453,31.11111111111111,4.298333333333333
280280,SE,0,Critico,0.7096442928964205,25.263157894736842,4.034545454545454
280290,SE,0,Critico,0.7265964980124876,37.16216216216216,4.570571428571427
280300,SE,3,Atencao,0.5027670852370381,55.49132947976878,4.01
280320,SE,0,Critico,0.751340575864929,34.55882352941176,4.359629629629631
280330,SE,3,Atencao,0.588980990568937,58.9041095890411,4.432
280340,SE,0,Critico,0.7595813369405255,29.03225806451613,4.247999999999999
280350,SE,0,Critico,0.664314414587695,42.00626959247649,4.507826086956522
280360,SE,0,Critico,0.8001160781256416,25.31645569620253,4.452307692307693
280370,SE,0,Critico,0.7164672242819753,33.33333333333333,4.265000000000001
280380,SE,0,Critico,0.7009846123192119,39.285714285714285,4.516666666666667
280390,SE,0,Critico,0.7375590552842484,38.095238095238095,4.482857142857143
280400,SE,0,Critico,0.8047909254679126,21.818181818181817,4.441111111111111
280410,SE,3,Atencao,0.5701804005157524,50.0,4.5360000000000005
280420,SE,0,Critico,0.7498840155995194,19.672131147540984,4.298571428571429
280440,SE,0,Critico,0.7735068497291397,30.681818181818183,4.3081249999999995
280450,SE,0,Critico,0.7239859313181563,39.77272727272727,4.510000000000001
280460,SE,0,Critico,0.7576933642000839,30.58823529411765,4.3963636363636365
280470,SE,0,Critico,0.6550104686282192,62.96296296296296,4.382
280480,SE,0,Critico,0.8040965483591541,28.590078328981722,4.647454545454544
280490,SE,0,Critico,0.8082747155276948,18.181818181818183,3.9015384615384616
280510,SE,0,Critico,0.8680504027969621,8.0,4.4399999999999995
280520,SE,0,Critico,0.7489086713575394,30.0,4.390000000000001
280530,SE,0,Critico,0.7488727849539891,38.70967741935484,4.493333333333333
280540,SE,0,Critico,0.835545570071842,27.027027027027028,4.168235294117648
280550,SE,0,Critico,0.7015410444484805,28.57142857142857,4.25
280560,SE,0,Critico,0.8130214622297443,16.3265306122449,4.209090909090908
280570,SE,0,Critico,0.733381391320624,29.268292682926827,4.443846153846154
280580,SE,0,Critico,0.7058916923584688,43.47826086956522,4.138124999999999
280590,SE,0,Critico,0.8046732717297447,25.0,4.4075
280600,SE,0,Critico,0.6741209780549454,34.146341463414636,4.545000000000001
280610,SE,0,Critico,0.7019129802893591,40.54054054054054,4.68
280620,SE,0,Critico,0.6842330170477495,38.46153846153847,4.321666666666666
280630,SE,0,Critico,0.8116173668056668,36.36363636363637,4.198333333333332
280640,SE,0,Critico,0.8025510486630738,27.500000000000004,4.32
280660,SE,0,Critico,0.6996248172610341,26.190476190476193,4.550000000000001
280670,SE,3,Atencao,0.5332836175828657,57.94701986754966,4.5779411764705875
280680,SE,0,Critico,0.7718060843002114,37.93103448275862,4.34
280710,SE,0,Critico,0.7118966896581715,37.24137931034483,4.362592592592593
280720,SE,0,Critico,0.5930932675744551,34.48275862068966,4.322
280740,SE,3,Atencao,0.6354318105611609,48.38709677419355,4.298260869565218
280750,SE,3,Atencao,0.6522619582188457,42.857142857142854,4.127142857142857
280760,SE,0,Critico,0.762940867581686,38.80597014925373,4.340714285714286
290010,BA,0,Critico,0.7022063069748822,42.857142857142854,4.484
290020,BA,0,Critico,0.8156916910249241,22.535211267605636,4.102307692307693
290030,BA,0,Critico,0.7118312345489853,40.0,4.076666666666667
290035,BA,3,Atencao,0.6400906542099033,34.146341463414636,4.04375
290040,BA,0,Critico,0.7948689097560611,25.925925925925924,4.203749999999999
290060,BA,0,Critico,0.7797255506545878,40.0,4.445
290070,BA,0,Critico,0.7282411943615493,35.38461538461539,4.497222222222222
290080,BA,0,Critico,0.7052801541709569,36.44859813084112,4.544615384615384
290090,BA,0,Critico,0.7663462733191823,26.923076923076923,4.21
290100,BA,3,Atencao,0.5793069646380895,59.22330097087378,4.313076923076923
290110,BA,0,Critico,0.6754718426975513,53.57142857142857,4.33
290115,BA,0,Critico,0.7181108485811987,37.234042553191486,4.399166666666666
290120,BA,0,Critico,0.7315586440667,30.612244897959183,4.433333333333334
290130,BA,0,Critico,0.6261216996184786,40.816326530612244,4.332222222222222
290135,BA,0,Critico,0.7727509079672463,38.46153846153847,4.20625
290140,BA,0,Critico,0.727950840696166,28.26086956521739,4.59625
290150,BA,3,Atencao,0.6345136540782745,47.22222222222222,4.406
290160,BA,0,Critico,0.7317499503539013,36.36363636363637,4.234285714285714
290170,BA,0,Critico,0.7731777136018213,33.33333333333333,4.232500000000001
290180,BA,0,Critico,0.7597511783766049,21.428571428571427,4.37375
290190,BA,0,Critico,0.8472735111390813,17.17171717171717,3.9890000000000003
290195,BA,0,Critico,0.7024116579775007,37.93103448275862,4.510000000000001
290200,BA,0,Critico,0.7214830625904636,44.11764705882353,4.495454545454545
290205,BA,0,Critico,0.7102914325653166,39.130434782608695,4.3375
290210,BA,0,Critico,0.821670901283621,21.428571428571427,4.153333333333334
290220,BA,0,Critico,0.833219422620815,21.428571428571427,4.4079999999999995
290225,BA,0,Critico,0.849034892622867,6.896551724137931,4.2425
290230,BA,3,Atencao,0.5600341919263075,45.714285714285715,4.282857142857143
290240,BA,0,Critico,0.7022384274457633,54.761904761904766,4.3566666666666665
290250,BA,0,Critico,0.7030425308741616,26.865671641791046,4.586153846153847
290260,BA,0,Critico,0.717276193252923,36.58536585365854,4.248181818181818
290265,BA,0,Critico,0.7674137257219411,35.294117647058826,4.221666666666668
290270,BA,0,Critico,0.783085754783208,26.633165829145728,4.221590909090909
290280,BA,3,Atencao,0.6171103358840245,44.66019417475729,4.5627272727272725
290290,BA,0,Critico,0.7453595002407079,31.343283582089555,4.382777777777776
290300,BA,0,Critico,0.7118388872179311,36.11111111111111,4.199999999999999
290320,BA,0,Critico,0.7106252439797709,40.57971014492754,4.727358490566038
290323,BA,0,Critico,0.7895337591782094,26.08695652173913,4.2975
290327,BA,0,Critico,0.639442659843243,39.53488372093023,4.498181818181818
290330,BA,0,Critico,0.7327647491624147,30.303030303030305,4.345
290340,BA,0,Critico,0.7359449415770356,35.44303797468354,4.423333333333333
290350,BA,0,Critico,0.6690112039289594,42.10526315789473,4.481
290360,BA,0,Critico,0.7913029198756879,16.666666666666664,4.072727272727272
290370,BA,3,Atencao,0.6364927653710094,51.66666666666667,4.512727272727273
290380,BA,0,Critico,0.7602720108618445,29.310344827586203,4.106666666666667
290390,BA,0,Critico,0.7388011207120384,35.973597359735976,4.3163888888888895
290395,BA,0,Critico,0.7311219579104237,29.411764705882355,4.3244444444444445
290400,BA,3,Atencao,0.6283833861227274,43.13725490196079,4.5633333333333335
290405,BA,0,Critico,0.6955053527737818,41.66666666666667,4.364999999999999
290410,BA,0,Critico,0.7253269600355744,41.269841269841265,4.235714285714286
290420,BA,3,Atencao,0.5270564529382946,58.06451612903226,4.498
290430,BA,0,Critico,0.581504070236433,53.44827586206896,4.424285714285714
290440,BA,0,Critico,0.6692529377160265,48.484848484848484,4.527142857142858
290460,BA,0,Critico,0.6013120668385477,53.66795366795367,4.652692307692309
290470,BA,0,Critico,0.7917072736636029,26.666666666666668,4.306000000000001
290480,BA,3,Atencao,0.5754595308374539,44.0,4.553333333333334
290490,BA,0,Critico,0.7714998191824378,27.0,4.318823529411764
290500,BA,0,Critico,0.5875250565507111,47.05882352941176,4.731428571428572
290520,BA,0,Critico,0.6487447906234086,40.44943820224719,4.511935483870969
290530,BA,0,Critico,0.7992065582358179,21.73913043478261,4.361111111111112
290540,BA,0,Critico,0.73200269945281,37.755102040816325,4.308333333333334
290550,BA,0,Critico,0.8138255789928336,32.075471698113205,4.301
290560,BA,0,Critico,0.7557044360403593,28.235294117647058,4.4
290570,BA,0,Critico,0.7298468685162128,36.788990825688074,4.669750000000002
290580,BA,0,Critico,0.7926954197310284,24.0,4.281363636363636
290590,BA,0,Critico,0.7520003149991275,33.82352941176471,4.316249999999998
290600,BA,0,Critico,0.7087612766638886,39.83402489626556,4.345882352941177
290610,BA,0,Critico,0.7581661713143457,31.428571428571427,4.245555555555556
290620,BA,0,Critico,0.759244725452773,33.9622641509434,4.355384615384615
290630,BA,0,Critico,0.7767931798512199,32.773109243697476,4.43
290650,BA,0,Critico,0.7319982572926688,31.555555555555554,4.540857142857144
290660,BA,0,Critico,0.6302252013502032,51.06382978723404,4.694285714285715
290670,BA,0,Critico,0.716220830364656,27.631578947368425,4.548333333333332
290680,BA,0,Critico,0.7959714011550544,31.03448275862069,4.271000000000001
290682,BA,0,Critico,0.8035882637492243,14.545454545454545,4.2942857142857145
290685,BA,0,Critico,0.6788822642927651,51.724137931034484,4.403333333333334
290687,BA,0,Critico,0.7810752141712655,23.958333333333336,4.514615384615385
290689,BA,3,Atencao,0.6575974902870341,44.11764705882353,4.33
290690,BA,0,Critico,0.635978405615714,41.57303370786517,4.4174999999999995
290700,BA,0,Critico,0.762803189423825,30.434782608695656,4.437142857142857
290710,BA,0,Critico,0.7636841241918518,27.049180327868854,4.317222222222222
290720,BA,0,Critico,0.8530643325063245,18.385650224215247,4.299310344827586
290730,BA,0,Critico,0.7051280494279186,37.634408602150536,4.373846153846155
290750,BA,0,Critico,0.6679038361126631,35.51401869158878,4.624999999999998
290755,BA,3,Atencao,0.593024005265339,65.38461538461539,4.478
290760,BA,0,Critico,0.7736083560787971,21.62162162162162,4.211
290770,BA,3,Atencao,0.7276414976265101,37.5,4.228750000000001
290780,BA,0,Critico,0.7386258760049423,25.423728813559322,4.257499999999999
290790,BA,0,Critico,0.7753331300701489,28.915662650602407,4.198181818181818
290800,BA,0,Critico,0.7053828093542429,36.36363636363637,4.402727272727272
290810,BA,3,Atencao,0.5823179004660326,46.57534246575342,4.4
290820,BA,0,Critico,0.766782201594136,28.35820895522388,4.484545454545454
290840,BA,0,Critico,0.7660707185116894,26.737967914438503,4.515937500000001
290850,BA,0,Critico,0.7245653941579752,36.734693877551024,4.4175
290860,BA,0,Critico,0.7246270614112683,36.76470588235294,4.054666666666668
290890,BA,0,Critico,0.8096169113746751,26.865671641791046,4.266363636363637
290900,BA,3,Atencao,0.4839412498984089,72.72727272727273,4.625
290910,BA,3,Atencao,0.6820491396013311,50.847457627118644,4.447142857142857
290920,BA,0,Critico,0.7531731947696528,38.70967741935484,4.329999999999999
290930,BA,0,Critico,0.7434637806062601,32.72727272727273,4.469047619047619
290940,BA,0,Critico,0.6635712496739338,46.808510638297875,4.366923076923078
290960,BA,0,Critico,0.6187125227638083,47.540983606557376,4.216666666666667
290970,BA,0,Critico,0.6438861752365227,47.91666666666667,4.54125
290980,BA,0,Critico,0.7359264066838012,36.76470588235294,4.495555555555557
290990,BA,0,Critico,0.791179881458896,24.418604651162788,4.271818181818183
291000,BA,0,Critico,0.6864624494107553,42.5531914893617,4.377142857142857
291005,BA,0,Critico,0.7417484352350725,30.472103004291846,4.554736842105264
291010,BA,0,Critico,0.6342336310269628,44.642857142857146,4.442500000000001
291030,BA,0,Critico,0.7298487174905781,28.57142857142857,4.39
291040,BA,0,Critico,0.6783781077789122,39.0625,4.35
291060,BA,0,Critico,0.8231490850182693,20.28985507246377,4.34923076923077
291070,BA,0,Critico,0.7530797393984404,32.065217391304344,4.379999999999999
291072,BA,0,Critico,0.7237058056487887,37.15846994535519,4.646176470588235
291075,BA,3,Atencao,0.6370155933764031,52.77777777777778,4.148
291077,BA,3,Atencao,0.5717978435833083,68.0,4.438
291080,BA,0,Critico,0.749631084042047,32.996632996633,4.561403508771931
291085,BA,0,Critico,0.7802756701372044,22.22222222222222,4.364615384615385
291100,BA,0,Critico,0.7708178687356182,20.689655172413794,4.459999999999999
291110,BA,0,Critico,0.8074136300431934,25.0,4.336428571428572
291120,BA,0,Critico,0.6873297374327412,33.72093023255814,4.3500000000000005
291130,BA,3,Atencao,0.5933662165349025,54.166666666666664,4.593333333333334
291140,BA,0,Critico,0.7933477067234143,23.076923076923077,4.259090909090908
291150,BA,0,Critico,0.6711227990388403,33.33333333333333,4.443333333333333
291160,BA,0,Critico,0.7507949835205979,33.33333333333333,4.503076923076923
291165,BA,0,Critico,0.7398406182454411,32.25806451612903,4.638
291170,BA,0,Critico,0.6122332162128148,47.63406940063091,4.661851851851852
291180,BA,0,Critico,0.8196700727064314,15.789473684210526,4.499999999999999
291185,BA,0,Critico,0.7430304337171003,43.47826086956522,4.1525
291190,BA,0,Critico,0.8070872890257254,25.0,4.200666666666665
291200,BA,3,Atencao,0.4419526946187492,54.54545454545454,4.776
291220,BA,0,Critico,0.7667407805796893,28.57142857142857,4.531000000000001
291230,BA,3,Atencao,0.5336637623504782,60.526315789473685,4.32625
291240,BA,0,Critico,0.7340530702168396,33.89830508474576,4.52
291250,BA,0,Critico,0.6262896977173303,34.78260869565217,4.523636363636364
291270,BA,0,Critico,0.7917571543450785,22.82608695652174,4.386153846153847
291280,BA,3,Atencao,0.5755533375065851,56.09756097560976,4.581666666666667
291290,BA,0,Critico,0.7293509229184175,36.0,4.431818181818182
291300,BA,3,Atencao,0.6105837685677791,50.0,4.491111111111112
291310,BA,0,Critico,0.7858394740952014,26.82926829268293,4.52
291320,BA,0,Critico,0.6940571218178104,37.903225806451616,4.510666666666666
291340,BA,3,Atencao,0.5830177687977364,48.214285714285715,4.493
291345,BA,0,Critico,0.7146275858274652,30.434782608695656,4.2749999999999995
291350,BA,0,Critico,0.643968122784106,37.735849056603776,4.415555555555556
291360,BA,0,Critico,0.7743781688079205,29.883138564273793,4.4512068965517235
291370,BA,0,Critico,0.7746430497338701,27.722772277227726,4.296499999999999
291380,BA,0,Critico,0.6833801490064895,42.857142857142854,4.26
291390,BA,0,Critico,0.7687499238999442,24.81203007518797,4.473571428571429
291400,BA,0,Critico,0.753401954339036,32.972972972972975,4.188857142857142
291410,BA,3,Atencao,0.4484591165270585,61.53846153846154,4.676
291420,BA,3,Atencao,0.5849158527969023,40.0,4.508
291440,BA,0,Critico,0.6647183979258899,40.42553191489361,4.3076923076923075
291460,BA,0,Critico,0.6417860648668529,44.15094339622642,4.5147619047619045
291465,BA,0,Critico,0.7811524874070992,29.71014492753623,4.532
291470,BA,0,Critico,0.6669012322478428,40.51282051282051,4.426538461538461
291480,BA,0,Critico,0.7644285463231372,28.82096069868996,4.44673469387755
291490,BA,0,Critico,0.7571152871441961,31.63265306122449,4.404444444444444
291500,BA,0,Critico,0.6508666711734593,47.5,4.362727272727272
291510,BA,0,Critico,0.7751975235905934,31.818181818181817,4.055000000000001
291520,BA,0,Critico,0.6838134850180569,39.743589743589745,4.445
291530,BA,0,Critico,0.7683908416758057,24.242424242424242,4.383333333333334
291535,BA,0,Critico,0.7780179268382328,24.489795918367346,4.225384615384615
291540,BA,0,Critico,0.8457467928103056,18.51851851851852,4.473333333333334
291550,BA,0,Critico,0.7450937649160364,38.46153846153847,4.386
291560,BA,0,Critico,0.6697626564145204,42.96875,4.2778125
291570,BA,3,Atencao,0.6661068198320305,36.0,4.2225
291580,BA,0,Critico,0.802646345002721,24.175824175824175,4.4786666666666655
291610,BA,0,Critico,0.7324361927531992,43.75,4.477499999999999
291620,BA,0,Critico,0.7507722247871161,31.818181818181817,4.422499999999999
291630,BA,0,Critico,0.8072495790938194,24.0,4.506666666666667
291640,BA,0,Critico,0.718811495565983,43.04932735426009,4.653333333333332
291650,BA,0,Critico,0.6562422011616657,44.96124031007752,4.171333333333333
291660,BA,0,Critico,0.7549563196148535,31.818181818181817,4.430000000000001
291670,BA,0,Critico,0.7292498042148473,34.375,4.27
291680,BA,0,Critico,0.6791161788322676,38.983050847457626,4.452500000000001
291685,BA,3,Atencao,0.5554355395577452,46.05263157894737,4.306666666666667
291690,BA,0,Critico,0.7453841922480098,30.434782608695656,4.45
291700,BA,0,Critico,0.80350652137998,22.429906542056074,4.227407407407408
291710,BA,0,Critico,0.674247710019384,49.01960784313725,4.418181818181818
291720,BA,3,Atencao,0.5810951883140804,45.88235294117647,4.5218181818181815
291730,BA,0,Critico,0.6942716414629433,28.07017543859649,4.48
291733,BA,0,Critico,0.7105113346795633,34.375,4.258
291735,BA,0,Critico,0.6534175515359223,38.63636363636363,4.488
291740,BA,1,Intermediario,0.4853310200879968,67.56756756756756,4.601249999999999
291750,BA,0,Critico,0.7709589177650337,30.522088353413658,4.480434782608695
291760,BA,3,Atencao,0.5833318565672233,52.67857142857143,4.247000000000001
291770,BA,0,Critico,0.7248371517041616,39.04761904761905,4.436153846153847
291780,BA,0,Critico,0.7295519402079469,35.08771929824561,4.336875
291790,BA,0,Critico,0.6555356253425514,45.45454545454545,4.098571428571428
291800,BA,0,Critico,0.7030063732863425,38.93557422969188,4.5058139534883725
291810,BA,0,Critico,0.776156273220506,31.25,4.263478260869567
291830,BA,0,Critico,0.7282336463176061,34.090909090909086,4.197000000000001
291835,BA,0,Critico,0.6411275881555634,44.554455445544555,4.203846153846154
291840,BA,0,Critico,0.7694221868450195,29.526462395543174,4.497471264367817
291850,BA,0,Critico,0.7576080098128455,44.0,4.271111111111111
291855,BA,0,Critico,0.7411703169045857,25.0,4.386666666666667
291880,BA,0,Critico,0.624131102078121,45.09803921568628,4.385999999999999
291910,BA,0,Critico,0.8365646958284539,20.0,4.164285714285715
291915,BA,0,Critico,0.802041589259911,30.075187969924812,4.451333333333333
291920,BA,0,Critico,0.774213834213025,31.2280701754386,4.578983050847457
291930,BA,0,Critico,0.7203408796535969,46.666666666666664,4.52
291940,BA,2,Consolidado,0.36594362980223477,75.75757575757575,4.5275
291950,BA,0,Critico,0.7034202021358528,38.75,4.568999999999999
291955,BA,0,Critico,0.7429731839449925,28.622540250447226,4.895666666666667
291960,BA,0,Critico,0.8107537749925117,23.52941176470588,3.8840000000000003
291970,BA,3,Atencao,0.6232933002172809,50.68493150684932,4.497142857142857
291980,BA,0,Critico,0.7095607991619263,32.29166666666667,4.339285714285715
291992,BA,0,Critico,0.7475713973693064,27.27272727272727,4.583333333333333
291995,BA,3,Atencao,0.5192327589652816,50.0,4.545
292000,BA,0,Critico,0.7534941530421226,23.076923076923077,4.4425
292010,BA,0,Critico,0.7221590153760752,42.30769230769231,4.141666666666666
292020,BA,0,Critico,0.7635041705413291,23.943661971830984,4.271666666666667
292030,BA,3,Atencao,0.36452106213892527,72.72727272727273,4.1850000000000005
292040,BA,0,Critico,0.6807749522644865,29.166666666666668,4.455555555555555
292045,BA,0,Critico,0.7455479548991067,44.827586206896555,4.374545454545454
292050,BA,3,Atencao,0.5935050269165448,48.57142857142857,4.570909090909091
292060,BA,0,Critico,0.5841273825233639,40.845070422535215,4.108571428571427
292080,BA,0,Critico,0.8399002028616438,12.903225806451612,4.458749999999998
292090,BA,0,Critico,0.8034392304262128,10.909090909090908,4.27
292100,BA,3,Atencao,0.5409212789548602,53.13807531380753,4.595714285714287
292105,BA,0,Critico,0.6509035162392461,44.89795918367347,4.303333333333333
292110,BA,3,Atencao,0.5943246523139837,49.557522123893804,4.514375
292120,BA,0,Critico,0.6659328871753297,34.78260869565217,4.208461538461538
292130,BA,0,Critico,0.7070872792416347,37.83783783783784,4.382000000000001
292140,BA,0,Critico,0.7589107308345918,38.095238095238095,4.4023076923076925
292145,BA,3,Atencao,0.6001926908261994,55.172413793103445,4.508
292150,BA,0,Critico,0.7739836913289263,25.0,4.206206896551725
292160,BA,0,Critico,0.7551552372926428,26.82926829268293,4.1325
292170,BA,0,Critico,0.751457826634966,31.818181818181817,4.291363636363637
292180,BA,3,Atencao,0.4294628476248891,72.09302325581395,4.457777777777778
292190,BA,0,Critico,0.673074724300287,45.714285714285715,4.418888888888889
292200,BA,0,Critico,0.6148603452394013,49.63503649635037,4.579999999999999
292205,BA,0,Critico,0.7994521562593568,35.8974358974359,4.40625
292210,BA,0,Critico,0.7690050728721839,24.444444444444443,4.346153846153846
292220,BA,3,Atencao,0.6439783685061131,57.14285714285714,4.324
292225,BA,0,Critico,0.7933349017393643,27.77777777777778,4.260909090909091
292230,BA,0,Critico,0.6978605512438179,35.2112676056338,4.375000000000001
292240,BA,3,Atencao,0.5629156389321551,50.90909090909091,4.548571428571429
292260,BA,0,Critico,0.6513314527465234,51.42857142857142,4.2524999999999995
292265,BA,0,Critico,0.7762798515051574,25.0,4.182857142857143
292270,BA,0,Critico,0.748654458035223,24.489795918367346,4.402222222222222
292273,BA,0,Critico,0.6769587312391029,48.0,4.325
292275,BA,0,Critico,0.585251906069513,50.0,4.163333333333333
292280,BA,0,Critico,0.7278647767005226,30.76923076923077,4.244
292285,BA,0,Critico,0.7565106086402752,15.0,4.315
292290,BA,0,Critico,0.7865530493859619,30.0,4.162
292300,BA,3,Atencao,0.6092191211115294,49.275362318840585,4.556111111111111
292303,BA,3,Atencao,0.41609059431849854,50.0,4.723333333333333
292305,BA,0,Critico,0.7668873869919798,26.31578947368421,4.373333333333333
292310,BA,0,Critico,0.7861680053425463,31.818181818181817,4.173333333333334
292320,BA,0,Critico,0.7018102620412182,37.07865168539326,4.353846153846154
292330,BA,0,Critico,0.6496168436529057,40.0,4.1225
292335,BA,0,Critico,0.7877933031453103,25.925925925925924,4.395555555555556
292340,BA,0,Critico,0.6780223744943245,39.285714285714285,4.388888888888888
292350,BA,3,Atencao,0.6592738133555679,54.285714285714285,4.632000000000001
292360,BA,3,Atencao,0.6130470068812319,52.17391304347826,4.655
292370,BA,0,Critico,0.8175158373830798,22.429906542056074,4.348000000000001
292380,BA,3,Atencao,0.6432006949299942,51.80722891566265,4.248749999999999
292390,BA,0,Critico,0.7416950796537403,32.69230769230769,4.35
292400,BA,0,Critico,0.7853815088858634,28.967254408060455,4.532727272727273
292420,BA,0,Critico,0.8104285701585289,16.666666666666664,3.9755555555555557
292430,BA,0,Critico,0.6448313246475142,45.26315789473684,4.553076923076923
292440,BA,0,Critico,0.8093702078016326,16.312056737588655,3.8923999999999994
292450,BA,3,Atencao,0.5079668611961364,51.85185185185185,4.494
292460,BA,0,Critico,0.7207274925591034,40.476190476190474,4.503636363636363
292465,BA,3,Atencao,0.5612786738334641,32.0,4.5175
292470,BA,3,Atencao,0.5032316782222482,51.85185185185185,4.659999999999999
292480,BA,0,Critico,0.652084644018085,31.57894736842105,4.246363636363637
292490,BA,3,Atencao,0.6018680180522042,42.30769230769231,4.3100000000000005
292500,BA,0,Critico,0.744879443111581,21.052631578947366,4.511818181818182
292510,BA,0,Critico,0.6562181939007814,45.98930481283423,4.503666666666667
292520,BA,3,Atencao,0.5183306859225957,51.96850393700787,4.522666666666666
292525,BA,0,Critico,0.7641764160730093,28.04878048780488,4.415454545454545
292530,BA,0,Critico,0.6219115411753228,44.707207207207205,4.631153846153845
292540,BA,0,Critico,0.7779764813327964,30.76923076923077,4.4590000000000005
292550,BA,0,Critico,0.7045043017569468,40.0,4.333043478260869
292560,BA,0,Critico,0.8390477137372928,30.76923076923077,4.571818181818181
292570,BA,0,Critico,0.7652932861907759,32.142857142857146,4.361666666666666
292580,BA,0,Critico,0.7734386008425946,27.160493827160494,4.333846153846154
292590,BA,0,Critico,0.7131724436464587,35.41666666666667,4.166363636363637
292593,BA,0,Critico,0.5681825564599359,64.28571428571429,4.512499999999999
292595,BA,0,Critico,0.6679999187756158,38.75,4.22
292600,BA,0,Critico,0.7670443417148982,28.26086956521739,4.26
292610,BA,0,Critico,0.8286689896141651,22.916666666666664,4.478571428571429
292630,BA,0,Critico,0.7111857420068886,36.84210526315789,4.327058823529412
292640,BA,3,Atencao,0.597008291416317,49.494949494949495,4.381333333333334
292650,BA,0,Critico,0.7589787071504832,36.92307692307693,4.106363636363636
292660,BA,0,Critico,0.7014633755167184,33.50515463917525,4.353928571428572
292665,BA,0,Critico,0.5885848409813778,37.03703703703704,4.445714285714286
292670,BA,3,Atencao,0.5497508742678102,53.333333333333336,4.77375
292680,BA,3,Atencao,0.5311524838079983,47.5,4.614285714285714
292700,BA,0,Critico,0.695051653982081,38.582677165354326,4.078095238095239
292710,BA,0,Critico,0.779578946675917,16.9811320754717,4.550000000000001
292720,BA,0,Critico,0.7363337019040552,33.33333333333333,4.182666666666667
292730,BA,0,Critico,0.6210533722402285,53.0,4.531538461538462
292740,BA,0,Critico,0.6955478485052567,39.02390438247012,4.520567226890756
292750,BA,0,Critico,0.7854948529291368,33.33333333333333,4.2254545454545465
292760,BA,0,Critico,0.7805114029045407,24.561403508771928,4.234285714285714
292770,BA,0,Critico,0.6893315075568641,36.41618497109826,4.616470588235295
292780,BA,0,Critico,0.6879981667390126,16.666666666666664,4.413333333333333
292790,BA,3,Atencao,0.6088468760987147,45.45454545454545,4.526666666666666
292800,BA,0,Critico,0.7935717424972982,25.806451612903224,4.362666666666667
292805,BA,0,Critico,0.7616020966693124,29.411764705882355,4.172
292810,BA,0,Critico,0.7729688244134416,28.8135593220339,4.282000000000001
292820,BA,0,Critico,0.7357876850789902,32.967032967032964,4.302941176470589
292840,BA,0,Critico,0.6779245382874459,39.130434782608695,4.3015384615384615
292850,BA,0,Critico,0.7869624655411984,44.827586206896555,4.358333333333334
292860,BA,0,Critico,0.6822619002412251,46.24277456647399,4.402424242424243
292870,BA,0,Critico,0.7081530753351899,38.095238095238095,4.531290322580645
292880,BA,0,Critico,0.7558468994902545,36.04060913705584,4.527200000000001
292890,BA,3,Atencao,0.5966522369296886,47.59036144578313,4.473000000000001
292895,BA,0,Critico,0.6707972781641495,45.0,4.5840000000000005
292900,BA,0,Critico,0.7558666438918614,37.142857142857146,4.239999999999999
292905,BA,3,Atencao,0.6403548309196612,48.19277108433735,4.427777777777778
292910,BA,0,Critico,0.6403994956036995,38.70967741935484,4.1535714285714285
292920,BA,0,Critico,0.7815061934171247,26.47058823529412,4.582173913043478
292925,BA,0,Critico,0.7406480972233114,35.294117647058826,4.235
292930,BA,0,Critico,0.7497789487359953,33.70786516853933,4.364666666666666
292935,BA,0,Critico,0.7812175274086278,26.666666666666668,4.26
292937,BA,0,Critico,0.7905013303730237,19.35483870967742,4.385999999999999
292940,BA,0,Critico,0.7524333225575943,80.0,4.373333333333334
292950,BA,0,Critico,0.6151102790785661,52.57731958762887,4.492500000000001
292960,BA,3,Atencao,0.47162220364273627,62.5,4.241999999999999
292970,BA,0,Critico,0.8110422166599088,27.586206896551722,4.247777777777777
292975,BA,0,Critico,0.5932182567948427,53.84615384615385,4.361111111111111
292980,BA,0,Critico,0.8429771227804975,5.714285714285714,4.384444444444445
292990,BA,0,Critico,0.6672140748249838,37.857142857142854,4.505599999999999
293000,BA,3,Atencao,0.5676054075407247,46.42857142857143,4.574285714285715
293010,BA,0,Critico,0.8247085176663101,23.214285714285715,4.4237931034482765
293015,BA,0,Critico,0.7623146839470253,28.57142857142857,4.4796
293020,BA,0,Critico,0.8023900133477782,21.29032258064516,4.376153846153846
293030,BA,0,Critico,0.757448120271763,28.57142857142857,4.3475
293040,BA,0,Critico,0.7358823368801449,32.25806451612903,4.227500000000001
293050,BA,0,Critico,0.8213918791159774,25.252525252525253,4.341304347826086
293060,BA,0,Critico,0.7685933617470895,27.27272727272727,4.387142857142857
293070,BA,0,Critico,0.6589655724166296,40.35087719298245,4.523559322033899
293076,BA,0,Critico,0.6479709315705502,34.61538461538461,4.188000000000001
293077,BA,0,Critico,0.7606205915602549,26.61290322580645,4.555
293080,BA,0,Critico,0.7731318452962408,22.22222222222222,4.2772727272727264
293090,BA,0,Critico,0.6893331320270464,42.10526315789473,4.25875
293100,BA,3,Atencao,0.5585679218931437,55.932203389830505,4.487692307692307
293105,BA,3,Atencao,0.4524009271985975,64.70588235294117,4.5600000000000005
293110,BA,0,Critico,0.7989675795326493,18.75,4.42
293120,BA,3,Atencao,0.6536625920189787,48.07692307692308,4.24
293130,BA,0,Critico,0.7152769829210364,42.0,4.056666666666667
293135,BA,0,Critico,0.6399456152588526,45.542635658914726,4.676153846153846
293140,BA,0,Critico,0.7298615909666152,21.73913043478261,4.406
293150,BA,0,Critico,0.7773150714577162,26.582278481012654,4.287857142857144
293160,BA,0,Critico,0.624427796257798,47.27272727272727,4.294444444444445
293170,BA,0,Critico,0.7913187403811557,24.137931034482758,4.355
293180,BA,3,Atencao,0.6215795856064307,55.88235294117647,4.327777777777778
293190,BA,0,Critico,0.7429299894945208,30.630630630630627,4.395714285714286
293200,BA,0,Critico,0.64913158625297,39.24050632911392,4.416666666666666
293210,BA,3,Atencao,0.674868314186818,57.99999999999999,4.329999999999999
293220,BA,0,Critico,0.7671010468294908,35.13513513513514,4.3925
293230,BA,0,Critico,0.6997360401999354,45.65217391304348,4.30090909090909
293240,BA,0,Critico,0.7610670525180967,26.666666666666668,4.332222222222223
293245,BA,0,Critico,0.8128562655494319,16.94915254237288,4.458
293250,BA,0,Critico,0.6079401501166297,52.459016393442624,4.407
293260,BA,3,Atencao,0.6024354637266766,52.17391304347826,4.646999999999999
293270,BA,0,Critico,0.7773149568747788,25.64102564102564,4.368571428571429
293280,BA,0,Critico,0.7399572722962879,30.0,4.222222222222222
293290,BA,0,Critico,0.760884417981455,29.646017699115045,4.359047619047619
293300,BA,0,Critico,0.7369789414139021,25.71428571428571,4.455333333333334
293305,BA,0,Critico,0.7772871827004544,17.142857142857142,4.29
293310,BA,3,Atencao,0.6595601181704834,46.15384615384615,4.346
293315,BA,0,Critico,0.8047559153183803,34.54545454545455,4.366666666666666
293317,BA,0,Critico,0.6533251538308825,48.0,4.258
293320,BA,0,Critico,0.6987843270133445,40.243902439024396,4.5464
293325,BA,3,Atencao,0.5207770074768995,65.0,4.6
293330,BA,3,Atencao,0.6341317486780019,46.07113316790736,4.679462365591398
293340,BA,0,Critico,0.610236381962953,44.44444444444444,4.29
293345,BA,3,Atencao,0.5520732544107841,56.92307692307692,4.486666666666666
293350,BA,0,Critico,0.7182135658976833,43.54838709677419,4.206666666666667
293360,BA,0,Critico,0.7550699771788119,32.64248704663213,4.295862068965518
310010,MG,2,Consolidado,0.24472101562047202,81.81818181818183,5.08
310020,MG,1,Intermediario,0.40448929218895185,71.25,5.057142857142858
310030,MG,2,Consolidado,0.25210721653075135,86.95652173913044,4.966666666666667
310080,MG,2,Consolidado,0.11226992192381104,87.5,5.183333333333334
310100,MG,3,Atencao,0.5123369609276497,54.166666666666664,4.67625
310110,MG,1,Intermediario,0.4851729862176738,52.475247524752476,5.01357142857143
310120,MG,2,Consolidado,0.3120891060419034,80.0,5.055
310140,MG,2,Consolidado,0.24569006546047603,80.0,5.205
310150,MG,1,Intermediario,0.4643982227419079,65.0,4.804615384615383
310160,MG,1,Intermediario,0.44696280508919084,65.59139784946237,5.214210526315789
310163,MG,2,Consolidado,0.3191393401015045,83.33333333333334,5.513333333333334
310170,MG,3,Atencao,0.6233839694258307,45.02923976608187,4.585000000000001
310180,MG,1,Intermediario,0.4716242118471542,56.00000000000001,5.05
310190,MG,1,Intermediario,0.47365845725066963,60.86956521739131,5.28
310200,MG,2,Consolidado,0.3350936774918672,79.62962962962963,5.152
310205,MG,2,Consolidado,0.16948706957223506,89.1891891891892,5.013333333333334
310220,MG,2,Consolidado,0.32597020963524265,71.42857142857143,4.640000000000001
310230,MG,2,Consolidado,0.3852022911863507,75.67567567567568,4.865
310240,MG,3,Atencao,0.4880914163678272,50.0,4.3933333333333335
310260,MG,1,Intermediario,0.41696592113521463,71.22302158273382,5.272307692307693
310270,MG,3,Atencao,0.4139090130729945,64.0,4.476666666666667
310285,MG,3,Atencao,0.3648068543326773,69.23076923076923,4.406666666666666
310290,MG,1,Intermediario,0.3604225446989163,63.888888888888886,5.188333333333334
310340,MG,3,Atencao,0.4844853576617756,62.903225806451616,4.515625
310350,MG,1,Intermediario,0.5073545119348777,60.099750623441395,5.140322580645162
310370,MG,2,Consolidado,0.30251201437853015,72.0,4.6466666666666665
310375,MG,1,Intermediario,0.39580450888271484,81.3953488372093,5.125
310390,MG,2,Consolidado,0.2706077644323457,81.81818181818183,5.21
310400,MG,1,Intermediario,0.3668656165867377,74.14187643020595,5.331935483870969
310410,MG,2,Consolidado,0.20616216558095626,85.18518518518519,5.053333333333334
310420,MG,2,Consolidado,0.23154421143601542,84.31372549019608,5.304999999999999
310430,MG,2,Consolidado,0.26794623071043516,77.19298245614034,5.1
310450,MG,3,Atencao,0.6376512396041724,51.388888888888886,4.574
310460,MG,2,Consolidado,0.2386026536329096,88.67924528301887,5.031666666666666
310470,MG,3,Atencao,0.5289879865859567,60.46511627906976,4.492
310480,MG,3,Atencao,0.6035052471700129,52.38095238095239,4.805
310490,MG,2,Consolidado,0.33536080496638654,75.55555555555556,4.921666666666666
310500,MG,2,Consolidado,0.23556680866535332,80.95238095238095,4.832
310510,MG,1,Intermediario,0.3305011217551838,71.05263157894737,5.1450000000000005
310530,MG,2,Consolidado,0.22738600953782567,82.05128205128204,5.295
310540,MG,1,Intermediario,0.47390442590654974,60.0,5.26
310560,MG,1,Intermediario,0.33010855801559846,74.57627118644068,5.24076923076923
310590,MG,2,Consolidado,0.27672180003088825,69.23076923076923,5.24
310600,MG,1,Intermediario,0.39924059908716525,57.14285714285714,5.03
310620,MG,1,Intermediario,0.4333652348945971,66.56543745480839,5.205927835051548
310630,MG,1,Intermediario,0.47626572376829124,64.44444444444444,5.0687500000000005
310640,MG,2,Consolidado,0.09368712224345345,92.3076923076923,4.923333333333334
310665,MG,2,Consolidado,0.3460175507657098,76.19047619047619,4.460000000000001
310670,MG,1,Intermediario,0.4526503159718764,61.07462686567165,5.2175
310690,MG,1,Intermediario,0.496224532905532,47.61904761904761,5.072
310710,MG,1,Intermediario,0.3932296847926777,64.55696202531645,5.062307692307693
310720,MG,3,Atencao,0.4756827857744627,59.09090909090909,5.0600000000000005
310730,MG,1,Intermediario,0.30561149343064337,73.96449704142012,4.67625
310740,MG,1,Intermediario,0.4201705836876688,57.92349726775956,5.221538461538461
310750,MG,1,Intermediario,0.5356304403809612,64.28571428571429,5.105
310760,MG,1,Intermediario,0.40924378772319775,70.83333333333334,4.97
310780,MG,2,Consolidado,0.2921764669458097,83.33333333333334,4.841666666666667
310790,MG,1,Intermediario,0.4695938753610124,53.62318840579711,5.205
310800,MG,2,Consolidado,0.3063246831918729,79.62962962962963,4.7139999999999995
310810,MG,1,Intermediario,0.30100159362191564,83.33333333333334,5.095000000000001
310820,MG,1,Intermediario,0.35205189718782287,60.71428571428571,5.033333333333333
310825,MG,3,Atencao,0.5561079198263311,54.166666666666664,4.26375
310830,MG,1,Intermediario,0.3232494341150595,71.9298245614035,5.264285714285714
310840,MG,2,Consolidado,0.30794830216095076,77.58620689655173,5.064
310855,MG,2,Consolidado,0.3058851817525063,84.04255319148936,4.9
310860,MG,2,Consolidado,0.30972371743144567,82.5,4.481428571428571
310890,MG,1,Intermediario,0.44613597341473343,58.82352941176471,5.128181818181818
310900,MG,1,Intermediario,0.28376343396615883,82.14285714285714,5.434375
310910,MG,1,Intermediario,0.361536720262987,61.29032258064516,5.15
310920,MG,2,Consolidado,0.2566880594562298,76.92307692307693,4.695
310930,MG,3,Atencao,0.5042583173374552,57.57575757575758,4.692500000000001
310940,MG,3,Atencao,0.5845153333604614,40.36697247706422,4.572307692307693
310945,MG,3,Atencao,0.6042470375664899,54.83870967741935,4.912
310950,MG,2,Consolidado,0.27703659282061605,80.0,5.112
310970,MG,1,Intermediario,0.3672753098009212,65.3061224489796,5.168333333333333
310990,MG,1,Intermediario,0.4344040405708457,66.0,5.17
311000,MG,1,Intermediario,0.3521281787874769,74.50980392156863,5.277777777777779
311030,MG,1,Intermediario,0.46398075838540287,68.85245901639344,5.3475
311050,MG,1,Intermediario,0.5292582027863986,53.0,5.177142857142856
311060,MG,1,Intermediario,0.33494701844999963,71.81818181818181,5.2909999999999995
311070,MG,2,Consolidado,0.33374911484150765,78.26086956521739,5.032
311090,MG,3,Atencao,0.5345922907963991,53.57142857142857,5.0075
311100,MG,1,Intermediario,0.3032127233767062,79.51807228915662,5.156666666666666
311110,MG,1,Intermediario,0.32391134680988054,80.43478260869566,5.181250000000001
311120,MG,2,Consolidado,0.29501391831061985,76.19047619047619,5.211666666666666
311130,MG,1,Intermediario,0.3562682387502837,62.5,5.043333333333334
311140,MG,1,Intermediario,0.4320144330406742,63.46153846153846,5.09
311150,MG,1,Intermediario,0.47675581504069836,56.86274509803921,5.23
311160,MG,1,Intermediario,0.3901812523932866,63.888888888888886,4.975
311180,MG,1,Intermediario,0.48607552738168275,61.36363636363637,5.1175
311190,MG,1,Intermediario,0.33949784873469596,70.83333333333334,5.1899999999999995
311200,MG,2,Consolidado,0.1601595477808557,88.09523809523809,5.12
311210,MG,3,Atencao,0.44078955516125795,60.526315789473685,4.8825
311230,MG,2,Consolidado,0.32935740919355655,72.37569060773481,4.693076923076923
311260,MG,1,Intermediario,0.42687236730697964,63.888888888888886,5.202
311270,MG,3,Atencao,0.4575181644316502,60.60606060606061,4.528888888888889
311280,MG,2,Consolidado,0.2557204619792181,88.63636363636364,5.336666666666667
311290,MG,2,Consolidado,0.3792512674807529,90.32258064516128,4.762
311300,MG,3,Atencao,0.4833511215610121,57.14285714285714,4.216666666666667
311320,MG,1,Intermediario,0.26604166519689665,76.5432098765432,5.09375
311330,MG,1,Intermediario,0.5252881775213152,62.5,4.895
311340,MG,1,Intermediario,0.49078464268369065,59.63302752293578,4.876818181818182
311350,MG,2,Consolidado,0.41206127608005205,79.48717948717949,4.903333333333333
311360,MG,2,Consolidado,0.19855097764845725,92.3076923076923,5.29
311370,MG,3,Atencao,0.5257694757702288,62.82051282051282,4.568181818181818
311390,MG,2,Consolidado,0.3168615218199188,69.23076923076923,4.8825
311400,MG,2,Consolidado,0.3212149689319298,69.04761904761905,5.03
311410,MG,2,Consolidado,0.3506590911178736,66.0377358490566,5.038
311420,MG,1,Intermediario,0.38606721703288727,65.85365853658537,5.106666666666667
311430,MG,2,Consolidado,0.2737575365698394,79.41176470588235,5.194444444444445
311440,MG,1,Intermediario,0.44267407063133707,70.49180327868852,5.192857142857143
311450,MG,2,Consolidado,0.27243822903763376,78.57142857142857,5.035714285714286
311455,MG,1,Intermediario,0.49799786294737525,55.00000000000001,5.201666666666666
311480,MG,2,Consolidado,0.2720625818109447,70.0,5.0649999999999995
311510,MG,2,Consolidado,0.31563963286942526,80.95238095238095,5.199999999999999
311530,MG,1,Intermediario,0.5668279095133986,52.121212121212125,4.968095238095238
311535,MG,1,Intermediario,0.3519122092055771,75.0,5.386666666666667
311545,MG,3,Atencao,0.5638461400666847,48.717948717948715,4.5
311550,MG,1,Intermediario,0.35091154542671754,72.15189873417721,5.034285714285715
311570,MG,3,Atencao,0.38968334477163225,48.148148148148145,4.923333333333333
311580,MG,2,Consolidado,0.19027679957056404,96.7741935483871,5.0675
311600,MG,1,Intermediario,0.3677068662914098,78.26086956521739,4.7675
311610,MG,3,Atencao,0.5360699749869964,61.111111111111114,4.361
311615,MG,3,Atencao,0.5170056617987446,62.7906976744186,4.355555555555556
311640,MG,2,Consolidado,0.2649556615380574,86.95652173913044,5.333333333333333
311650,MG,2,Consolidado,0.37937292241614057,70.37037037037037,4.6125
311660,MG,2,Consolidado,0.36401008290803977,73.68421052631578,5.213636363636364
311670,MG,2,Consolidado,0.26096189020867344,61.76470588235294,5.119999999999999
311680,MG,2,Consolidado,0.28820576539619175,86.66666666666667,4.516
311710,MG,1,Intermediario,0.3396037022833121,70.27027027027027,5.1475
311730,MG,1,Intermediario,0.5266344813001981,54.88721804511278,4.9799999999999995
311750,MG,1,Intermediario,0.40123700764268333,67.96116504854369,4.728000000000001
311770,MG,2,Consolidado,0.2075438754349629,83.33333333333334,5.046
311780,MG,1,Intermediario,0.40045275426936766,73.80952380952381,5.164000000000001
311787,MG,1,Intermediario,0.4851395626195622,61.53846153846154,5.220000000000001
311790,MG,2,Consolidado,0.2937150309917924,83.33333333333334,5.13
311800,MG,1,Intermediario,0.4394886017728908,66.20370370370371,5.22608695652174
311820,MG,1,Intermediario,0.4112111728986688,70.0,5.04
311830,MG,2,Consolidado,0.3017014727585915,79.27063339731286,5.29763157894737
311840,MG,3,Atencao,0.4642946497504565,67.94871794871796,4.805454545454546
311860,MG,1,Intermediario,0.45824452969844687,62.807377049180324,5.232844036697248
311870,MG,2,Consolidado,0.2994270408459466,74.07407407407408,5.003333333333333
311880,MG,1,Intermediario,0.3042556866706569,79.54545454545455,4.424375
311890,MG,1,Intermediario,0.37186021154656873,66.66666666666666,4.8525
311910,MG,3,Atencao,0.4093669796746437,66.3157894736842,4.674
311930,MG,1,Intermediario,0.36493424530554497,73.17073170731707,5.088181818181819
311940,MG,1,Intermediario,0.5461651791244032,56.317689530685925,5.123333333333331
311950,MG,3,Atencao,0.40983663263506986,63.33333333333333,4.298
311990,MG,2,Consolidado,0.11715782227572669,100.0,5.495
311995,MG,2,Consolidado,0.24400170865576395,80.95238095238095,5.253333333333334
312010,MG,3,Atencao,0.474137690082994,66.66666666666666,4.693333333333333
312015,MG,3,Atencao,0.5688878643767907,59.09090909090909,4.4
312020,MG,2,Consolidado,0.27904194070567684,81.81818181818183,5.047499999999999
312040,MG,2,Consolidado,0.2538901890857283,85.18518518518519,5.316666666666666
312050,MG,2,Consolidado,0.310372566288042,80.0,4.975
312060,MG,2,Consolidado,0.1916496599012994,80.0,5.22
312070,MG,2,Consolidado,0.36309197899893175,58.620689655172406,5.140000000000001
312080,MG,2,Consolidado,0.24152580337298749,86.20689655172413,5.146
312083,MG,1,Intermediario,0.31971918190389303,75.0,4.975
312087,MG,2,Consolidado,0.26240777927658404,78.37837837837837,4.6825
312090,MG,1,Intermediario,0.35223624659870467,71.47239263803681,4.939333333333333
312100,MG,2,Consolidado,0.18312082323213918,94.44444444444444,4.7875
312110,MG,2,Consolidado,0.3362601722289909,67.74193548387096,5.0775
312120,MG,1,Intermediario,0.3573849598103095,78.04878048780488,5.1575
312125,MG,1,Intermediario,0.5805907786927275,58.97435897435898,5.036666666666667
312140,MG,2,Consolidado,0.25158809093915635,92.0,5.095
312160,MG,1,Intermediario,0.4097802132092159,71.21951219512195,4.858181818181818
312200,MG,3,Atencao,0.46408315585163096,50.617283950617285,4.795714285714286
312220,MG,2,Consolidado,0.2578904424896002,80.0,4.8774999999999995
312230,MG,1,Intermediario,0.3343220362736023,72.13375796178345,5.3001851851851844
312235,MG,3,Atencao,0.5069908811174701,51.162790697674424,4.72
312240,MG,1,Intermediario,0.4202254886858885,68.96551724137932,5.02
312245,MG,3,Atencao,0.5404316954382973,48.275862068965516,4.605
312270,MG,2,Consolidado,0.3212297951317674,73.91304347826086,5.16
312290,MG,2,Consolidado,0.2735578582741786,81.81818181818183,5.032500000000001
312300,MG,1,Intermediario,0.42887647693351216,66.66666666666666,5.26
312310,MG,3,Atencao,0.4678952189383419,60.0,4.641666666666666
312320,MG,2,Consolidado,0.31147418068982397,77.27272727272727,5.0200000000000005
312330,MG,2,Consolidado,0.18382234722579927,83.33333333333334,4.925000000000001
312352,MG,2,Consolidado,0.38739485596427153,88.46153846153845,4.6466666666666665
312360,MG,1,Intermediario,0.4684413850626403,62.62626262626263,5.168333333333334
312370,MG,1,Intermediario,0.49103408719682945,58.97435897435898,4.8925
312380,MG,1,Intermediario,0.39148927233335096,65.51724137931035,4.906666666666667
312390,MG,2,Consolidado,0.21392432086917967,89.28571428571429,5.175000000000001
312400,MG,1,Intermediario,0.3539743214938449,58.490566037735846,4.835
312410,MG,1,Intermediario,0.480342149934028,61.86868686868687,5.076296296296296
312420,MG,1,Intermediario,0.42919212702836557,68.81720430107528,4.777777777777779
312430,MG,2,Consolidado,0.3443439625346461,83.33333333333334,4.505
312440,MG,3,Atencao,0.418426870295253,64.86486486486487,4.7459999999999996
312450,MG,2,Consolidado,0.31408121170506936,74.35897435897436,5.255
312480,MG,1,Intermediario,0.38028790877152413,47.05882352941176,5.294
312490,MG,1,Intermediario,0.47868347511770415,66.66666666666666,5.053333333333334
312500,MG,3,Atencao,0.5875055540604807,60.0,4.783333333333333
312510,MG,1,Intermediario,0.4567506055640332,66.18705035971223,5.319166666666667
312540,MG,2,Consolidado,0.26705040250163437,87.5,4.58
312560,MG,3,Atencao,0.4462870153750123,58.06451612903226,4.4
312570,MG,3,Atencao,0.44247179749904125,51.35135135135135,4.878749999999999
312590,MG,2,Consolidado,0.24868233340526102,85.18518518518519,4.68
312595,MG,1,Intermediario,0.370620154320252,67.21311475409836,4.6025
312600,MG,1,Intermediario,0.3180817172226257,72.22222222222221,5.445
312610,MG,2,Consolidado,0.31612806170429975,79.62962962962963,5.265263157894738
312620,MG,1,Intermediario,0.3490431875076534,56.41025641025641,4.74
312670,MG,3,Atencao,0.6178584888473349,47.368421052631575,4.478571428571429
312680,MG,3,Atencao,0.4783422995684735,59.375,4.6375
312690,MG,1,Intermediario,0.5008374491118336,54.285714285714285,4.994999999999999
312700,MG,1,Intermediario,0.47018060199837547,59.09090909090909,5.1160000000000005
312710,MG,1,Intermediario,0.45443540393731735,60.76555023923444,5.155555555555556
312720,MG,1,Intermediario,0.4572162214388903,64.28571428571429,4.92
312730,MG,0,Critico,0.5481617089923476,33.33333333333333,5.0649999999999995
312760,MG,2,Consolidado,0.24032073082217664,84.0,4.781428571428571
312770,MG,1,Intermediario,0.440095239499977,64.86796785304249,5.0078461538461525
312780,MG,2,Consolidado,0.2715044866954143,80.3921568627451,4.5424999999999995
312800,MG,1,Intermediario,0.4311513309698146,54.54545454545454,4.884166666666667
312810,MG,1,Intermediario,0.3879912159483865,70.83333333333334,5.128333333333334
312830,MG,1,Intermediario,0.4094080192158209,67.90123456790124,5.156
312840,MG,2,Consolidado,0.2591674940578943,78.94736842105263,4.865
312860,MG,1,Intermediario,0.40245596338699996,88.88888888888889,5.14
312870,MG,1,Intermediario,0.49109391222214216,61.951219512195124,5.014999999999999
312880,MG,1,Intermediario,0.4820990526257757,73.33333333333333,5.016666666666667
312890,MG,1,Intermediario,0.3687385295222944,79.48717948717949,5.036666666666666
312920,MG,1,Intermediario,0.503542322014841,69.23076923076923,5.175
312930,MG,3,Atencao,0.6102333062530922,47.05882352941176,4.89
312940,MG,2,Consolidado,0.17173167650937463,96.29629629629629,4.975
312950,MG,1,Intermediario,0.4311414821440331,63.2183908045977,5.133333333333334
312960,MG,3,Atencao,0.38553681126990735,70.0,4.57
312965,MG,3,Atencao,0.41620650517126445,57.14285714285714,4.3275
312970,MG,1,Intermediario,0.4371736728159847,58.2089552238806,5.292
312980,MG,1,Intermediario,0.4754084660956887,59.21875,5.1571428571428575
313005,MG,3,Atencao,0.3907707581986352,71.42857142857143,4.3566666666666665
313010,MG,1,Intermediario,0.4392823430831244,62.10045662100456,5.183333333333333
313020,MG,2,Consolidado,0.34071504695749166,73.80952380952381,5.154999999999999
313030,MG,2,Consolidado,0.10535449336207489,100.0,5.126666666666667
313040,MG,2,Consolidado,0.30011341402199126,80.0,5.213333333333334
313050,MG,1,Intermediario,0.5385729298724679,60.46511627906976,5.1466666666666665
313055,MG,2,Consolidado,0.31939876751337926,80.0,4.98
313070,MG,1,Intermediario,0.5949420490589789,50.0,5.29
313090,MG,2,Consolidado,0.29530491754335497,84.90566037735849,4.9125000000000005
313100,MG,1,Intermediario,0.4707788151738498,52.17391304347826,5.025
313110,MG,3,Atencao,0.49931748922806957,62.06896551724138,4.6049999999999995
313115,MG,2,Consolidado,0.3709742824988977,71.7948717948718,4.914285714285714
313120,MG,2,Consolidado,0.29675649101246127,79.74683544303798,5.055
313130,MG,1,Intermediario,0.3541779883474332,72.30392156862744,5.231
313150,MG,1,Intermediario,0.4846920428890029,46.42857142857143,5.0600000000000005
313160,MG,1,Intermediario,0.4404590805145651,60.0,5.015000000000001
313170,MG,1,Intermediario,0.44996465615331943,64.70588235294117,5.1770000000000005
313180,MG,2,Consolidado,0.2896172281237244,71.42857142857143,4.875
313190,MG,1,Intermediario,0.400642105623033,73.44398340248964,5.270588235294118
313210,MG,3,Atencao,0.5261419954967488,69.11764705882352,4.387142857142857
313220,MG,2,Consolidado,0.3072754458949842,72.1311475409836,5.232
313230,MG,1,Intermediario,0.4715972906144348,62.5,4.545
313240,MG,1,Intermediario,0.3912172718308549,69.84126984126983,5.202413793103448
313250,MG,2,Consolidado,0.3335618625429444,79.28994082840237,4.601333333333334
313270,MG,3,Atencao,0.5201279240359655,49.42528735632184,4.514545454545455
313290,MG,1,Intermediario,0.38847497178855406,66.66666666666666,5.221666666666667
313300,MG,1,Intermediario,0.3708869180022911,82.0,5.104
313310,MG,2,Consolidado,0.29467916601658745,88.37209302325581,5.208
313320,MG,1,Intermediario,0.4249989070377259,63.63636363636363,5.140000000000001
313330,MG,3,Atencao,0.5472674572608883,55.69620253164557,4.538
313340,MG,1,Intermediario,0.37620130883479425,73.80952380952381,5.29
313350,MG,2,Consolidado,0.24623276109887834,73.21428571428571,5.0166666666666675
313360,MG,1,Intermediario,0.4922844715509773,67.24137931034483,5.3375
313370,MG,1,Intermediario,0.32347360318641727,72.6027397260274,5.225
313375,MG,2,Consolidado,0.2587892588555382,88.63636363636364,5.3180000000000005
313380,MG,2,Consolidado,0.30400577082044594,81.53310104529616,5.283703703703703
313400,MG,3,Atencao,0.5838029721388743,66.66666666666666,4.295714285714285
313410,MG,1,Intermediario,0.3672861193423901,61.904761904761905,5.215
313420,MG,1,Intermediario,0.4556059356747503,61.93029490616622,5.0765217391304365
313440,MG,1,Intermediario,0.4624237124825834,63.63636363636363,5.026923076923077
313460,MG,2,Consolidado,0.35564619214645216,74.71264367816092,5.1
313470,MG,3,Atencao,0.5845490817420664,57.446808510638306,4.338
313480,MG,2,Consolidado,0.2724728292351979,79.3103448275862,5.24
313490,MG,1,Intermediario,0.3915049650603985,57.73195876288659,5.194285714285714
313505,MG,3,Atencao,0.546957248455433,55.494505494505496,4.428235294117647
313510,MG,3,Atencao,0.46555451166934925,62.9746835443038,4.6213043478260865
313520,MG,0,Critico,0.5996113835115136,42.80821917808219,4.315294117647059
313535,MG,1,Intermediario,0.3783111995238655,70.37037037037037,4.508333333333333
313540,MG,2,Consolidado,0.22671917704429032,92.85714285714286,5.0
313550,MG,2,Consolidado,0.3280720822318325,75.80645161290323,4.551428571428572
313560,MG,1,Intermediario,0.5268165244837825,64.0,4.586666666666666
313570,MG,3,Atencao,0.5146459019397726,68.18181818181817,4.65
313580,MG,3,Atencao,0.5020093212484315,56.00000000000001,4.378181818181818
313590,MG,1,Intermediario,0.3610902344312912,75.0,5.075
313600,MG,3,Atencao,0.502741024247683,54.71698113207547,4.23625
313620,MG,1,Intermediario,0.33125264238744884,77.3851590106007,5.2575
313630,MG,1,Intermediario,0.36620754289307955,73.83177570093457,4.861111111111111
313660,MG,1,Intermediario,0.36154697236918254,75.0,4.944
313665,MG,1,Intermediario,0.49014197666304676,61.43790849673203,5.109999999999999
313670,MG,1,Intermediario,0.5637624115239442,52.72988505747126,5.077586206896555
313690,MG,2,Consolidado,0.2595235324013762,76.81159420289855,5.1125
313700,MG,0,Critico,0.6488767607809313,45.45454545454545,4.532
313720,MG,2,Consolidado,0.33207880722643496,75.72815533980582,5.152
313730,MG,3,Atencao,0.5317465023022188,55.00000000000001,4.645
313740,MG,2,Consolidado,0.27772899637057064,76.74418604651163,5.023333333333333
313750,MG,2,Consolidado,0.35621443156411764,81.60919540229885,5.30125
313753,MG,2,Consolidado,0.2561101951181814,75.0,5.016666666666667
313760,MG,1,Intermediario,0.3820164527591118,66.8122270742358,5.32578947368421
313770,MG,1,Intermediario,0.36812356972390126,60.256410256410255,4.755714285714286
313780,MG,1,Intermediario,0.39218887227493626,71.08433734939759,5.284285714285714
313800,MG,1,Intermediario,0.4724756300475425,52.38095238095239,5.15
313810,MG,3,Atencao,0.39599814462897454,56.52173913043478,4.6225
313820,MG,1,Intermediario,0.42944569016245976,61.03151862464183,5.2612499999999995
313840,MG,1,Intermediario,0.47136562593606,62.637362637362635,4.840000000000002
313860,MG,3,Atencao,0.5050387078836197,59.32203389830508,4.7628571428571425
313862,MG,1,Intermediario,0.44716265096593255,50.0,5.0275
313865,MG,2,Consolidado,0.37379287509122683,76.19047619047619,4.616666666666667
313867,MG,2,Consolidado,0.2155068030098835,95.65217391304348,4.956666666666667
313868,MG,3,Atencao,0.3970438117076658,76.66666666666667,4.22
313870,MG,2,Consolidado,0.31067970886627694,62.5,5.255000000000001
313880,MG,2,Consolidado,0.3099995873490545,78.57142857142857,4.961666666666666
313890,MG,3,Atencao,0.4402293819856439,75.0,4.66
313900,MG,2,Consolidado,0.27871021204726887,72.09302325581395,5.170769230769231
313920,MG,2,Consolidado,0.3240352175735482,70.0,4.494
313925,MG,3,Atencao,0.5334978929088142,56.00000000000001,4.73
313930,MG,0,Critico,0.672139028425306,35.44303797468354,4.446
313940,MG,1,Intermediario,0.40453865629601315,66.40625,4.950689655172413
313950,MG,1,Intermediario,0.39822531035135905,70.32967032967034,4.877999999999999
313960,MG,3,Atencao,0.48652318005189776,57.30337078651685,4.794
313970,MG,1,Intermediario,0.35217912029225895,64.0,4.78
313980,MG,1,Intermediario,0.46998129581789305,66.07142857142857,5.085
313990,MG,2,Consolidado,0.38760751524608683,82.22222222222221,4.881666666666667
314000,MG,1,Intermediario,0.46174528345242,60.68702290076335,5.175833333333333
314010,MG,3,Atencao,0.4830910706601721,77.27272727272727,4.785
314015,MG,1,Intermediario,0.3509464560552214,74.35897435897436,5.181428571428571
314050,MG,1,Intermediario,0.3542531294716402,67.1875,5.133333333333334
314053,MG,2,Consolidado,0.25816100053436886,71.05263157894737,4.7175
314055,MG,3,Atencao,0.44286055139700886,80.76923076923077,4.466666666666667
314070,MG,1,Intermediario,0.4192799883495748,58.10055865921788,5.139333333333332
314080,MG,1,Intermediario,0.4039079888108491,79.59183673469387,5.0920000000000005
314085,MG,0,Critico,0.7162442880250671,30.952380952380953,4.415714285714286
314090,MG,2,Consolidado,0.2741502718210003,79.16666666666666,4.65
314100,MG,2,Consolidado,0.3337046418449955,77.77777777777779,4.661666666666666
314110,MG,1,Intermediario,0.5205820268214308,52.80898876404494,5.101666666666667
314130,MG,2,Consolidado,0.27297691649002115,86.95652173913044,5.233333333333333
314140,MG,3,Atencao,0.40427987430890366,65.71428571428571,4.503636363636364
314160,MG,2,Consolidado,0.13978623669389695,85.71428571428571,4.8975
314170,MG,1,Intermediario,0.46706594865334616,68.18181818181817,4.92
314180,MG,2,Consolidado,0.33335271201463573,77.06422018348624,4.43
314200,MG,3,Atencao,0.5046878815734006,52.94117647058824,4.416666666666666
314210,MG,1,Intermediario,0.45055126958386216,72.41379310344827,4.858
314220,MG,2,Consolidado,0.24046878905117208,86.8421052631579,4.925000000000001
314240,MG,2,Consolidado,0.23646481293556232,86.20689655172413,5.3175
314260,MG,1,Intermediario,0.3495484256972373,75.86206896551724,5.176666666666667
314270,MG,3,Atencao,0.4836526732356614,60.65573770491803,4.4477777777777785
314280,MG,1,Intermediario,0.46037445229226376,68.91891891891892,5.1000000000000005
314290,MG,2,Consolidado,0.28931847406224276,75.38461538461539,4.738571428571428
314300,MG,2,Consolidado,0.3097175493385821,86.20689655172413,5.092
314310,MG,2,Consolidado,0.3105198606305292,71.42857142857143,5.143076923076923
314320,MG,1,Intermediario,0.5593598630476264,50.66666666666667,5.048
314330,MG,1,Intermediario,0.3887924788775999,68.62880886426593,4.87912087912088
314340,MG,1,Intermediario,0.4263072294581599,61.29032258064516,5.367999999999999
314345,MG,3,Atencao,0.34712438997499506,70.37037037037037,4.4175
314350,MG,2,Consolidado,0.3102508971679803,76.74418604651163,4.9925
314380,MG,2,Consolidado,0.2706670030882334,80.0,5.123333333333334
314390,MG,1,Intermediario,0.4061205861178916,69.52908587257618,4.966585365853658
314400,MG,1,Intermediario,0.3278512946846501,69.0,4.580000000000001
314410,MG,1,Intermediario,0.45063283001773285,62.903225806451616,5.227142857142857
314430,MG,3,Atencao,0.49147329016976266,63.63636363636363,4.780714285714285
314435,MG,2,Consolidado,0.33368663494922446,68.75,5.005
314450,MG,2,Consolidado,0.1988135477988921,87.87878787878788,4.984999999999999
314460,MG,1,Intermediario,0.42543364477071743,71.42857142857143,4.972999999999999
314465,MG,3,Atencao,0.46130024735094294,60.0,4.481428571428572
314470,MG,1,Intermediario,0.40550929744736414,65.21739130434783,5.222857142857142
314480,MG,1,Intermediario,0.4210793634465059,68.50152905198776,5.330500000000002
314500,MG,2,Consolidado,0.3194191975981591,72.22222222222221,5.185714285714285
314510,MG,2,Consolidado,0.29559038095359735,67.94871794871796,5.258
314520,MG,1,Intermediario,0.4387268809116899,64.95726495726495,5.011923076923076
314530,MG,2,Consolidado,0.3144080928405625,74.75728155339806,4.274375
314535,MG,3,Atencao,0.4609427239447781,53.84615384615385,4.29
314560,MG,2,Consolidado,0.2881077223192172,72.72727272727273,5.119999999999999
314587,MG,1,Intermediario,0.3908566395210509,71.15384615384616,4.753333333333333
314590,MG,1,Intermediario,0.33427910779216763,71.24183006535948,5.386428571428572
314600,MG,2,Consolidado,0.3044677204869727,72.91666666666666,5.234545454545454
314610,MG,1,Intermediario,0.3738596854123581,67.75510204081633,5.159666666666669
314620,MG,3,Atencao,0.4246923797956091,64.28571428571429,4.556666666666667
314630,MG,3,Atencao,0.571510106655829,60.526315789473685,4.441818181818181
314640,MG,2,Consolidado,0.24158911608514544,78.26086956521739,5.119999999999999
314650,MG,2,Consolidado,0.3126593543938687,82.75862068965517,5.215
314655,MG,3,Atencao,0.3742189390483944,65.0,4.234999999999999
314675,MG,3,Atencao,0.5192544735470451,45.45454545454545,4.3
314690,MG,1,Intermediario,0.37151384517189145,67.85714285714286,4.74
314700,MG,1,Intermediario,0.3959371416241465,69.21052631578948,4.991714285714286
314710,MG,1,Intermediario,0.381196294287695,67.81609195402298,5.198620689655172
314720,MG,1,Intermediario,0.4242616328138879,70.1492537313433,5.195714285714286
314730,MG,2,Consolidado,0.35544147201415255,72.6027397260274,5.223333333333334
314740,MG,3,Atencao,0.47698359843179994,65.68627450980392,4.9433333333333325
314760,MG,2,Consolidado,0.24469070381944688,85.41666666666666,5.135
314770,MG,2,Consolidado,0.27059946187746586,74.28571428571429,5.319999999999999
314790,MG,1,Intermediario,0.3449384645579108,74.11764705882354,5.251428571428571
314795,MG,2,Consolidado,0.2367884231448814,86.95652173913044,4.31
314800,MG,1,Intermediario,0.32182167305523085,74.23076923076923,5.234722222222221
314810,MG,1,Intermediario,0.4199077707789288,68.65671641791045,5.142666666666667
314820,MG,2,Consolidado,0.3025969169319446,90.0,4.8149999999999995
314830,MG,2,Consolidado,0.21468914107595558,89.28571428571429,4.8100000000000005
314840,MG,2,Consolidado,0.2461637321982572,76.19047619047619,4.6
314850,MG,2,Consolidado,0.21961547014988808,86.8421052631579,4.470000000000001
314860,MG,2,Consolidado,0.3273976221049885,72.88135593220339,4.444285714285714
314870,MG,3,Atencao,0.5034616434280716,56.32183908045977,4.5737499999999995
314875,MG,2,Consolidado,0.3872461281346432,82.6086956521739,4.733333333333333
314910,MG,2,Consolidado,0.33447599607087614,88.88888888888889,5.0275
314915,MG,0,Critico,0.7050147701480984,50.0,4.371428571428571
314930,MG,1,Intermediario,0.4088543221438828,64.82213438735178,5.2005
314960,MG,2,Consolidado,0.3577204330628843,81.81818181818183,5.125
314970,MG,2,Consolidado,0.23366263778817067,81.35593220338984,5.1066666666666665
314980,MG,2,Consolidado,0.31462305275400076,75.0,5.123333333333333
314990,MG,2,Consolidado,0.3309639164246762,81.25,5.2025
314995,MG,0,Critico,0.6304232462413569,35.714285714285715,5.016
315000,MG,2,Consolidado,0.2558580637631093,100.0,4.859999999999999
315015,MG,1,Intermediario,0.4261367884545092,74.07407407407408,4.8966666666666665
315050,MG,2,Consolidado,0.21888795197015526,81.81818181818183,5.12
315053,MG,1,Intermediario,0.49772017876586866,68.0,4.92
315057,MG,3,Atencao,0.5479932056212485,48.837209302325576,4.38
315060,MG,2,Consolidado,0.36912652699824133,75.0,4.99
315070,MG,2,Consolidado,0.35642759844323196,74.28571428571429,5.075
315080,MG,1,Intermediario,0.3636350713144357,68.75,4.659999999999999
315100,MG,1,Intermediario,0.2978742930768325,75.67567567567568,5.18
315110,MG,1,Intermediario,0.44484631737114483,64.28571428571429,4.9
315120,MG,1,Intermediario,0.47975298046547615,62.75303643724697,4.858095238095238
315130,MG,2,Consolidado,0.30849643155960266,85.71428571428571,4.9799999999999995
315140,MG,2,Consolidado,0.273984224178024,77.6595744680851,5.059
315150,MG,1,Intermediario,0.4237554154742844,65.48672566371681,5.1025
315160,MG,3,Atencao,0.5310218734614909,50.81967213114754,4.925
315170,MG,1,Intermediario,0.2959999109346718,77.77777777777779,5.239999999999999
315180,MG,1,Intermediario,0.4272212210876971,67.96536796536796,5.424687499999999
315200,MG,1,Intermediario,0.39753016209485054,72.93233082706767,4.952999999999999
315210,MG,1,Intermediario,0.4202563273122035,66.49214659685863,5.0200000000000005
315213,MG,3,Atencao,0.37994362131790355,60.86956521739131,4.465
315217,MG,3,Atencao,0.37400710607240084,58.82352941176471,4.364000000000001
315220,MG,3,Atencao,0.39255914236753386,71.54471544715447,4.535294117647059
315240,MG,3,Atencao,0.5467627743623987,55.55555555555556,4.464285714285714
315250,MG,1,Intermediario,0.4552430024806913,62.396694214876035,5.3117857142857146
315260,MG,2,Consolidado,0.29065021420145976,96.0,5.196666666666666
315270,MG,2,Consolidado,0.2420985067927928,83.78378378378379,5.1225000000000005
315280,MG,1,Intermediario,0.5484260164180251,50.76923076923077,5.076666666666666
315290,MG,1,Intermediario,0.39812152817643964,74.28571428571429,5.09
315340,MG,2,Consolidado,0.305983373164605,83.63636363636363,4.934
315350,MG,1,Intermediario,0.4218051558841589,66.66666666666666,4.988
315360,MG,1,Intermediario,0.48706076215054317,65.9090909090909,5.0249999999999995
315390,MG,1,Intermediario,0.48383443844224505,68.62745098039215,5.361666666666666
315400,MG,2,Consolidado,0.33367591170936356,70.3125,4.677142857142857
315410,MG,1,Intermediario,0.4375061021468817,60.0,4.6475
315415,MG,1,Intermediario,0.3775572427097154,78.125,4.893333333333333
315420,MG,1,Intermediario,0.3668657037936277,71.42857142857143,5.29
315430,MG,1,Intermediario,0.4038914434301139,67.27272727272727,4.89
315445,MG,3,Atencao,0.3696958062577934,57.692307692307686,4.6225
315450,MG,2,Consolidado,0.3838655482976686,89.28571428571429,4.414
315460,MG,1,Intermediario,0.5138109570774427,58.55654761904761,5.074683544303799
315480,MG,1,Intermediario,0.4596322325810029,46.51162790697674,5.13
315490,MG,3,Atencao,0.4678687988401233,52.63157894736842,4.859999999999999
315530,MG,2,Consolidado,0.15737680452924388,87.5,5.199999999999999
315540,MG,3,Atencao,0.5419617724555528,58.69565217391305,4.9825
315550,MG,1,Intermediario,0.39346428484223567,66.66666666666666,5.2275
315560,MG,2,Consolidado,0.26305107649510845,76.14678899082568,4.497857142857142
315570,MG,1,Intermediario,0.27171818792757,85.36585365853658,5.173749999999999
315580,MG,1,Intermediario,0.3752504543020088,63.1578947368421,5.026666666666666
315600,MG,3,Atencao,0.49385470405325665,59.45945945945946,4.135714285714285
315630,MG,1,Intermediario,0.40437331373672797,63.04347826086957,5.05
315650,MG,2,Consolidado,0.23414965943028124,95.65217391304348,4.220000000000001
315660,MG,2,Consolidado,0.30039854379199216,83.33333333333334,4.3225
315670,MG,1,Intermediario,0.43963280839838864,67.16101694915254,5.150666666666667
315680,MG,3,Atencao,0.4504731909298439,71.73913043478261,4.4887500000000005
315690,MG,1,Intermediario,0.3624936982603377,72.17391304347827,5.249166666666666
315700,MG,2,Consolidado,0.3325010235954775,76.3975155279503,4.516249999999999
315710,MG,3,Atencao,0.5822194125261398,63.63636363636363,4.6033333333333335
315720,MG,1,Intermediario,0.4061784258306509,66.91176470588235,5.1692857142857145
315730,MG,2,Consolidado,0.3247022620680763,76.92307692307693,4.875
315733,MG,1,Intermediario,0.5811170525780195,63.33333333333333,5.015
315765,MG,2,Consolidado,0.26402788030297636,75.0,4.585
315770,MG,3,Atencao,0.482446058833732,54.94505494505495,5.047499999999999
315780,MG,1,Intermediario,0.4688185529369563,60.310880829015545,5.1486363636363635
315790,MG,1,Intermediario,0.4121050195466963,75.0,4.823333333333333
315800,MG,1,Intermediario,0.43300488958142574,63.26530612244898,4.8475
315820,MG,2,Consolidado,0.2946931680092736,74.0,4.604285714285715
315830,MG,2,Consolidado,0.30903686560089,73.07692307692307,5.109999999999999
315890,MG,2,Consolidado,0.1959735209498619,85.71428571428571,4.604285714285714
315895,MG,1,Intermediario,0.39775839923159306,71.63120567375887,5.031818181818181
315900,MG,1,Intermediario,0.36406400500889313,85.0,5.112500000000001
315920,MG,2,Consolidado,0.20211024466883407,80.0,5.3125
315935,MG,3,Atencao,0.4934889442692705,50.0,4.9399999999999995
315960,MG,1,Intermediario,0.36683944446011735,69.23076923076923,5.236250000000001
315980,MG,1,Intermediario,0.410668253295661,65.21739130434783,4.966666666666667
315990,MG,2,Consolidado,0.228056597280417,79.1044776119403,4.9799999999999995
316030,MG,1,Intermediario,0.44692219396854566,61.111111111111114,4.338333333333333
316040,MG,2,Consolidado,0.22708399481257888,88.76404494382022,5.30375
316045,MG,2,Consolidado,0.3531665633508538,76.0,4.532
316070,MG,1,Intermediario,0.42975907269034974,68.90756302521008,5.005000000000001
316080,MG,3,Atencao,0.4174553410370409,50.0,5.005
316090,MG,1,Intermediario,0.3454210914486117,61.904761904761905,5.455
316095,MG,2,Consolidado,0.10750619888974097,87.5,4.956666666666667
316100,MG,2,Consolidado,0.28898491773335727,76.19047619047619,4.864285714285715
316110,MG,3,Atencao,0.5463732430101061,53.69649805447471,4.391304347826087
316120,MG,2,Consolidado,0.20153698112853166,96.0,4.976666666666667
316130,MG,1,Intermediario,0.32980501668778983,84.0,4.99
316150,MG,2,Consolidado,0.2301849951073662,87.87878787878788,4.84
316180,MG,2,Consolidado,0.3892074155490022,64.58333333333334,5.180000000000001
316190,MG,2,Consolidado,0.17786770377329222,83.6734693877551,5.215714285714285
316200,MG,2,Consolidado,0.3192548403147789,73.19587628865979,4.974545454545455
316210,MG,1,Intermediario,0.42677901223761777,65.27777777777779,4.9591666666666665
316220,MG,2,Consolidado,0.21748674784940564,90.9090909090909,5.345000000000001
316225,MG,3,Atencao,0.43267052590154,66.66666666666666,4.553333333333334
316240,MG,3,Atencao,0.42657502156561344,68.91891891891892,4.169375
316245,MG,3,Atencao,0.6345814332313704,40.909090909090914,4.403333333333333
316250,MG,1,Intermediario,0.3643893701107284,69.6113074204947,5.183599999999998
316255,MG,2,Consolidado,0.3274312621703264,69.44444444444444,4.99
316257,MG,2,Consolidado,0.3144711108583144,71.42857142857143,4.9975000000000005
316260,MG,2,Consolidado,0.33497595864737434,72.41379310344827,5.02
316270,MG,2,Consolidado,0.27712765277427753,84.61538461538461,4.751818181818181
316280,MG,2,Consolidado,0.23502368700451357,75.92592592592592,4.7425
316290,MG,1,Intermediario,0.40221154150777677,65.88235294117646,4.992857142857143
316292,MG,1,Intermediario,0.39848176650649825,63.04347826086957,5.112857142857143
316294,MG,2,Consolidado,0.2609285882091228,79.06976744186046,5.3340000000000005
316295,MG,1,Intermediario,0.39380131582389766,71.21212121212122,5.31375
316350,MG,3,Atencao,0.4094301183032643,69.56521739130434,4.466
316370,MG,2,Consolidado,0.31330202666190793,77.1604938271605,5.205833333333334
316380,MG,2,Consolidado,0.30799315848409464,78.57142857142857,4.802
316400,MG,2,Consolidado,0.3320295401758492,78.57142857142857,4.6875
316420,MG,3,Atencao,0.45195549850260075,57.89473684210527,4.605
316430,MG,1,Intermediario,0.3553227147046939,70.0,5.113333333333333
316440,MG,1,Intermediario,0.25030096367881755,73.07692307692307,5.2575
316447,MG,2,Consolidado,0.3747933305699099,81.25,4.865
316460,MG,2,Consolidado,0.34157572820562304,75.0,4.816666666666666
316470,MG,1,Intermediario,0.34374918724751635,70.6959706959707,5.248095238095238
316500,MG,2,Consolidado,0.13867102103265994,97.14285714285714,5.1475
316510,MG,2,Consolidado,0.3051515472409694,83.33333333333334,5.09
316520,MG,2,Consolidado,0.1543366619795812,90.32258064516128,4.785
316530,MG,1,Intermediario,0.36112402953851735,77.27272727272727,5.215
316540,MG,1,Intermediario,0.4678622014942654,65.625,5.26
316550,MG,2,Consolidado,0.3327650536406478,66.66666666666666,4.640000000000001
316553,MG,2,Consolidado,0.23580390953292055,80.21390374331551,5.354
316555,MG,3,Atencao,0.5157744699282281,52.63157894736842,4.188
316557,MG,1,Intermediario,0.4852482669730195,54.54545454545454,5.04
316570,MG,2,Consolidado,0.2657234428121318,84.21052631578947,5.06
316600,MG,2,Consolidado,0.2225384291164039,87.5,4.93
316620,MG,2,Consolidado,0.186181943220646,92.0,4.922000000000001
316630,MG,2,Consolidado,0.2945392021528394,78.26086956521739,4.506666666666667
316670,MG,1,Intermediario,0.484657197555487,60.71428571428571,4.835000000000001
316680,MG,1,Intermediario,0.426553647523372,63.07692307692307,4.9825
316690,MG,1,Intermediario,0.3600261391001196,63.41463414634146,4.9399999999999995
316720,MG,1,Intermediario,0.4273307548372249,65.91230551626592,5.080576923076922
316740,MG,1,Intermediario,0.4095643899442244,75.86206896551724,5.0649999999999995
316760,MG,1,Intermediario,0.36227941473411895,65.47619047619048,4.79125
316780,MG,2,Consolidado,0.23883066774984685,91.30434782608695,5.1899999999999995
316800,MG,2,Consolidado,0.3445186173735952,73.24840764331209,4.747777777777777
316810,MG,1,Intermediario,0.4222753342212406,61.53846153846154,5.303333333333334
316840,MG,1,Intermediario,0.4466485576237121,65.71428571428571,4.837
316850,MG,3,Atencao,0.4110713286732499,65.78947368421053,4.9475
316860,MG,1,Intermediario,0.47916657156556797,59.78021978021978,4.714186046511627
316870,MG,1,Intermediario,0.34033999468921433,72.3076923076923,5.213913043478261
316880,MG,1,Intermediario,0.42837633897618327,75.0,5.246666666666667
316890,MG,1,Intermediario,0.38390645466433754,64.28571428571429,5.336666666666667
316900,MG,1,Intermediario,0.4268512169075046,62.5,4.98
316910,MG,2,Consolidado,0.3027513522976952,77.14285714285715,5.175
316930,MG,1,Intermediario,0.4702479431977669,62.34309623430963,5.140909090909091
316935,MG,2,Consolidado,0.30878621905603876,74.78991596638656,5.010000000000001
316940,MG,1,Intermediario,0.352535989837486,74.54545454545455,5.12
316950,MG,1,Intermediario,0.5358594138576144,54.166666666666664,4.828
316960,MG,3,Atencao,0.6075455560182118,48.03921568627451,5.1
316970,MG,3,Atencao,0.3861587779820842,67.85714285714286,4.7425
316980,MG,3,Atencao,0.43873662338947833,57.14285714285714,5.125
316990,MG,1,Intermediario,0.3655708547603409,71.63323782234957,5.073235294117646
317000,MG,3,Atencao,0.4268285959738213,56.666666666666664,4.255
317005,MG,1,Intermediario,0.44002582088678976,68.91891891891892,4.856666666666667
317010,MG,1,Intermediario,0.5292495289908486,56.24012638230648,5.227941176470587
317020,MG,1,Intermediario,0.4928795746406558,58.159163987138264,5.330578512396693
317040,MG,1,Intermediario,0.47069547387430266,61.30952380952381,5.013181818181819
317047,MG,3,Atencao,0.40640154258243283,55.00000000000001,4.91
317050,MG,1,Intermediario,0.38539388971286676,74.35897435897436,4.9375
317052,MG,3,Atencao,0.4777342521360821,62.857142857142854,4.4383333333333335
317057,MG,2,Consolidado,0.22914039674353626,90.47619047619048,4.734999999999999
317065,MG,2,Consolidado,0.371761742642805,90.0,4.906666666666667
317070,MG,1,Intermediario,0.4519544822781892,61.43958868894601,5.333200000000001
317075,MG,1,Intermediario,0.3605637637965251,73.80952380952381,5.03
317080,MG,3,Atencao,0.41015603947100193,67.56756756756756,4.708666666666665
317090,MG,3,Atencao,0.45538908756955876,66.23376623376623,4.211428571428573
317100,MG,1,Intermediario,0.49900724379399586,55.88235294117647,5.3
317107,MG,2,Consolidado,0.3805494970706003,73.07692307692307,4.672499999999999
317120,MG,1,Intermediario,0.4187203480858409,61.87290969899666,5.144848484848485
317130,MG,1,Intermediario,0.3591905365922295,68.1592039800995,5.0227272727272725
317160,MG,3,Atencao,0.4325276046343235,58.333333333333336,4.478333333333333
317170,MG,1,Intermediario,0.411868413547987,65.51724137931035,4.966666666666667
317180,MG,3,Atencao,0.5196216161522295,59.61538461538461,4.911666666666666
317190,MG,2,Consolidado,0.2799693375557827,95.0,4.516666666666667
317200,MG,1,Intermediario,0.39252724970538216,68.46153846153847,4.964166666666668
317210,MG,3,Atencao,0.4486209626519971,66.66666666666666,4.81
320010,ES,2,Consolidado,0.16468725407487422,90.29850746268657,4.928888888888889
320013,ES,2,Consolidado,0.13701774197074582,98.33333333333333,4.9071428571428575
320016,ES,2,Consolidado,0.27726502227444455,78.57142857142857,4.466666666666666
320020,ES,2,Consolidado,0.2725293847197436,76.78571428571429,4.74
320030,ES,2,Consolidado,0.26618558925258073,88.63636363636364,5.318333333333333
320035,ES,2,Consolidado,0.34064987028267685,67.3913043478261,4.796
320040,ES,2,Consolidado,0.20643867429365373,82.6923076923077,5.142666666666667
320050,ES,3,Atencao,0.48482872293726975,46.42857142857143,4.8100000000000005
320060,ES,1,Intermediario,0.35513480801075487,74.14141414141415,5.093030303030304
320070,ES,2,Consolidado,0.3168855205777189,78.84615384615384,4.888333333333333
320080,ES,1,Intermediario,0.37165473457788856,69.16666666666667,5.161764705882354
320090,ES,2,Consolidado,0.24900139952807424,81.68316831683168,4.680000000000001
320100,ES,2,Consolidado,0.2714153707756015,85.71428571428571,4.807500000000001
320110,ES,1,Intermediario,0.4180008588852185,69.04761904761905,4.655000000000001
320115,ES,2,Consolidado,0.262699209080229,82.75862068965517,4.821111111111111
320120,ES,1,Intermediario,0.4076450787625588,64.17525773195877,5.0034426229508195
320130,ES,1,Intermediario,0.4839270089671275,60.07838745800672,5.013298969072166
320140,ES,1,Intermediario,0.2898989963306555,73.23943661971832,5.05625
320150,ES,2,Consolidado,0.3040818131781048,80.32407407407408,5.002564102564103
320160,ES,2,Consolidado,0.37665824587350183,68.20809248554913,4.834666666666666
320170,ES,2,Consolidado,0.25841787564819224,79.66101694915254,5.12
320180,ES,3,Atencao,0.5359336133782651,51.724137931034484,4.806666666666667
320190,ES,2,Consolidado,0.23073795656566648,84.11764705882354,5.139545454545453
320200,ES,2,Consolidado,0.2170802418434764,83.33333333333334,4.934
320210,ES,2,Consolidado,0.2621097270090177,84.52380952380952,4.7345454545454535
320220,ES,1,Intermediario,0.46648941106771896,60.75949367088608,4.9775
320225,ES,2,Consolidado,0.3431769468748771,70.2127659574468,5.026
320230,ES,2,Consolidado,0.32355250184159534,73.33333333333333,4.792000000000001
320240,ES,1,Intermediario,0.33778663633632433,75.37190082644628,5.034878048780489
320245,ES,2,Consolidado,0.2331438906732626,79.56204379562044,4.984285714285714
320250,ES,1,Intermediario,0.3489174615008561,75.92592592592592,4.9959999999999996
320255,ES,2,Consolidado,0.2821325453387463,81.81818181818183,4.87
320260,ES,1,Intermediario,0.32028627875693105,73.68421052631578,5.252
320265,ES,1,Intermediario,0.3146733657220786,63.793103448275865,4.834
320270,ES,2,Consolidado,0.27230497167256185,78.72340425531915,5.123333333333333
320280,ES,1,Intermediario,0.4067619912249291,66.35071090047393,5.044444444444445
320290,ES,2,Consolidado,0.2521589760470879,80.0,5.13
320300,ES,2,Consolidado,0.3507188112837111,81.63265306122449,5.0025
320305,ES,2,Consolidado,0.3000663839373236,78.28947368421053,4.786875
320310,ES,2,Consolidado,0.34697192407409255,69.64285714285714,4.7700000000000005
320313,ES,1,Intermediario,0.337374575535494,75.80645161290323,5.117142857142857
320316,ES,2,Consolidado,0.17781985197884964,87.5,5.0520000000000005
320320,ES,1,Intermediario,0.43161137505872116,68.33740831295843,4.965581395348838
320330,ES,2,Consolidado,0.1149750038138516,93.05555555555556,4.79625
320332,ES,1,Intermediario,0.37358217618467127,72.38805970149254,4.972777777777777
320334,ES,2,Consolidado,0.24309780679757564,84.33734939759037,5.148888888888888
320335,ES,2,Consolidado,0.29392026787749786,67.3469387755102,5.022500000000001
320340,ES,1,Intermediario,0.4232439128267353,67.36842105263158,4.731
320350,ES,1,Intermediario,0.36284861277841807,73.14814814814815,4.827142857142857
320360,ES,2,Consolidado,0.21445816411617746,75.75757575757575,4.783333333333333
320370,ES,2,Consolidado,0.22844552319925363,87.75510204081633,4.623
320380,ES,2,Consolidado,0.38144719234669544,71.42857142857143,4.786666666666666
320390,ES,2,Consolidado,0.2141706573301925,84.5771144278607,4.947272727272727
320400,ES,2,Consolidado,0.23149879933052064,81.66666666666667,4.79
320405,ES,2,Consolidado,0.31612063891793046,78.26086956521739,4.836666666666667
320410,ES,2,Consolidado,0.24916459055889148,78.15126050420169,4.800000000000001
320420,ES,1,Intermediario,0.4146770901166656,66.66666666666666,5.05
320425,ES,2,Consolidado,0.23645007251675157,72.97297297297297,4.776666666666666
320430,ES,1,Intermediario,0.4040172363098548,80.28169014084507,4.824999999999999
320435,ES,2,Consolidado,0.28645800689326334,78.37837837837837,5.034285714285715
320440,ES,2,Consolidado,0.312597364114209,83.01886792452831,5.036
320450,ES,2,Consolidado,0.274059932989795,76.08695652173914,4.949999999999999
320455,ES,2,Consolidado,0.21627460035143622,85.36585365853658,5.26
320460,ES,2,Consolidado,0.20882232970239265,88.04347826086956,5.178888888888888
320465,ES,2,Consolidado,0.20044644930638716,90.0,4.875
320470,ES,2,Consolidado,0.2914176821952021,82.01438848920863,4.931666666666667
320480,ES,1,Intermediario,0.3821772040039254,76.47058823529412,4.8775
320490,ES,1,Intermediario,0.38386458882280583,73.12925170068027,4.883499999999999
320495,ES,2,Consolidado,0.24339994504238632,72.22222222222221,5.016666666666667
320500,ES,1,Intermediario,0.484570621005006,60.023041474654384,5.060093457943924
320501,ES,3,Atencao,0.3944999641259308,62.42038216560509,4.662727272727272
320503,ES,2,Consolidado,0.36482616033259424,76.92307692307693,4.978888888888889
320506,ES,2,Consolidado,0.201879730242802,86.36363636363636,5.178333333333334
320510,ES,1,Intermediario,0.3847676814593317,68.76355748373102,4.966250000000001
320517,ES,2,Consolidado,0.23429301757626372,82.43243243243244,4.912222222222222
320520,ES,1,Intermediario,0.4101818024283024,67.61297798377753,5.086219512195119
320530,ES,1,Intermediario,0.3844139781589018,70.1086956521739,5.070158730158731
330010,RJ,1,Intermediario,0.5002487738884656,61.133069828722,4.954
330015,RJ,1,Intermediario,0.4641202348937199,58.82352941176471,5.17
330020,RJ,1,Intermediario,0.55699979144414,54.223968565815326,4.838478260869567
330022,RJ,1,Intermediario,0.4563160191267328,56.52173913043478,5.16125
330023,RJ,1,Intermediario,0.41227214050844246,67.91666666666667,5.025882352941178
330025,RJ,1,Intermediario,0.5472703872262927,57.82312925170068,4.942
330030,RJ,0,Critico,0.6228761038751238,49.01960784313725,4.963636363636363
330040,RJ,1,Intermediario,0.4794592846381922,62.48062015503876,5.073999999999999
330045,RJ,0,Critico,0.7162050946387187,37.69516728624535,4.746161616161616
330050,RJ,1,Intermediario,0.500142320143566,70.0,4.9921428571428565
330060,RJ,1,Intermediario,0.44336884249659203,70.17543859649122,4.859500000000001
330070,RJ,1,Intermediario,0.5396035703499492,57.62304921968787,4.8859375
330080,RJ,0,Critico,0.5890890729261873,54.45026178010471,4.849545454545455
330090,RJ,1,Intermediario,0.41262189368005026,61.224489795918366,4.8711111111111105
330093,RJ,1,Intermediario,0.5319287295698893,50.0,5.05375
330095,RJ,1,Intermediario,0.5170889666545067,60.526315789473685,4.925
330100,RJ,0,Critico,0.6899037398301078,40.74550128534704,4.817532467532467
330110,RJ,1,Intermediario,0.5431557413087561,56.75675675675676,4.935384615384614
330115,RJ,0,Critico,0.7308172461351217,33.33333333333333,4.984999999999999
330120,RJ,1,Intermediario,0.533937380118126,70.6896551724138,4.96
330130,RJ,1,Intermediario,0.5284784217493284,57.971014492753625,5.032
330140,RJ,3,Atencao,0.5805062920858012,51.162790697674424,4.794
330150,RJ,1,Intermediario,0.4739743699228332,61.76470588235294,5.095555555555555
330160,RJ,1,Intermediario,0.4730799669660676,72.1311475409836,5.1414285714285715
330170,RJ,0,Critico,0.6239573998858342,48.762190547636905,4.818853211009175
330180,RJ,1,Intermediario,0.49857517780430566,61.29032258064516,5.015000000000001
330185,RJ,0,Critico,0.5903383268554853,47.65957446808511,4.915500000000001
330187,RJ,1,Intermediario,0.4233184275622326,69.53125,5.12090909090909
330190,RJ,1,Intermediario,0.571591139272484,51.77304964539007,4.880799999999999
330200,RJ,0,Critico,0.6584404481616718,41.15702479338843,4.933749999999999
330205,RJ,1,Intermediario,0.5092881903100837,66.66666666666666,5.03
330210,RJ,1,Intermediario,0.4045964056001886,69.73684210526315,4.921111111111111
330220,RJ,1,Intermediario,0.41293687979992716,64.59143968871595,5.003235294117648
330225,RJ,1,Intermediario,0.43505840987192373,64.51612903225806,5.093333333333334
330227,RJ,0,Critico,0.7025070247623203,39.909297052154194,4.713333333333334
330230,RJ,0,Critico,0.622718506096777,48.38709677419355,4.785
330240,RJ,1,Intermediario,0.4991143914754214,60.6926406926407,5.057272727272727
330245,RJ,1,Intermediario,0.3764990738810211,62.5,5.1240000000000006
330250,RJ,0,Critico,0.6209015061118092,47.15960324616772,4.833544303797469
330260,RJ,0,Critico,0.6406118556389043,42.57425742574257,5.127692307692309
330270,RJ,1,Intermediario,0.5134720791064457,60.778443113772454,5.123846153846153
330280,RJ,1,Intermediario,0.5240239743587153,60.416666666666664,4.93
330285,RJ,0,Critico,0.7128009868455236,37.39495798319328,4.859999999999999
330290,RJ,1,Intermediario,0.4485608152266854,54.65116279069767,5.210624999999999
330300,RJ,1,Intermediario,0.40946537486368956,64.51612903225806,4.807142857142858
330310,RJ,1,Intermediario,0.5082581046398726,67.21311475409836,4.816000000000001
330320,RJ,0,Critico,0.6294936652093519,44.225352112676056,4.845000000000001
330330,RJ,1,Intermediario,0.5692023364489831,53.07203389830508,4.928901098901098
330340,RJ,1,Intermediario,0.41656585905878557,64.65116279069767,5.167733333333333
330350,RJ,0,Critico,0.7361269499196105,33.74749498997996,4.789504950495048
330360,RJ,1,Intermediario,0.4271446707742829,63.63636363636363,5.095714285714285
330370,RJ,1,Intermediario,0.5835190217086794,54.330708661417326,5.020000000000001
330380,RJ,0,Critico,0.5933012484460014,48.87640449438202,4.875624999999999
330385,RJ,1,Intermediario,0.3677679838220923,69.2982456140351,4.992142857142857
330390,RJ,1,Intermediario,0.4540461617026519,63.55140186915887,5.087777777777778
330395,RJ,1,Intermediario,0.5120785621600777,50.427350427350426,5.1081818181818175
330400,RJ,1,Intermediario,0.49505205890418685,62.264150943396224,5.075384615384616
330410,RJ,0,Critico,0.6562158036248025,45.09803921568628,4.786666666666666
330411,RJ,1,Intermediario,0.45475928508855035,65.0,5.2524999999999995
330412,RJ,1,Intermediario,0.5390464044332429,67.3913043478261,5.0120000000000005
330414,RJ,0,Critico,0.7049144444281232,37.32809430255403,4.73842105263158
330415,RJ,1,Intermediario,0.4014568353399559,67.88990825688074,4.968181818181818
330420,RJ,1,Intermediario,0.3821025697672673,66.82926829268293,5.152424242424243
330430,RJ,1,Intermediario,0.5342078277363231,61.065573770491795,4.824642857142858
330440,RJ,1,Intermediario,0.42358876171055165,60.416666666666664,5.0344444444444445
330450,RJ,1,Intermediario,0.46832379717368383,66.66666666666666,5.087142857142857
330452,RJ,1,Intermediario,0.4171111169988645,69.93957703927492,5.071538461538464
330455,RJ,1,Intermediario,0.48252946373298494,60.68618015059729,4.859142621599336
330460,RJ,1,Intermediario,0.4448413160451055,77.27272727272727,4.92
330470,RJ,1,Intermediario,0.3808066178834181,74.07407407407408,4.9719999999999995
330475,RJ,0,Critico,0.6365573281309513,46.97674418604651,4.820000000000001
330480,RJ,0,Critico,0.6543307473939779,39.55223880597015,4.934
330490,RJ,0,Critico,0.639127398578765,46.11845888441633,4.845828220858897
330500,RJ,1,Intermediario,0.5430053307806143,59.13461538461539,4.8896428571428565
330510,RJ,0,Critico,0.7151468219882365,38.65147198480532,4.781927710843375
330513,RJ,1,Intermediario,0.29597630893846455,56.52173913043478,4.9275
330515,RJ,1,Intermediario,0.3348678256914814,75.29411764705883,5.131
330520,RJ,1,Intermediario,0.5289581619659334,51.82648401826484,4.89948717948718
330530,RJ,1,Intermediario,0.5242382577933788,54.285714285714285,5.201666666666666
330540,RJ,1,Intermediario,0.4284492745101558,73.41772151898735,4.98909090909091
330550,RJ,1,Intermediario,0.4576252689480262,61.60337552742617,4.9889743589743585
330555,RJ,0,Critico,0.6048473990872262,47.71573604060914,4.909736842105264
330560,RJ,1,Intermediario,0.5411837229754688,62.616822429906534,4.857777777777778
330575,RJ,1,Intermediario,0.5327051477571515,56.875,4.848571428571429
330580,RJ,1,Intermediario,0.4753172621284061,60.30150753768844,5.116666666666667
330590,RJ,1,Intermediario,0.3036518225523838,83.33333333333334,4.9559999999999995
330600,RJ,1,Intermediario,0.5642777412210126,52.67175572519084,4.952187500000001
330610,RJ,1,Intermediario,0.529392339227141,61.31386861313869,5.027741935483873
330620,RJ,1,Intermediario,0.4456198707139924,63.758389261744966,4.903333333333334
330630,RJ,1,Intermediario,0.4623883906133653,60.38834951456311,5.227682926829268
350010,SP,1,Intermediario,0.4167706190919263,64.1025641025641,5.48375
350030,SP,1,Intermediario,0.4852547790047107,59.30232558139535,5.208333333333333
350050,SP,1,Intermediario,0.608492473571708,44.44444444444444,5.503333333333334
350055,SP,1,Intermediario,0.5985814379810709,43.47826086956522,5.5
350070,SP,1,Intermediario,0.4483742667054539,62.66666666666667,5.299285714285715
350100,SP,1,Intermediario,0.3999576906823889,58.82352941176471,5.333333333333333
350115,SP,1,Intermediario,0.5520763065936174,48.484848484848484,5.319999999999999
350130,SP,1,Intermediario,0.34478297174866485,80.0,5.257499999999999
350160,SP,1,Intermediario,0.4271090336106495,64.70588235294117,5.4829411764705895
350170,SP,1,Intermediario,0.36263671528373737,66.66666666666666,5.2225
350190,SP,1,Intermediario,0.474238996353696,71.42857142857143,5.439565217391305
350210,SP,1,Intermediario,0.4400969788851183,58.06451612903226,5.3100000000000005
350220,SP,1,Intermediario,0.5129869960059446,59.57446808510638,5.28875
350230,SP,0,Critico,0.6288994306361991,45.0,5.2075
350250,SP,1,Intermediario,0.5529487334672094,52.38095238095239,5.196470588235295
350270,SP,2,Consolidado,0.31356026484511434,76.0,5.042307692307692
350275,SP,1,Intermediario,0.5538451276193386,48.148148148148145,5.043
350280,SP,1,Intermediario,0.33420625446922464,72.16494845360825,5.314400000000003
350290,SP,1,Intermediario,0.5432528425275057,63.095238095238095,5.381333333333332
350310,SP,1,Intermediario,0.5419015786085337,60.0,5.273333333333333
350320,SP,1,Intermediario,0.40855482147740774,64.58333333333334,5.411836734693879
350330,SP,1,Intermediario,0.4317727426552271,60.73059360730594,5.411515151515151
350360,SP,2,Consolidado,0.31968202069507023,80.64516129032258,5.1975
350380,SP,1,Intermediario,0.5471975634413445,56.70103092783505,5.3133333333333335
350390,SP,1,Intermediario,0.4674180495408415,62.019230769230774,5.417
350400,SP,1,Intermediario,0.5508321770563472,48.170731707317074,5.420624999999998
350410,SP,1,Intermediario,0.45052518496432453,69.39393939393939,5.417954545454545
350450,SP,1,Intermediario,0.5595897269077924,48.29545454545455,5.3109677419354835
350460,SP,1,Intermediario,0.47746710613911997,53.57142857142857,5.527499999999999
350520,SP,1,Intermediario,0.3384373184789127,69.38775510204081,5.321111111111111
350530,SP,2,Consolidado,0.25980796567641723,77.77777777777779,5.508
350550,SP,1,Intermediario,0.5102235186583258,62.12765957446808,5.264242424242425
350560,SP,1,Intermediario,0.5724486910003488,53.57142857142857,5.24
350570,SP,1,Intermediario,0.41176254705437904,66.66666666666666,5.360389610389613
350580,SP,1,Intermediario,0.6113094501466524,37.77777777777778,5.338333333333333
350590,SP,1,Intermediario,0.4731711148824329,60.43956043956044,5.317333333333333
350600,SP,1,Intermediario,0.4701736022202464,61.387900355871885,5.410714285714285
350610,SP,1,Intermediario,0.5457335140024624,57.14285714285714,5.3585714285714285
350635,SP,1,Intermediario,0.40369525929538996,70.09803921568627,5.0705
350650,SP,2,Consolidado,0.3023242524939217,76.47058823529412,5.337931034482757
350660,SP,1,Intermediario,0.5747067495059348,41.53846153846154,5.106999999999999
350670,SP,1,Intermediario,0.5316639007436513,54.285714285714285,5.2299999999999995
350690,SP,1,Intermediario,0.4089979676090737,75.0,5.3325
350700,SP,1,Intermediario,0.4005944506095541,68.70229007633588,5.335500000000001
350710,SP,1,Intermediario,0.5484687909938923,55.00000000000001,5.27125
350740,SP,2,Consolidado,0.22047248024859592,78.26086956521739,5.343333333333333
350750,SP,1,Intermediario,0.528448500705957,58.454106280193244,5.362820512820512
350760,SP,1,Intermediario,0.5586553627193541,51.61290322580645,5.41425925925926
350780,SP,1,Intermediario,0.55607193545068,52.94117647058824,5.485
350790,SP,1,Intermediario,0.5135571396013205,52.5,5.3025
350800,SP,1,Intermediario,0.4438164681724037,62.71186440677966,5.02375
350810,SP,1,Intermediario,0.4231760383875922,65.78947368421053,5.3725000000000005
350840,SP,1,Intermediario,0.44755108073328975,60.15625,5.333333333333334
350850,SP,1,Intermediario,0.6368528140428731,47.58620689655172,5.3053846153846145
350860,SP,0,Critico,0.642932067784846,22.448979591836736,5.132777777777778
350870,SP,1,Intermediario,0.43937643837003837,79.3103448275862,5.215
350880,SP,1,Intermediario,0.4840704091664969,60.46511627906976,5.251428571428571
350900,SP,1,Intermediario,0.5546525327416335,54.418604651162795,5.328888888888888
350920,SP,1,Intermediario,0.5631269571741657,52.752293577981646,5.253913043478261
350925,SP,3,Atencao,0.5174241759408864,54.43037974683544,5.0442857142857145
350930,SP,1,Intermediario,0.4434119904454514,57.14285714285714,5.39
350940,SP,1,Intermediario,0.5348381644185988,57.14285714285714,5.220000000000001
350950,SP,1,Intermediario,0.41946591235401465,66.26984126984127,5.407961165048542
350960,SP,1,Intermediario,0.6068792968929309,45.90163934426229,5.4395999999999995
350970,SP,1,Intermediario,0.5417515546735002,57.692307692307686,5.291666666666667
350990,SP,1,Intermediario,0.49349063391372494,68.96551724137932,4.856249999999999
351000,SP,1,Intermediario,0.39770726268090795,78.57142857142857,5.346
351020,SP,2,Consolidado,0.3287781998574538,76.74418604651163,5.215882352941176
351030,SP,1,Intermediario,0.6125679031711668,48.214285714285715,5.217142857142858
351040,SP,1,Intermediario,0.4228693971879087,66.08695652173913,5.333684210526316
351050,SP,1,Intermediario,0.526376288225695,61.07382550335571,5.2506818181818184
351060,SP,1,Intermediario,0.5024136161851068,59.77157360406091,5.184918032786885
351070,SP,1,Intermediario,0.4780764658319211,80.95238095238095,5.130000000000001
351080,SP,1,Intermediario,0.47283882341264805,63.63636363636363,5.263636363636364
351100,SP,3,Atencao,0.6246709369007666,45.45454545454545,5.158571428571428
351110,SP,1,Intermediario,0.37662640291103716,68.08510638297872,5.278076923076924
351130,SP,1,Intermediario,0.5330445610959165,59.09090909090909,5.605
351140,SP,0,Critico,0.6733889899348466,27.659574468085108,5.243333333333333
351150,SP,1,Intermediario,0.4068843025622468,67.94871794871796,5.463076923076923
351160,SP,1,Intermediario,0.5627123982720585,52.83018867924528,5.206666666666666
351170,SP,1,Intermediario,0.46926554521330555,64.1025641025641,5.435714285714285
351200,SP,1,Intermediario,0.5351480275854761,56.75675675675676,5.29125
351210,SP,1,Intermediario,0.34132951512479676,72.41379310344827,5.254
351220,SP,1,Intermediario,0.5428564107868217,57.49999999999999,5.234545454545454
351230,SP,1,Intermediario,0.41845032305421737,62.857142857142854,5.306
351240,SP,1,Intermediario,0.3838105434064318,68.25396825396825,5.317777777777778
351280,SP,1,Intermediario,0.5142437380774193,57.84313725490197,5.394666666666667
351300,SP,1,Intermediario,0.6057792128616376,50.16339869281046,5.287564102564101
351310,SP,1,Intermediario,0.5305036328137226,54.6875,5.458749999999999
351340,SP,1,Intermediario,0.5443427925699528,56.81818181818182,5.153333333333332
351350,SP,0,Critico,0.6252535444953182,43.66197183098591,5.103448275862069
351360,SP,3,Atencao,0.5264060729764392,58.620689655172406,4.925714285714285
351370,SP,2,Consolidado,0.254484711846036,82.35294117647058,5.481818181818182
351380,SP,1,Intermediario,0.4759816379103083,59.23984272608126,5.177066666666667
351410,SP,1,Intermediario,0.5330043983927494,57.77777777777777,5.244285714285714
351430,SP,1,Intermediario,0.3646700989847756,76.19047619047619,5.33
351440,SP,1,Intermediario,0.4566610024410034,63.51351351351351,5.439230769230769
351460,SP,1,Intermediario,0.4209019334732688,62.5,5.1975
351470,SP,2,Consolidado,0.08901641683520985,90.0,5.26
351490,SP,1,Intermediario,0.5348514401907487,57.99999999999999,5.4425
351500,SP,1,Intermediario,0.5857291910280326,48.421052631578945,5.161406249999999
351510,SP,1,Intermediario,0.48752816144236283,54.966887417218544,5.194999999999999
351515,SP,0,Critico,0.6211575197415892,40.625,5.17
351518,SP,1,Intermediario,0.2994092272521339,70.37037037037037,5.413076923076923
351540,SP,2,Consolidado,0.2254942848935698,82.75862068965517,5.28
351550,SP,1,Intermediario,0.4675307747752252,58.0952380952381,5.358499999999999
351570,SP,1,Intermediario,0.4409387311184685,66.32911392405063,5.183611111111112
351620,SP,1,Intermediario,0.35377433187896484,67.73211567732116,5.399080459770117
351630,SP,1,Intermediario,0.5543604141774838,50.116550116550115,5.093783783783784
351640,SP,1,Intermediario,0.5810939211506476,51.95195195195195,5.220555555555555
351670,SP,1,Intermediario,0.5284698218528213,61.29032258064516,5.2825
351690,SP,1,Intermediario,0.40476080266478526,61.904761904761905,5.262499999999999
351720,SP,1,Intermediario,0.4649238279451754,59.375,5.244000000000001
351740,SP,1,Intermediario,0.5492702337076129,52.0,5.242857142857143
351750,SP,1,Intermediario,0.38281515133936295,68.18181818181817,5.388
351760,SP,3,Atencao,0.4650041989376111,61.111111111111114,4.795714285714285
351770,SP,2,Consolidado,0.3163562839874431,77.5,5.203333333333333
351820,SP,1,Intermediario,0.3525303806822891,65.11627906976744,5.226666666666667
351830,SP,1,Intermediario,0.31489493264140733,76.25,5.372941176470587
351840,SP,1,Intermediario,0.5326740305055067,51.445086705202314,5.307142857142858
351850,SP,1,Intermediario,0.40685976878630026,72.97297297297297,5.156666666666666
351860,SP,2,Consolidado,0.30194983144212006,83.09859154929578,5.241249999999999
351870,SP,1,Intermediario,0.5874058943084064,49.42528735632184,5.01125
351880,SP,1,Intermediario,0.5845422307082113,51.47392290249433,5.216889763779529
351905,SP,1,Intermediario,0.44986950498279654,57.14285714285714,5.34
351907,SP,1,Intermediario,0.5412929494247039,55.53191489361702,5.394909090909093
351930,SP,1,Intermediario,0.406518468381988,76.47058823529412,5.343076923076923
351940,SP,1,Intermediario,0.45516255481863716,50.0,5.115
351960,SP,1,Intermediario,0.6053443453753456,44.79166666666667,5.285714285714285
351970,SP,1,Intermediario,0.5599640154934148,49.72375690607735,5.1308888888888875
352000,SP,2,Consolidado,0.30597211045571054,74.35897435897436,5.19
352010,SP,1,Intermediario,0.5518348732689259,57.77777777777777,5.14875
352020,SP,1,Intermediario,0.5542317344269215,50.0,5.306
352030,SP,1,Intermediario,0.4540847493704468,68.33333333333333,5.015000000000001
352040,SP,0,Critico,0.6568798952666924,49.42528735632184,5.169999999999999
352042,SP,1,Intermediario,0.409111251464353,62.5,5.2075
352044,SP,1,Intermediario,0.2587291679869225,83.33333333333334,5.52625
352050,SP,1,Intermediario,0.4587222094903365,61.70634920634921,5.564583333333333
352090,SP,1,Intermediario,0.5346779427562596,62.96296296296296,5.175
352100,SP,0,Critico,0.6317459322280903,31.506849315068493,5.24
352110,SP,1,Intermediario,0.4486475050242478,56.52173913043478,5.1775
352130,SP,1,Intermediario,0.4208417832474339,59.25925925925925,5.001666666666666
352140,SP,1,Intermediario,0.4675815483747226,71.42857142857143,5.3757142857142854
352180,SP,1,Intermediario,0.6103865273956917,43.93939393939394,5.181666666666667
352190,SP,2,Consolidado,0.2338486889363184,89.65517241379311,5.22
352210,SP,1,Intermediario,0.6115250059526471,48.20717131474104,5.135135135135136
352220,SP,1,Intermediario,0.5345218155194352,55.3072625698324,5.228852459016394
352230,SP,1,Intermediario,0.5120256869189624,48.328267477203646,5.260357142857145
352240,SP,1,Intermediario,0.5393920808478675,60.63829787234043,5.1193333333333335
352250,SP,1,Intermediario,0.5465382904517148,53.687315634218294,5.166140350877193
352260,SP,1,Intermediario,0.4161871839429194,60.60606060606061,5.387499999999999
352270,SP,2,Consolidado,0.3169027634799861,79.1044776119403,5.29
352280,SP,2,Consolidado,0.3739373762734719,88.46153846153845,5.003333333333333
352290,SP,1,Intermediario,0.5673369666892873,51.515151515151516,5.285
352310,SP,1,Intermediario,0.5131664047314453,56.37305699481865,5.14827160493827
352320,SP,1,Intermediario,0.5562168834983441,51.35135135135135,5.184500000000001
352330,SP,1,Intermediario,0.4664586654587304,69.81132075471697,4.835714285714285
352340,SP,1,Intermediario,0.3374084168427642,71.57894736842105,5.479677419354838
352350,SP,1,Intermediario,0.5420199305556971,58.139534883720934,5.26
352360,SP,1,Intermediario,0.3937878573340398,69.56521739130434,5.203333333333333
352390,SP,1,Intermediario,0.45486185296338116,63.32179930795848,5.341666666666669
352400,SP,1,Intermediario,0.6154569725319342,53.17460317460318,5.428947368421053
352410,SP,1,Intermediario,0.5995282677510084,52.17391304347826,5.195
352430,SP,1,Intermediario,0.532476820855465,62.76595744680851,5.280588235294118
352440,SP,1,Intermediario,0.569662563736603,49.36386768447837,5.31542372881356
352450,SP,1,Intermediario,0.41249891794272686,68.0,5.365
352460,SP,1,Intermediario,0.5284339731819055,60.0,4.92
352470,SP,1,Intermediario,0.38045830302697464,70.47619047619048,5.508571428571428
352480,SP,1,Intermediario,0.3669535099158422,68.91891891891892,5.5078571428571435
352500,SP,1,Intermediario,0.5679940044583467,47.093023255813954,5.200769230769231
352510,SP,0,Critico,0.6199520983640586,39.175257731958766,5.335000000000001
352520,SP,1,Intermediario,0.626338317612036,45.21739130434783,5.372727272727272
352530,SP,1,Intermediario,0.5410020413994362,58.620689655172406,5.390606060606061
352550,SP,1,Intermediario,0.5170502766317474,55.55555555555556,5.2975
352570,SP,1,Intermediario,0.47925198092546883,62.5,5.3012500000000005
352590,SP,1,Intermediario,0.3688868290865883,67.53782668500688,5.537261904761905
352600,SP,2,Consolidado,0.24464580627325805,88.57142857142857,5.478
352610,SP,3,Atencao,0.5446516216856888,46.666666666666664,4.920999999999999
352620,SP,1,Intermediario,0.4334954079677821,59.25925925925925,5.042
352640,SP,1,Intermediario,0.518423531516824,61.702127659574465,5.249000000000001
352670,SP,1,Intermediario,0.46369744975611404,65.19607843137256,5.298750000000001
352680,SP,1,Intermediario,0.442989120282056,68.51851851851852,5.481
352690,SP,1,Intermediario,0.45059173369638605,60.58091286307054,5.433055555555556
352710,SP,2,Consolidado,0.2449562891437304,82.17054263565892,5.386363636363637
352720,SP,1,Intermediario,0.6111316275722299,49.64028776978417,5.222666666666667
352730,SP,1,Intermediario,0.5280468045094419,56.48854961832062,5.354999999999999
352740,SP,1,Intermediario,0.3992410367976873,64.0,5.388333333333334
352760,SP,0,Critico,0.6464501019190217,38.095238095238095,5.174
352800,SP,1,Intermediario,0.4572691248559309,63.33333333333333,5.431666666666667
352850,SP,1,Intermediario,0.4614993656427088,64.64088397790056,5.184324324324325
352860,SP,1,Intermediario,0.43703585355110414,52.17391304347826,5.1925
352900,SP,1,Intermediario,0.42719503293147976,64.53488372093024,5.40875
352920,SP,1,Intermediario,0.44688440727886913,57.57575757575758,5.30625
352930,SP,1,Intermediario,0.3519103739948289,67.85714285714286,5.422083333333333
352940,SP,1,Intermediario,0.35575596734214515,74.58279845956355,5.238
352970,SP,0,Critico,0.7538210864874425,29.03225806451613,5.093333333333334
352980,SP,1,Intermediario,0.42735292593276825,68.18181818181817,5.2075
352990,SP,1,Intermediario,0.44609495362497215,60.0,4.839411764705882
353010,SP,1,Intermediario,0.5519373866077881,44.11764705882353,5.191666666666666
353020,SP,2,Consolidado,0.17584005074729164,92.5925925925926,5.117500000000001
353030,SP,1,Intermediario,0.455495812054698,57.49999999999999,5.432307692307693
353050,SP,1,Intermediario,0.3412522841279224,68.13186813186813,5.291666666666666
353060,SP,1,Intermediario,0.6106584721705369,49.36708860759494,5.289999999999998
353070,SP,1,Intermediario,0.45297289102068444,60.37735849056604,5.402093023255814
353080,SP,1,Intermediario,0.5286289307212387,58.45070422535211,5.456206896551724
353110,SP,0,Critico,0.6572201129552577,40.689655172413794,5.170869565217392
353130,SP,1,Intermediario,0.4990032444288942,55.55555555555556,5.317692307692308
353140,SP,1,Intermediario,0.41664277622785234,67.5,5.366666666666667
353150,SP,1,Intermediario,0.5372123991930735,63.63636363636363,5.406
353180,SP,1,Intermediario,0.6197338515510046,42.94871794871795,5.340952380952381
353190,SP,1,Intermediario,0.6165344792512593,47.45762711864407,5.192499999999999
353240,SP,1,Intermediario,0.47738473169922496,62.16216216216216,5.152222222222221
353282,SP,3,Atencao,0.4682594406969143,65.0,4.912857142857144
353300,SP,1,Intermediario,0.49667991257005045,72.72727272727273,5.205
353325,SP,1,Intermediario,0.4464421453369706,73.91304347826086,5.119999999999999
353340,SP,1,Intermediario,0.5181212865238116,55.319148936170215,5.5415789473684205
353350,SP,2,Consolidado,0.311289985751495,68.18181818181817,5.300833333333334
353390,SP,1,Intermediario,0.32477546455330153,71.02803738317756,5.376
353430,SP,1,Intermediario,0.5384150441009811,65.57377049180327,5.3625
353440,SP,1,Intermediario,0.608741563779281,49.962880475129914,5.234311926605503
353460,SP,1,Intermediario,0.5078708662925353,57.692307692307686,5.435
353470,SP,1,Intermediario,0.5386304424190909,51.08695652173913,5.332142857142858
353475,SP,2,Consolidado,0.16204672409430673,85.71428571428571,5.303333333333334
353500,SP,2,Consolidado,0.3460879849083129,83.33333333333334,5.255
353510,SP,2,Consolidado,0.29246122650933054,80.0,5.197500000000001
353530,SP,1,Intermediario,0.48052067684558436,56.75675675675676,5.36125
353540,SP,2,Consolidado,0.1107807330980631,87.87878787878788,5.1883333333333335
353550,SP,1,Intermediario,0.5378909142670677,50.0,5.2813333333333325
353560,SP,1,Intermediario,0.5105322966152821,54.761904761904766,5.095000000000001
353580,SP,0,Critico,0.6469969566974838,37.77777777777778,5.20375
353600,SP,2,Consolidado,0.3377743254815402,72.72727272727273,4.983999999999999
353620,SP,1,Intermediario,0.45247396472327406,63.888888888888886,5.0600000000000005
353630,SP,1,Intermediario,0.42187417414537276,66.66666666666666,5.423333333333333
353640,SP,2,Consolidado,0.30500640829571396,76.92307692307693,5.155
353650,SP,1,Intermediario,0.4686823024059745,62.84403669724771,5.561739130434782
353670,SP,1,Intermediario,0.6197929070331388,45.88235294117647,5.333888888888889
353700,SP,1,Intermediario,0.5577835332275742,50.0,5.41375
353710,SP,2,Consolidado,0.08038526721785154,91.95402298850574,5.418333333333333
353720,SP,0,Critico,0.6311361482761034,50.0,4.922000000000001
353730,SP,1,Intermediario,0.4352922056230533,59.59595959595959,5.265000000000001
353740,SP,2,Consolidado,0.23376811335314013,86.11111111111111,5.316666666666666
353750,SP,1,Intermediario,0.42007408309396027,62.96296296296296,5.1625
353760,SP,0,Critico,0.6199727712391166,43.57142857142857,5.114583333333333
353780,SP,1,Intermediario,0.4589021256870303,75.0,5.207857142857143
353790,SP,1,Intermediario,0.45447799923143634,63.07692307692307,5.282222222222222
353800,SP,1,Intermediario,0.4526163037962191,65.90163934426229,5.319436619718312
353810,SP,1,Intermediario,0.4687261219685092,52.38095238095239,5.324999999999999
353820,SP,2,Consolidado,0.2849331931453068,74.07407407407408,5.408
353850,SP,1,Intermediario,0.39489567029237127,72.72727272727273,5.138
353860,SP,1,Intermediario,0.5162207273247282,56.25,5.319230769230768
353870,SP,1,Intermediario,0.47910961486863557,64.60905349794238,5.407037037037037
353880,SP,1,Intermediario,0.35930034934427324,74.28571428571429,5.352666666666665
353890,SP,1,Intermediario,0.612622041695377,36.36363636363637,5.3425
353900,SP,1,Intermediario,0.310725528603619,80.0,5.395
353910,SP,0,Critico,0.667770580144585,45.614035087719294,5.055714285714285
353920,SP,1,Intermediario,0.3948027945568942,72.91666666666666,5.32
353930,SP,1,Intermediario,0.5431634988872313,52.74725274725275,5.395
353940,SP,1,Intermediario,0.6238936183015981,29.166666666666668,5.475
353950,SP,1,Intermediario,0.4268215997165722,75.0,5.178333333333334
353980,SP,1,Intermediario,0.5660504418657516,51.569506726457405,5.3342857142857145
354000,SP,1,Intermediario,0.4680044713495297,56.41025641025641,5.478000000000001
354020,SP,1,Intermediario,0.4424026555347551,67.94871794871796,5.046666666666667
354060,SP,1,Intermediario,0.3659489574963646,72.64150943396226,5.3675
354070,SP,1,Intermediario,0.5763743192394494,39.39393939393939,5.320833333333333
354075,SP,0,Critico,0.6191901850607842,41.46341463414634,5.005
354080,SP,1,Intermediario,0.4623161321961567,56.41025641025641,5.3175
354090,SP,1,Intermediario,0.44420430454468446,67.64705882352942,5.375
354100,SP,1,Intermediario,0.5726149007898693,50.0,5.245081967213115
354130,SP,2,Consolidado,0.3422605255952229,75.60975609756098,5.216923076923077
354140,SP,1,Intermediario,0.4799818594926591,61.5625,5.422545454545456
354150,SP,2,Consolidado,0.31425854258325864,76.27118644067797,5.359999999999999
354160,SP,1,Intermediario,0.3506408884846975,72.3404255319149,5.259090909090909
354170,SP,1,Intermediario,0.408888875944424,60.0,5.297499999999999
354190,SP,1,Intermediario,0.402992901819246,60.86956521739131,5.06
354210,SP,2,Consolidado,0.3491992309632873,80.0,5.364999999999999
354220,SP,1,Intermediario,0.4685393297298774,55.55555555555556,5.321666666666668
354240,SP,1,Intermediario,0.44948487337703097,61.76470588235294,5.36875
354250,SP,2,Consolidado,0.19329137366226495,85.71428571428571,5.21
354260,SP,1,Intermediario,0.4544674398141148,52.0,5.048
354270,SP,1,Intermediario,0.5358346911830851,51.85185185185185,5.329999999999999
354300,SP,3,Atencao,0.42713661731133745,71.69811320754717,4.804166666666666
354330,SP,1,Intermediario,0.39825150075854976,61.42131979695431,5.440256410256409
354340,SP,1,Intermediario,0.5225760167299711,55.73604060913706,5.289504950495047
354370,SP,1,Intermediario,0.338314722233513,82.75862068965517,5.205
354390,SP,1,Intermediario,0.5449191496139967,52.25225225225225,5.346875000000002
354400,SP,1,Intermediario,0.5170291285216753,51.724137931034484,5.410833333333334
354410,SP,1,Intermediario,0.4406021090005534,60.256410256410255,5.243333333333334
354420,SP,2,Consolidado,0.19048135053575208,95.0,4.873333333333333
354425,SP,2,Consolidado,0.2399850064152534,80.64516129032258,5.242
354430,SP,1,Intermediario,0.433762210683382,51.515151515151516,5.336666666666667
354500,SP,1,Intermediario,0.43762908733872874,68.96551724137932,5.255714285714285
354515,SP,1,Intermediario,0.43500078239580187,71.42857142857143,5.743333333333333
354520,SP,1,Intermediario,0.38679925175020435,67.44186046511628,5.499259259259259
354530,SP,1,Intermediario,0.5943841983713396,43.29896907216495,5.271176470588236
354560,SP,1,Intermediario,0.4530523896490163,54.54545454545454,5.416
354580,SP,1,Intermediario,0.39802646067733033,69.96587030716724,5.482666666666667
354600,SP,0,Critico,0.6090807772723433,36.0,5.225999999999999
354630,SP,1,Intermediario,0.5322925957180944,57.57575757575758,5.223333333333333
354640,SP,1,Intermediario,0.37937319205401077,68.05555555555556,5.301666666666667
354660,SP,1,Intermediario,0.5359604820780867,55.26315789473685,5.474444444444445
354670,SP,1,Intermediario,0.4526623557009194,69.0909090909091,5.315555555555556
354680,SP,1,Intermediario,0.4185084353318507,68.0,5.2214285714285715
354750,SP,1,Intermediario,0.42160480549275003,57.14285714285714,5.368333333333334
354760,SP,2,Consolidado,0.3165949555229163,79.48717948717949,5.285555555555556
354770,SP,2,Consolidado,0.286381007616149,82.6086956521739,5.056
354780,SP,1,Intermediario,0.4783249666325386,63.18181818181819,5.4034328358208965
354800,SP,1,Intermediario,0.4605327820108443,64.44444444444444,5.288749999999999
354805,SP,1,Intermediario,0.46267586732742433,57.14285714285714,5.2620000000000005
354850,SP,1,Intermediario,0.5524222196611346,52.12264150943396,5.143870967741936
354860,SP,1,Intermediario,0.526667128712593,65.0,5.506
354870,SP,1,Intermediario,0.5521060678715017,54.4264819091609,5.419513888888892
354880,SP,1,Intermediario,0.4383174941420342,68.11594202898551,5.688709677419354
354890,SP,1,Intermediario,0.449606592677044,62.174940898345156,5.437391304347827
354910,SP,1,Intermediario,0.4676560098701985,60.83333333333333,5.444090909090908
354940,SP,1,Intermediario,0.390581374777034,62.31884057971014,5.383636363636364
354970,SP,1,Intermediario,0.39172098047370296,66.66666666666666,5.39705882352941
354980,SP,1,Intermediario,0.542634428889243,56.81492109038737,5.404124999999999
354990,SP,1,Intermediario,0.44072877476212136,62.528560548362535,5.451102362204724
354995,SP,1,Intermediario,0.5348793770545446,55.172413793103445,5.27
355010,SP,1,Intermediario,0.47174281319845485,60.0,5.373846153846154
355020,SP,2,Consolidado,0.345484709201147,73.33333333333333,5.064210526315789
355030,SP,1,Intermediario,0.522109482410389,56.6132843265949,5.142790697674418
355040,SP,1,Intermediario,0.5355971738365779,62.71186440677966,5.464
355060,SP,1,Intermediario,0.5601689398290052,47.55244755244755,5.31
355070,SP,0,Critico,0.6330825112187936,41.83673469387755,5.172727272727272
355080,SP,1,Intermediario,0.402673439849453,88.46153846153845,5.17
355100,SP,1,Intermediario,0.6002950994455775,50.99009900990099,5.057192982456142
355150,SP,1,Intermediario,0.6445402710973097,57.27272727272727,5.215
355170,SP,1,Intermediario,0.5483099587065844,57.08812260536399,5.3603571428571435
355180,SP,1,Intermediario,0.5631423845597088,68.75,4.843333333333334
355190,SP,1,Intermediario,0.4677924307970014,52.17391304347826,5.17
355210,SP,1,Intermediario,0.4614292107793129,54.347826086956516,5.442727272727273
355220,SP,1,Intermediario,0.5263096366568224,54.495268138801265,5.459492753623192
355240,SP,1,Intermediario,0.4852345542619773,58.28460038986355,5.400566037735848
355250,SP,1,Intermediario,0.5610712429293249,53.86740331491713,5.279393939393938
355270,SP,1,Intermediario,0.47655892920399073,62.16216216216216,5.274
355280,SP,1,Intermediario,0.6010594698149101,49.7029702970297,5.274901960784312
355300,SP,1,Intermediario,0.35569124626738435,78.125,5.1866666666666665
355330,SP,1,Intermediario,0.5081463923646031,57.57575757575758,5.1425
355340,SP,2,Consolidado,0.3445559668790346,86.8421052631579,5.30375
355360,SP,2,Consolidado,0.29239217668794154,72.72727272727273,5.204
355370,SP,1,Intermediario,0.3393172203617908,68.88888888888889,5.332105263157893
355380,SP,1,Intermediario,0.5406242059652303,69.23076923076923,5.150909090909091
355395,SP,2,Consolidado,0.12326107466108865,97.22222222222221,5.368571428571429
355400,SP,1,Intermediario,0.5497105598334379,56.25,5.311
355410,SP,1,Intermediario,0.5602131034910993,54.58823529411765,5.393918918918919
355430,SP,1,Intermediario,0.29084011119208575,70.83333333333334,5.22875
355450,SP,1,Intermediario,0.45489606325652027,61.53846153846154,5.386666666666666
355480,SP,1,Intermediario,0.556118569289593,55.932203389830505,5.302666666666667
355500,SP,1,Intermediario,0.5132723638052754,51.45631067961165,5.415294117647058
355510,SP,2,Consolidado,0.0770066664284579,86.36363636363636,5.5
355540,SP,0,Critico,0.7112703828460493,36.702127659574465,5.043529411764707
355560,SP,2,Consolidado,0.198423683710127,88.0,5.366666666666666
355600,SP,1,Intermediario,0.4162231084250222,62.06896551724138,5.406666666666666
355610,SP,2,Consolidado,0.2069663695151777,85.71428571428571,5.220000000000001
355620,SP,1,Intermediario,0.6033778147149577,49.06832298136646,5.5018518518518515
355630,SP,1,Intermediario,0.3643709906253068,65.11627906976744,5.1814285714285715
355635,SP,1,Intermediario,0.4133944652318319,42.857142857142854,5.3
355640,SP,1,Intermediario,0.45521931604385196,68.36734693877551,5.24153846153846
355645,SP,1,Intermediario,0.43671127389961456,63.888888888888886,5.3861904761904755
355650,SP,1,Intermediario,0.5577697588835969,50.672645739910315,5.336521739130435
355670,SP,1,Intermediario,0.5388416717821747,60.3448275862069,5.588823529411764
355680,SP,1,Intermediario,0.4619685631372357,53.57142857142857,5.146
355690,SP,3,Atencao,0.5543201121418109,68.0,5.0600000000000005
355700,SP,1,Intermediario,0.5498056173592725,53.50877192982456,5.367297297297298
355710,SP,1,Intermediario,0.4632168263300248,67.74193548387096,5.348695652173912
355720,SP,1,Intermediario,0.5750596527792508,61.904761904761905,5.1525
410010,PR,1,Intermediario,0.5207371414931753,63.63636363636363,5.056666666666667
410020,PR,3,Atencao,0.46092711873385334,51.724137931034484,4.845000000000001
410030,PR,2,Consolidado,0.24600768372086643,81.15942028985508,5.16
410040,PR,1,Intermediario,0.6002212611520212,50.9719222462203,5.18531914893617
410045,PR,2,Consolidado,0.3163889986523399,81.81818181818183,4.99
410050,PR,1,Intermediario,0.32728925740933024,70.11494252873564,5.154444444444445
410060,PR,1,Intermediario,0.394407919154639,68.05555555555556,5.220000000000001
410070,PR,1,Intermediario,0.37470259745492246,72.3404255319149,5.131428571428571
410080,PR,1,Intermediario,0.3829314886784959,74.35897435897436,5.15
410090,PR,2,Consolidado,0.324422853501366,73.33333333333333,5.045
410100,PR,1,Intermediario,0.3928422551669968,66.66666666666666,5.21
410110,PR,1,Intermediario,0.4235973281493838,59.4059405940594,5.095555555555555
410120,PR,1,Intermediario,0.4305984701754019,70.51282051282051,5.0166666666666675
410130,PR,2,Consolidado,0.1782727177539145,97.05882352941177,5.079999999999999
410140,PR,2,Consolidado,0.26184996203468763,81.59509202453987,5.286862745098039
410150,PR,1,Intermediario,0.3342417583183544,73.82978723404256,5.409473684210526
410160,PR,1,Intermediario,0.3672089849228299,71.53846153846153,5.187142857142857
410170,PR,2,Consolidado,0.3109692856475581,84.375,5.175
410180,PR,1,Intermediario,0.40284166863517634,70.81659973226239,5.3797999999999995
410190,PR,2,Consolidado,0.21726737107960395,87.5,5.29875
410200,PR,2,Consolidado,0.24436503698202103,82.1917808219178,5.352500000000001
410230,PR,1,Intermediario,0.31575760633991157,80.21978021978022,5.372727272727273
410240,PR,1,Intermediario,0.32739520573870506,66.66666666666666,5.221333333333334
410250,PR,2,Consolidado,0.22643564371540498,88.09523809523809,4.989999999999999
410260,PR,1,Intermediario,0.33628224251807565,69.64285714285714,5.367142857142857
410280,PR,1,Intermediario,0.5001563358942169,60.317460317460316,5.205
410290,PR,1,Intermediario,0.30408703402992165,75.55555555555556,5.190999999999999
410300,PR,2,Consolidado,0.13972847160640867,96.0,5.404999999999999
410305,PR,1,Intermediario,0.44630583004154234,53.70370370370371,5.078571428571429
410310,PR,1,Intermediario,0.5661448143440198,50.63291139240506,4.984999999999999
410315,PR,2,Consolidado,0.18767211627923663,86.36363636363636,4.976666666666667
410320,PR,1,Intermediario,0.4370873474015303,68.88888888888889,5.235
410322,PR,1,Intermediario,0.2997720115388828,71.42857142857143,5.615
410330,PR,1,Intermediario,0.2536882492428922,72.72727272727273,5.262499999999999
410345,PR,2,Consolidado,0.2504521680064797,86.40776699029125,5.295
410350,PR,1,Intermediario,0.32163407918906445,62.7906976744186,5.17
410360,PR,1,Intermediario,0.4784320712744585,62.93103448275862,5.207272727272727
410370,PR,1,Intermediario,0.2945457993806148,81.63265306122449,5.417857142857143
410380,PR,2,Consolidado,0.21032433140540796,82.0,5.220000000000001
410390,PR,2,Consolidado,0.26750565074912536,84.93150684931507,4.999999999999999
410395,PR,2,Consolidado,0.20957185881544493,80.64516129032258,4.92
410400,PR,1,Intermediario,0.391973307101288,70.48611111111111,5.177368421052632
410405,PR,1,Intermediario,0.32470201586511954,80.0,5.234999999999999
410410,PR,2,Consolidado,0.24938442309811296,83.33333333333334,5.2175
410420,PR,1,Intermediario,0.3659438495228404,70.91757387247279,5.402142857142858
410425,PR,1,Intermediario,0.5081683009015313,51.162790697674424,5.263571428571429
410430,PR,1,Intermediario,0.3046687673497326,79.1005291005291,5.317096774193549
410440,PR,2,Consolidado,0.20717362721471258,78.125,4.927142857142857
410442,PR,1,Intermediario,0.3916615057135955,63.33333333333333,4.985454545454545
410445,PR,1,Intermediario,0.39063812290299466,68.75,4.958571428571429
410450,PR,1,Intermediario,0.29196859782139084,81.37254901960785,5.388333333333334
410460,PR,1,Intermediario,0.33236971288735034,80.48780487804879,5.338571428571429
410465,PR,1,Intermediario,0.3572315352078857,76.41509433962264,5.276666666666666
410470,PR,1,Intermediario,0.37958659505777825,76.27118644067797,5.235
410480,PR,1,Intermediario,0.2897760141512741,75.46408393866021,5.411515151515152
410490,PR,1,Intermediario,0.3278704638552975,74.1514360313316,5.156000000000001
410500,PR,1,Intermediario,0.4836334965653562,56.00000000000001,5.204285714285715
410510,PR,1,Intermediario,0.49145996171878964,60.86956521739131,5.082000000000001
410520,PR,1,Intermediario,0.5823829558445693,56.75675675675676,4.821666666666667
410530,PR,2,Consolidado,0.2255657567735278,84.90566037735849,5.425714285714286
410540,PR,1,Intermediario,0.30076289384054705,73.07692307692307,5.305714285714286
410550,PR,2,Consolidado,0.298642840719021,80.84507042253522,5.393076923076923
410560,PR,1,Intermediario,0.43241028855778724,60.29411764705882,5.033333333333333
410570,PR,1,Intermediario,0.33006741518255667,77.77777777777779,5.177692307692308
410580,PR,1,Intermediario,0.4504584717050765,61.15166261151662,5.370923076923077
410600,PR,1,Intermediario,0.5414328048168134,50.0,5.1325
410610,PR,1,Intermediario,0.485596086560645,80.0,5.223333333333333
410620,PR,2,Consolidado,0.2989911640905758,77.11864406779661,5.270833333333333
410630,PR,1,Intermediario,0.2630218767927739,83.75,5.331
410640,PR,1,Intermediario,0.3176682889096924,70.77922077922078,5.404736842105263
410645,PR,1,Intermediario,0.39146117114711865,75.0,4.812
410650,PR,2,Consolidado,0.2732406536778862,75.49019607843137,5.36125
410655,PR,2,Consolidado,0.17440068422728322,90.47619047619048,4.98
410660,PR,2,Consolidado,0.3389243803109322,79.59183673469387,5.17
410680,PR,2,Consolidado,0.22189750990095428,80.95238095238095,5.027142857142858
410690,PR,1,Intermediario,0.4007347512527852,68.75987361769353,5.536061538461541
410700,PR,1,Intermediario,0.32284013406416934,78.08219178082192,5.0825
410710,PR,1,Intermediario,0.32207404217940616,76.19047619047619,5.29
410720,PR,1,Intermediario,0.2327960433545454,83.47457627118644,5.437391304347826
410725,PR,1,Intermediario,0.48775356518387936,59.57446808510638,5.53
410730,PR,1,Intermediario,0.35756669042446754,69.23076923076923,5.5
410740,PR,2,Consolidado,0.21676383035263405,82.6086956521739,5.3825
410750,PR,2,Consolidado,0.2199606539865214,86.79245283018868,5.161428571428572
410753,PR,2,Consolidado,0.1410162191387219,88.0,5.455
410760,PR,2,Consolidado,0.2852997996404264,75.86206896551724,5.029
410765,PR,1,Intermediario,0.41999177229925855,67.9340937896071,5.328055555555555
410773,PR,2,Consolidado,0.25400138374979225,76.66666666666667,5.111666666666666
410775,PR,2,Consolidado,0.2513237000803393,78.57142857142857,5.2700000000000005
410780,PR,1,Intermediario,0.23321720071441895,76.0,5.4799999999999995
410785,PR,2,Consolidado,0.21010077207984673,87.09677419354838,5.1225
410790,PR,2,Consolidado,0.3248632536123842,71.42857142857143,5.04
410800,PR,1,Intermediario,0.43887392309481726,66.66666666666666,4.996666666666667
410820,PR,2,Consolidado,0.20444081980541168,95.65217391304348,5.51
410830,PR,1,Intermediario,0.34978172197055774,71.34786117836966,5.394050632911394
410832,PR,1,Intermediario,0.32218168234519073,84.44444444444444,5.326666666666667
410840,PR,1,Intermediario,0.2947137063138259,76.78571428571429,5.4772727272727275
410845,PR,2,Consolidado,0.273572365384591,90.32258064516128,5.16
410850,PR,1,Intermediario,0.3867128752625715,65.21739130434783,5.08
410860,PR,1,Intermediario,0.39622569434459853,68.29268292682927,5.276
410865,PR,2,Consolidado,0.14999686588313174,91.66666666666666,4.816666666666666
410870,PR,1,Intermediario,0.44338196427616927,62.857142857142854,4.913333333333333
410880,PR,1,Intermediario,0.4278586299054348,66.01307189542483,5.102777777777778
410890,PR,1,Intermediario,0.3142881112133879,82.6086956521739,5.130000000000001
410895,PR,2,Consolidado,0.31101950208906776,74.28571428571429,5.0075
410900,PR,2,Consolidado,0.26551750480182845,79.16666666666666,5.029999999999999
410930,PR,1,Intermediario,0.3004508675847622,69.41176470588235,4.956666666666667
410940,PR,1,Intermediario,0.37117855269546235,71.39807897545357,5.227142857142856
410950,PR,1,Intermediario,0.4834350146591222,50.0,4.781999999999999
410960,PR,1,Intermediario,0.4190495263699639,69.4980694980695,5.245294117647059
410965,PR,1,Intermediario,0.4387451500121323,65.625,5.109999999999999
410970,PR,1,Intermediario,0.34463643086807655,71.2,5.123888888888889
410975,PR,1,Intermediario,0.3768331299955355,75.0,4.8999999999999995
410980,PR,1,Intermediario,0.38046351003333834,67.84313725490196,5.3500000000000005
410990,PR,1,Intermediario,0.43529114289570053,53.48837209302325,5.175
411007,PR,1,Intermediario,0.3599940784521747,72.22222222222221,4.997777777777778
411010,PR,2,Consolidado,0.27291308660293306,83.79888268156425,5.185
411020,PR,1,Intermediario,0.3460800015490575,77.27272727272727,4.9314285714285715
411040,PR,2,Consolidado,0.29126797270852217,86.20689655172413,5.345
411050,PR,2,Consolidado,0.20578037541176974,86.48648648648648,5.17090909090909
411060,PR,1,Intermediario,0.41886168527723433,64.28571428571429,5.102
411070,PR,2,Consolidado,0.19837749753917275,84.70588235294117,5.281891891891892
411080,PR,2,Consolidado,0.2254806545921582,90.19607843137256,5.098333333333334
411090,PR,1,Intermediario,0.4220705736076729,68.0,5.225
411095,PR,2,Consolidado,0.21261346279883978,85.9375,5.198333333333332
411110,PR,2,Consolidado,0.18676465461186773,95.83333333333334,5.346666666666667
411120,PR,2,Consolidado,0.31289937964612385,71.42857142857143,5.226
411125,PR,1,Intermediario,0.5380520627922137,56.91489361702128,4.964166666666667
411140,PR,2,Consolidado,0.23417934135627036,84.72222222222221,5.027777777777779
411150,PR,1,Intermediario,0.3928241386897271,78.94736842105263,5.206
411155,PR,2,Consolidado,0.25080255809171853,80.0,5.074999999999999
411170,PR,2,Consolidado,0.2666600975617264,83.33333333333334,5.0649999999999995
411180,PR,1,Intermediario,0.5675760629533855,54.3046357615894,5.20625
411190,PR,1,Intermediario,0.3926163939958333,69.47368421052632,5.28
411200,PR,2,Consolidado,0.2681226898910422,80.66666666666666,5.201176470588234
411210,PR,1,Intermediario,0.34192076336851884,77.33333333333333,5.36625
411220,PR,2,Consolidado,0.26183264475762963,75.0,5.220000000000001
411240,PR,2,Consolidado,0.29065489203990535,70.96774193548387,5.383333333333333
411250,PR,1,Intermediario,0.3833154359109394,64.86486486486487,4.989999999999999
411270,PR,1,Intermediario,0.4579558334957832,62.264150943396224,5.181666666666667
411275,PR,2,Consolidado,0.20313061304517177,91.66666666666666,5.1850000000000005
411280,PR,2,Consolidado,0.2119628643108487,85.24590163934425,5.2057142857142855
411290,PR,1,Intermediario,0.5195991601510074,40.909090909090914,5.03
411295,PR,1,Intermediario,0.4687783125449724,52.17391304347826,5.346666666666666
411300,PR,1,Intermediario,0.38141191496133264,68.08510638297872,5.35
411320,PR,2,Consolidado,0.28232694780960266,81.25,5.228387096774193
411330,PR,1,Intermediario,0.3769333003213137,72.83236994219652,5.141666666666667
411345,PR,2,Consolidado,0.2805732259189722,77.41935483870968,5.051666666666667
411350,PR,1,Intermediario,0.33655105417667025,69.3069306930693,5.253333333333333
411370,PR,1,Intermediario,0.34006037908458114,74.77432296890673,5.442828947368424
411373,PR,2,Consolidado,0.20513521651552277,86.95652173913044,5.09
411375,PR,1,Intermediario,0.4817352269577962,69.56521739130434,5.123333333333333
411390,PR,2,Consolidado,0.19355565437747382,92.53731343283582,5.234285714285714
411400,PR,2,Consolidado,0.2536166463060966,71.11111111111111,5.1014285714285705
411410,PR,1,Intermediario,0.46258153944830327,58.08823529411765,5.170000000000001
411420,PR,2,Consolidado,0.23256815827283517,89.01098901098901,5.301111111111111
411430,PR,1,Intermediario,0.3530425413175792,74.80314960629921,5.290000000000001
411440,PR,1,Intermediario,0.37723995584915854,71.76470588235294,5.161666666666667
411450,PR,1,Intermediario,0.3764012745148247,71.15384615384616,5.315714285714286
411460,PR,1,Intermediario,0.3168254763425977,76.72727272727272,5.359166666666668
411470,PR,1,Intermediario,0.5060990592879271,65.0,5.18
411480,PR,1,Intermediario,0.3469407786486177,78.23834196891191,5.457857142857143
411490,PR,1,Intermediario,0.29859470428223284,73.17073170731707,5.204
411500,PR,2,Consolidado,0.27406151851517774,77.14285714285715,5.13
411510,PR,1,Intermediario,0.5068410055168053,58.139534883720934,5.1025
411520,PR,1,Intermediario,0.2591590152871047,80.29871977240398,5.5557317073170704
411530,PR,1,Intermediario,0.36159141803004463,74.19354838709677,5.42
411535,PR,1,Intermediario,0.2825903026164149,75.0,5.6325
411540,PR,1,Intermediario,0.24656057954762345,80.28169014084507,5.3187500000000005
411545,PR,2,Consolidado,0.2602538393646581,73.91304347826086,5.056666666666667
411550,PR,1,Intermediario,0.4223512770981216,54.54545454545454,5.32
411560,PR,1,Intermediario,0.3594241182529671,75.53191489361703,5.090999999999999
411570,PR,1,Intermediario,0.41654285831160986,65.4639175257732,5.399166666666668
411575,PR,2,Consolidado,0.24084313783360578,80.88235294117648,5.15
411580,PR,1,Intermediario,0.2834491668320896,77.18631178707224,5.265000000000001
411585,PR,2,Consolidado,0.11555276367659903,87.5,5.574999999999999
411605,PR,2,Consolidado,0.20361302877413878,89.47368421052632,5.285454545454545
411610,PR,2,Consolidado,0.28843734856104597,77.35849056603774,5.031428571428571
411620,PR,1,Intermediario,0.4566170483744399,63.85542168674698,5.055
411670,PR,2,Consolidado,0.27849028071558246,73.21428571428571,5.385
411680,PR,2,Consolidado,0.20351415980870632,78.57142857142857,4.761666666666667
411690,PR,1,Intermediario,0.32923349406242236,75.60975609756098,5.274
411695,PR,2,Consolidado,0.1606381652712241,97.05882352941177,5.4383333333333335
411700,PR,2,Consolidado,0.25874649586800824,73.68421052631578,5.27
411705,PR,2,Consolidado,0.36994385206878355,70.96774193548387,5.0
411710,PR,1,Intermediario,0.3075735468035627,73.84615384615385,5.368333333333333
411720,PR,2,Consolidado,0.1913364981781718,88.0,5.045
411721,PR,1,Intermediario,0.25858408778416264,73.91304347826086,5.096666666666667
411722,PR,1,Intermediario,0.3148772479879999,70.37037037037037,5.62
411725,PR,2,Consolidado,0.2833952673173533,78.57142857142857,5.268
411727,PR,2,Consolidado,0.17931652978229587,96.15384615384616,5.098333333333334
411729,PR,2,Consolidado,0.12795455745308293,92.5925925925926,5.45
411730,PR,1,Intermediario,0.492331434168878,57.6271186440678,4.872777777777777
411745,PR,2,Consolidado,0.17102511989095517,90.9090909090909,5.265000000000001
411750,PR,1,Intermediario,0.4277735079857211,64.7457627118644,5.288571428571429
411760,PR,1,Intermediario,0.5416122757894605,53.71024734982333,5.034375000000001
411770,PR,1,Intermediario,0.3844716058972214,70.58823529411765,5.32090909090909
411780,PR,1,Intermediario,0.36258156941525044,74.57627118644068,4.833333333333333
411790,PR,1,Intermediario,0.3590419299747665,70.51282051282051,5.321111111111111
411800,PR,1,Intermediario,0.3614251439853299,76.36363636363637,5.213333333333334
411810,PR,2,Consolidado,0.2369132869341469,80.0,5.0600000000000005
411820,PR,1,Intermediario,0.4645930486342866,63.272727272727266,5.2357999999999985
411830,PR,1,Intermediario,0.4759830417650443,60.0,5.25
411840,PR,1,Intermediario,0.284123676330269,75.2659574468085,5.303
411845,PR,2,Consolidado,0.14530520799692945,96.96969696969697,5.555
411850,PR,1,Intermediario,0.3290604918314226,75.90027700831024,5.479444444444442
411860,PR,2,Consolidado,0.3140237581284426,89.65517241379311,5.295
411870,PR,2,Consolidado,0.18752482863216008,83.33333333333334,5.449999999999999
411880,PR,1,Intermediario,0.34785537700138197,68.85245901639344,5.195714285714286
411885,PR,1,Intermediario,0.4504944855812961,68.75,5.24
411890,PR,1,Intermediario,0.3727687214553628,53.84615384615385,5.273333333333333
411900,PR,2,Consolidado,0.18494278319999716,100.0,5.335
411910,PR,2,Consolidado,0.2151037956897651,82.71604938271605,5.2575
411915,PR,1,Intermediario,0.48959708267911417,60.820895522388064,5.488333333333333
411920,PR,1,Intermediario,0.3263619539320953,71.875,5.071666666666666
411930,PR,3,Atencao,0.45937132180500395,57.06214689265536,4.673636363636363
411940,PR,1,Intermediario,0.34662647452799994,77.04918032786885,5.222307692307692
411950,PR,1,Intermediario,0.5458070261955755,56.237623762376245,5.253225806451613
411960,PR,1,Intermediario,0.33823767397469057,73.45132743362832,5.029166666666666
411970,PR,1,Intermediario,0.2649516586486021,55.00000000000001,5.145
411980,PR,2,Consolidado,0.23585179993461747,84.61538461538461,5.395833333333334
411990,PR,1,Intermediario,0.31961235008560945,75.91059602649007,5.27015037593985
411995,PR,1,Intermediario,0.40297113310858707,68.48484848484848,5.286923076923077
412000,PR,2,Consolidado,0.2425939229851303,76.19047619047619,5.25
412020,PR,1,Intermediario,0.4154773949054417,71.42857142857143,5.41
412030,PR,2,Consolidado,0.24860266417141777,100.0,5.333333333333333
412033,PR,1,Intermediario,0.3209556506810549,66.66666666666666,5.17
412035,PR,2,Consolidado,0.2263007816883631,80.0,5.3100000000000005
412050,PR,1,Intermediario,0.5225442592590481,48.38709677419355,5.05
412060,PR,2,Consolidado,0.235059313436877,85.11627906976744,5.015185185185184
412065,PR,1,Intermediario,0.36399931864273816,71.42857142857143,5.1125
412070,PR,2,Consolidado,0.15415109998781196,85.71428571428571,5.335
412080,PR,1,Intermediario,0.4109284221482437,72.22222222222221,5.423333333333333
412085,PR,2,Consolidado,0.1600727081577287,95.83333333333334,5.76
412090,PR,1,Intermediario,0.43479437986105207,66.66666666666666,5.172307692307692
412100,PR,1,Intermediario,0.5858274020761899,44.776119402985074,5.06
412120,PR,1,Intermediario,0.3248159536853005,72.16494845360825,5.1971428571428575
412125,PR,2,Consolidado,0.2538944664795621,75.0,4.99
412130,PR,2,Consolidado,0.24909855495817307,86.20689655172413,4.955
412140,PR,2,Consolidado,0.2353566588978142,81.31868131868131,5.449166666666667
412150,PR,2,Consolidado,0.24867955257849048,84.61538461538461,5.1209999999999996
412160,PR,1,Intermediario,0.3081686003104314,83.33333333333334,5.29
412170,PR,1,Intermediario,0.3055865246640245,74.78991596638656,4.8972727272727266
412175,PR,1,Intermediario,0.27749133570307943,74.46808510638297,5.2325
412180,PR,2,Consolidado,0.27350048512129976,77.96610169491525,5.308571428571429
412190,PR,2,Consolidado,0.2122592653321494,83.33333333333334,4.82875
412200,PR,2,Consolidado,0.16464250801066718,94.36619718309859,5.176666666666667
412210,PR,2,Consolidado,0.25559883186566373,75.0,5.17
412215,PR,1,Intermediario,0.29005691858303334,73.0,4.93
412217,PR,1,Intermediario,0.37209877546488856,71.42857142857143,4.876666666666667
412220,PR,1,Intermediario,0.4608667894057171,60.22099447513812,5.038095238095238
412230,PR,2,Consolidado,0.18566831851643206,84.61538461538461,5.329473684210527
412240,PR,1,Intermediario,0.34741706712297765,71.97802197802197,5.254444444444445
412250,PR,2,Consolidado,0.2745805814097567,73.46938775510205,5.028333333333333
412260,PR,1,Intermediario,0.534611499073521,48.93617021276596,5.2
412265,PR,2,Consolidado,0.33058646947640036,70.0,4.93
412270,PR,2,Consolidado,0.2649121874401448,80.0,5.385
412280,PR,2,Consolidado,0.14534637209069237,86.95652173913044,5.215
412300,PR,2,Consolidado,0.2616334971182429,81.81818181818183,5.31
412330,PR,1,Intermediario,0.3321513674410873,68.88888888888889,5.2275
412350,PR,1,Intermediario,0.285925395252919,80.28169014084507,5.488235294117647
412370,PR,1,Intermediario,0.265959705712161,66.66666666666666,5.21
412380,PR,2,Consolidado,0.237327987624105,81.25,5.13
412385,PR,1,Intermediario,0.33819810760489716,77.08333333333334,4.88
412390,PR,1,Intermediario,0.27300916008520715,72.72727272727273,5.041666666666666
412400,PR,1,Intermediario,0.4104490224764343,57.692307692307686,5.154999999999999
412402,PR,1,Intermediario,0.32644235271599603,68.42105263157895,5.333333333333333
412405,PR,1,Intermediario,0.261573368979603,78.88888888888889,5.32
412410,PR,1,Intermediario,0.5012301616830107,55.08474576271186,5.10157894736842
412440,PR,2,Consolidado,0.2527047631896963,78.75,5.218
412460,PR,2,Consolidado,0.3091339197545063,83.87096774193549,5.27
412470,PR,2,Consolidado,0.294716649972656,74.19354838709677,5.005000000000001
412480,PR,2,Consolidado,0.20289941738980255,90.0,5.4725
412490,PR,2,Consolidado,0.1244091122625244,92.3076923076923,5.02
412500,PR,1,Intermediario,0.4127780085051296,76.47058823529412,4.9816666666666665
412510,PR,2,Consolidado,0.28556818999194866,80.82191780821918,5.043333333333334
412520,PR,2,Consolidado,0.20982840057448462,85.36585365853658,5.234
412540,PR,2,Consolidado,0.27270754962853105,83.33333333333334,5.196666666666666
412545,PR,2,Consolidado,0.28708208750084313,88.0,5.285
412550,PR,1,Intermediario,0.4328108239467337,67.71535580524345,5.429651162790699
412560,PR,2,Consolidado,0.3029320991946313,78.88888888888889,5.258636363636363
412570,PR,2,Consolidado,0.31985099841761855,77.68595041322314,5.187647058823529
412575,PR,1,Intermediario,0.28454827671618244,50.0,5.1725
412580,PR,2,Consolidado,0.2150279557351634,86.20689655172413,5.091666666666667
412600,PR,2,Consolidado,0.18123419271178137,83.87096774193549,5.08
412610,PR,2,Consolidado,0.29892109838065467,68.0,5.223333333333333
412620,PR,2,Consolidado,0.2767609574901317,76.92307692307693,5.047499999999999
412625,PR,1,Intermediario,0.5267304966598183,57.360406091370564,5.2472
412627,PR,2,Consolidado,0.19548283571752734,94.5945945945946,5.359999999999999
412630,PR,2,Consolidado,0.23825209552120322,83.69565217391305,4.901818181818181
412640,PR,2,Consolidado,0.14926467325832046,92.3076923076923,5.238333333333333
412650,PR,1,Intermediario,0.43233649765317356,66.07142857142857,5.213333333333333
412660,PR,2,Consolidado,0.21693735100156444,87.93103448275862,5.293333333333333
412667,PR,1,Intermediario,0.39274935027323543,78.43137254901961,4.84
412680,PR,1,Intermediario,0.4214887246272224,71.42857142857143,5.198333333333333
412700,PR,2,Consolidado,0.2320171924861482,92.15686274509804,5.25125
412710,PR,1,Intermediario,0.45838399136943137,65.42857142857143,5.299736842105263
412720,PR,2,Consolidado,0.17988719922814156,92.20779220779221,5.37875
412730,PR,2,Consolidado,0.31173059221039845,80.76923076923077,5.122857142857143
412740,PR,1,Intermediario,0.36879025014695777,66.17647058823529,5.0922222222222215
412750,PR,2,Consolidado,0.2980712161632572,79.59183673469387,5.067777777777779
412760,PR,1,Intermediario,0.3508065331492692,77.31958762886599,5.278888888888889
412770,PR,1,Intermediario,0.2603233331489606,80.20989505247377,5.4961403508771935
412780,PR,2,Consolidado,0.19156260998634006,85.18518518518519,5.220000000000001
412785,PR,1,Intermediario,0.29446237641196055,79.62962962962963,5.185
412788,PR,1,Intermediario,0.3786066279546046,69.0909090909091,4.8950000000000005
412790,PR,1,Intermediario,0.370058484117653,68.88888888888889,5.163333333333333
412795,PR,2,Consolidado,0.30832036040034483,78.57142857142857,5.43
412796,PR,2,Consolidado,0.2194802807436603,83.52941176470588,5.079999999999999
412800,PR,2,Consolidado,0.2502773064321961,80.76923076923077,5.276923076923077
412810,PR,1,Intermediario,0.44771798574895083,66.19047619047619,5.4105
412820,PR,1,Intermediario,0.33766774703196073,69.95708154506438,5.381944444444445
412840,PR,1,Intermediario,0.3494308327372294,81.08108108108108,5.296666666666667
412850,PR,2,Consolidado,0.28192798811167524,83.33333333333334,5.077777777777778
412853,PR,1,Intermediario,0.31951377135937287,77.58620689655173,5.119999999999999
412855,PR,1,Intermediario,0.4225639525170057,62.16216216216216,5.218
412860,PR,1,Intermediario,0.3379945812353525,60.0,5.268
412865,PR,2,Consolidado,0.26828179783051853,74.28571428571429,5.195
412870,PR,1,Intermediario,0.3669147647113369,73.80952380952381,5.39
412880,PR,1,Intermediario,0.42643554618354845,69.44444444444444,5.148
420010,SC,1,Intermediario,0.5164782975364997,59.77011494252874,5.119000000000001
420020,SC,1,Intermediario,0.27344942345340995,80.0,5.69
420040,SC,1,Intermediario,0.4097440535963541,62.06896551724138,5.4025
420050,SC,1,Intermediario,0.41928146436516783,66.66666666666666,5.0325
420060,SC,1,Intermediario,0.26099584670610093,67.56756756756756,5.657500000000001
420100,SC,1,Intermediario,0.40240338008477794,58.82352941176471,5.333333333333333
420120,SC,1,Intermediario,0.3435205458641418,76.81159420289855,5.8100000000000005
420125,SC,1,Intermediario,0.42811117264454973,60.97560975609756,5.5375000000000005
420150,SC,1,Intermediario,0.2994503773412035,72.22222222222221,5.785
420170,SC,1,Intermediario,0.397720072551095,55.88235294117647,5.656666666666667
420190,SC,1,Intermediario,0.34531295189826994,77.77777777777779,5.630000000000001
420205,SC,1,Intermediario,0.5209709456795462,57.14285714285714,5.45
420213,SC,2,Consolidado,0.22045181486627674,76.19047619047619,5.09
420220,SC,1,Intermediario,0.43269114040810663,69.23076923076923,5.638
420240,SC,1,Intermediario,0.4501642314634227,63.09623430962343,5.5462162162162185
420250,SC,0,Critico,0.6758192564707552,34.61538461538461,5.363333333333333
420253,SC,1,Intermediario,0.4505309996811704,65.0,5.42
420260,SC,1,Intermediario,0.6498008858565401,43.90243902439025,5.4475
420270,SC,1,Intermediario,0.3821837155576519,64.51612903225806,5.3566666666666665
420280,SC,1,Intermediario,0.5082751193875716,63.975155279503106,5.558
420285,SC,1,Intermediario,0.4437613728487938,62.5,5.6175
420290,SC,1,Intermediario,0.42612121022128685,69.3050193050193,5.512903225806452
420300,SC,1,Intermediario,0.42614678274807105,62.41830065359477,5.2811111111111115
420310,SC,1,Intermediario,0.47616403418923026,70.96774193548387,5.5
420315,SC,1,Intermediario,0.4865495632985252,55.26315789473685,4.965
420330,SC,1,Intermediario,0.4476409702572994,58.730158730158735,5.507142857142856
420340,SC,0,Critico,0.6481832800309509,34.78260869565217,5.098000000000001
420350,SC,1,Intermediario,0.5204721633255556,67.3469387755102,5.376
420360,SC,1,Intermediario,0.44881003049964663,63.372093023255815,5.410909090909091
420370,SC,1,Intermediario,0.5648103642274892,48.888888888888886,5.424285714285714
420380,SC,1,Intermediario,0.3096899806241321,79.84189723320159,5.350769230769232
420390,SC,1,Intermediario,0.37197918573934013,68.04123711340206,5.562
420400,SC,1,Intermediario,0.37138996754933673,78.57142857142857,5.3325
420415,SC,1,Intermediario,0.3190641142292107,76.19047619047619,5.306666666666667
420420,SC,1,Intermediario,0.5066927820242444,58.487247141600704,5.387636363636364
420430,SC,1,Intermediario,0.37585289747141243,70.50938337801608,5.5827027027027025
420440,SC,1,Intermediario,0.28250923911851505,75.0,5.503333333333333
420450,SC,1,Intermediario,0.3831119005109877,71.25,5.7
420455,SC,1,Intermediario,0.4976011916565266,58.44155844155844,5.43
420460,SC,1,Intermediario,0.49501069735676234,58.60805860805861,5.454029850746269
420470,SC,1,Intermediario,0.3072562482865364,70.6896551724138,5.6033333333333335
420480,SC,1,Intermediario,0.5347809980735808,57.38636363636363,5.340833333333332
420500,SC,1,Intermediario,0.42867485055805676,68.11594202898551,5.12875
420530,SC,1,Intermediario,0.49070962997230066,61.66666666666667,5.522857142857142
420545,SC,1,Intermediario,0.48923791505582365,57.80346820809249,5.38
420550,SC,1,Intermediario,0.3702913609662486,72.51184834123224,5.315
420570,SC,1,Intermediario,0.3495764637056792,73.98373983739837,5.519285714285714
420580,SC,1,Intermediario,0.48645272184158594,68.75,5.458333333333333
420610,SC,1,Intermediario,0.3992061423065213,61.29032258064516,5.61
420620,SC,1,Intermediario,0.48253280129850995,75.60975609756098,5.531428571428572
420630,SC,1,Intermediario,0.35879984104296253,76.76767676767676,5.721
420640,SC,2,Consolidado,0.2286324343002971,80.55555555555556,5.395
420650,SC,1,Intermediario,0.39349108758215295,67.85714285714286,5.4664705882352935
420660,SC,1,Intermediario,0.3420821404364962,70.83333333333334,5.6
420665,SC,1,Intermediario,0.6034546385622738,52.63157894736842,5.3975
420670,SC,1,Intermediario,0.4884750315339444,57.446808510638306,5.321111111111112
420690,SC,1,Intermediario,0.3879608077713097,71.95121951219512,5.636
420700,SC,1,Intermediario,0.4131856634332511,69.03914590747331,5.562857142857142
420740,SC,1,Intermediario,0.3658628844087293,97.05882352941177,5.574999999999999
420750,SC,1,Intermediario,0.4671333564926261,63.51351351351351,5.61047619047619
420765,SC,2,Consolidado,0.18531084339110865,88.37209302325581,5.672499999999999
420768,SC,1,Intermediario,0.39270018729015066,80.76923076923077,5.6
420770,SC,1,Intermediario,0.4734240088651424,53.57142857142857,5.43
420780,SC,1,Intermediario,0.38617156363967303,72.09302325581395,5.4925
420790,SC,1,Intermediario,0.3274620082438728,86.53846153846155,5.356
420800,SC,1,Intermediario,0.43360411358588974,73.52941176470588,5.493333333333333
420810,SC,1,Intermediario,0.4789020935753486,66.35514018691589,5.433999999999999
420840,SC,1,Intermediario,0.2635560451665051,78.64077669902912,5.500909090909091
420850,SC,1,Intermediario,0.372569878232651,73.22834645669292,5.543000000000001
420870,SC,1,Intermediario,0.4909472548664084,52.17391304347826,5.408333333333333
420880,SC,1,Intermediario,0.5445136351218077,52.892561983471076,5.512857142857143
420890,SC,1,Intermediario,0.3571905550880412,69.87951807228916,5.613695652173912
420900,SC,1,Intermediario,0.4159129390901835,62.22222222222222,5.5512500000000005
420910,SC,1,Intermediario,0.4174726063565114,67.41335587489434,5.546607142857142
420915,SC,0,Critico,0.6753170588870906,39.285714285714285,5.383333333333334
420930,SC,1,Intermediario,0.5890554531897695,54.13290113452188,5.4248
420940,SC,1,Intermediario,0.5480261763565317,56.91056910569105,5.46
420950,SC,1,Intermediario,0.45508612968493944,45.714285714285715,5.640000000000001
420960,SC,1,Intermediario,0.4115976076225651,72.36842105263158,5.63
420970,SC,1,Intermediario,0.5459159304620409,50.79365079365079,5.158571428571428
420990,SC,1,Intermediario,0.534713637417946,59.09090909090909,5.558
421000,SC,1,Intermediario,0.3951230363953351,59.70149253731343,5.66625
421003,SC,1,Intermediario,0.3178526330683745,70.37037037037037,5.97
421010,SC,1,Intermediario,0.36011947795390065,72.0,5.4505
421030,SC,1,Intermediario,0.37398333530921235,65.0,5.25
421040,SC,1,Intermediario,0.4656878555570788,69.6969696969697,5.3925
421050,SC,1,Intermediario,0.25641788684276373,80.82191780821918,5.577142857142857
421060,SC,1,Intermediario,0.3325685809650219,75.22123893805309,5.775
421080,SC,1,Intermediario,0.5675566864650047,43.75,5.61
421090,SC,2,Consolidado,0.14967124443414556,91.30434782608695,5.63
421100,SC,1,Intermediario,0.4389681161882357,57.89473684210527,5.506666666666667
421105,SC,1,Intermediario,0.5126704207904716,58.97435897435898,5.28
421120,SC,1,Intermediario,0.4011857148085851,72.32142857142857,5.432222222222221
421125,SC,1,Intermediario,0.3736452942483104,80.95238095238095,5.57
421140,SC,1,Intermediario,0.3564056399240446,68.0,5.52
421160,SC,1,Intermediario,0.4122167873133552,76.92307692307693,5.615714285714286
421170,SC,1,Intermediario,0.42761858145205894,62.5,5.531818181818182
421175,SC,1,Intermediario,0.47662190131265575,59.0,5.561428571428572
421180,SC,1,Intermediario,0.3254814656646324,70.83333333333334,5.343333333333333
421200,SC,1,Intermediario,0.2594320443210977,79.41176470588235,5.426666666666667
421210,SC,1,Intermediario,0.4545447702686851,67.27272727272727,5.538571428571428
421220,SC,1,Intermediario,0.38138831698688047,66.27906976744185,5.312857142857142
421230,SC,1,Intermediario,0.5410813196804012,47.91666666666667,5.598
421265,SC,1,Intermediario,0.6384909132179641,42.857142857142854,5.36375
421280,SC,1,Intermediario,0.5079862181421743,58.91472868217055,5.507142857142856
421290,SC,1,Intermediario,0.33789026347589035,67.85714285714286,5.4475
421310,SC,1,Intermediario,0.23670778762952474,78.57142857142857,5.52
421320,SC,1,Intermediario,0.41627679607277845,70.24793388429752,5.6466666666666665
421330,SC,1,Intermediario,0.6117570777125996,45.0,5.4
421340,SC,1,Intermediario,0.499814056467559,52.83018867924528,5.175000000000001
421360,SC,1,Intermediario,0.4017667919150059,69.23076923076923,5.300909090909091
421370,SC,1,Intermediario,0.4470751099864376,61.0,5.498333333333334
421380,SC,1,Intermediario,0.3869155173676013,77.5,5.36
421400,SC,1,Intermediario,0.48276098185465854,57.407407407407405,5.5600000000000005
421420,SC,1,Intermediario,0.3908493808976851,68.62745098039215,5.433333333333334
421450,SC,1,Intermediario,0.3474489362990864,80.64516129032258,5.449999999999999
421460,SC,1,Intermediario,0.3691096497170034,52.0,5.665
421470,SC,1,Intermediario,0.44595819084016447,70.0,5.590000000000001
421500,SC,1,Intermediario,0.4279195324736044,59.20398009950249,5.454999999999999
421510,SC,1,Intermediario,0.4591900404554572,72.3076923076923,5.578333333333333
421530,SC,1,Intermediario,0.3584128773066122,62.5,5.703333333333333
421540,SC,1,Intermediario,0.2661281904820814,86.95652173913044,5.66
421545,SC,1,Intermediario,0.5515360087576914,51.02040816326531,5.4775
421550,SC,1,Intermediario,0.46696715893814006,53.57142857142857,5.351666666666667
421565,SC,1,Intermediario,0.4278360938430759,67.5,5.4025
421567,SC,2,Consolidado,0.30583745296774806,79.54545454545455,5.2219999999999995
421570,SC,1,Intermediario,0.46032047845089274,65.71428571428571,5.673333333333334
421580,SC,1,Intermediario,0.322536470373826,78.26086956521739,5.584999999999999
421610,SC,1,Intermediario,0.3431440189101571,79.41176470588235,5.543333333333334
421625,SC,2,Consolidado,0.11114077364344703,90.0,5.7425
421635,SC,1,Intermediario,0.48722499373144884,65.625,5.5725
421650,SC,0,Critico,0.6445855931243255,38.84297520661157,5.2628571428571425
421670,SC,2,Consolidado,0.277894944286578,81.81818181818183,5.365
421680,SC,1,Intermediario,0.4619212739007307,51.724137931034484,5.3100000000000005
421690,SC,1,Intermediario,0.35816786421873714,74.16666666666667,5.459999999999999
421700,SC,1,Intermediario,0.4133984135346347,67.90123456790124,5.706666666666667
421720,SC,1,Intermediario,0.44021923084050196,72.8395061728395,5.54470588235294
421725,SC,1,Intermediario,0.4145797503220392,60.86956521739131,5.865
421730,SC,2,Consolidado,0.22897895644825475,83.01886792452831,5.486666666666666
421740,SC,1,Intermediario,0.4290954954759782,71.42857142857143,5.59111111111111
421750,SC,1,Intermediario,0.38440185586117315,64.95726495726495,5.596
421760,SC,1,Intermediario,0.47500076329338214,54.166666666666664,5.5600000000000005
421770,SC,1,Intermediario,0.49296574761658485,59.67741935483871,5.412142857142857
421810,SC,1,Intermediario,0.32016526217007696,76.92307692307693,5.37
421820,SC,1,Intermediario,0.37767178724943096,71.29629629629629,5.742307692307692
421830,SC,1,Intermediario,0.5708608772095742,50.505050505050505,5.225714285714285
421835,SC,1,Intermediario,0.4427062483772284,54.54545454545454,5.84
421840,SC,1,Intermediario,0.4164992082751501,65.0,5.4975
421850,SC,1,Intermediario,0.3405552306035724,75.0,5.68
421860,SC,1,Intermediario,0.42414969197217267,50.0,5.6125
421870,SC,1,Intermediario,0.4453324860058522,64.32584269662921,5.522424242424243
421880,SC,1,Intermediario,0.40753454961493857,72.3404255319149,5.44
421890,SC,1,Intermediario,0.4026050684715782,61.76470588235294,5.402857142857143
421895,SC,1,Intermediario,0.5267924162241748,68.18181818181817,5.390000000000001
421900,SC,1,Intermediario,0.38170740339356296,59.30232558139535,5.7155555555555555
421917,SC,1,Intermediario,0.38111807255521946,73.07692307692307,5.37
421920,SC,1,Intermediario,0.28894611308228596,84.0,5.590000000000001
421930,SC,1,Intermediario,0.4605171221601698,70.68273092369478,5.540625
421940,SC,1,Intermediario,0.29497944022631845,66.66666666666666,5.76
421950,SC,1,Intermediario,0.4005485700586106,73.57512953367875,5.439
421970,SC,1,Intermediario,0.4547733470987621,63.92405063291139,5.464
421985,SC,1,Intermediario,0.4764333966703627,66.66666666666666,5.425000000000001
422000,SC,1,Intermediario,0.5761245289550146,51.724137931034484,5.3325
430003,RS,1,Intermediario,0.4916959993794404,76.19047619047619,5.2575
430010,RS,1,Intermediario,0.4806230876314008,62.903225806451616,5.354000000000001
430020,RS,1,Intermediario,0.3109967726232455,70.0,5.54
430050,RS,1,Intermediario,0.35244696324656244,82.6086956521739,5.286666666666666
430060,RS,0,Critico,0.6613325429032675,42.98957126303592,5.241521739130435
430063,RS,1,Intermediario,0.4687742879311737,80.0,4.796
430064,RS,1,Intermediario,0.42453509454907834,76.92307692307693,5.25
430080,RS,1,Intermediario,0.4476289754058666,58.97435897435898,5.723333333333333
430087,RS,1,Intermediario,0.39529007793911214,67.64705882352942,5.293333333333333
430090,RS,1,Intermediario,0.48528175594799916,54.83870967741935,5.715
430100,RS,1,Intermediario,0.319295991291493,66.66666666666666,5.591111111111111
430105,RS,1,Intermediario,0.5188312168472468,52.17391304347826,5.453333333333334
430110,RS,0,Critico,0.6895998178316662,35.41666666666667,5.106
430120,RS,2,Consolidado,0.3109465128656884,86.66666666666667,5.183750000000001
430160,RS,1,Intermediario,0.5791900621157144,46.742209631728045,5.1306382978723395
430163,RS,1,Intermediario,0.5770517552439897,54.41176470588235,5.293333333333334
430170,RS,2,Consolidado,0.26680255808115383,88.0,5.515000000000001
430180,RS,1,Intermediario,0.42973939841666564,76.19047619047619,5.466666666666667
430187,RS,3,Atencao,0.6327709342800028,38.46153846153847,5.253333333333333
430190,RS,1,Intermediario,0.5697241177782982,39.285714285714285,5.280000000000001
430200,RS,1,Intermediario,0.4681221391064059,69.23076923076923,4.953333333333333
430210,RS,1,Intermediario,0.4621943094490364,62.16814159292036,5.53972972972973
430220,RS,1,Intermediario,0.35955612607497067,80.0,5.64
430230,RS,1,Intermediario,0.4632025458823757,65.9090909090909,5.314
430235,RS,1,Intermediario,0.46794076849733623,57.333333333333336,5.621111111111111
430240,RS,1,Intermediario,0.3529186334903763,79.16666666666666,5.585714285714285
430265,RS,1,Intermediario,0.48572073902219987,65.38461538461539,5.47
430270,RS,1,Intermediario,0.549936453053971,56.12244897959183,5.232500000000001
430280,RS,1,Intermediario,0.5310141660440828,59.43396226415094,5.288
430290,RS,0,Critico,0.558209396849522,41.17647058823529,5.1000000000000005
430300,RS,1,Intermediario,0.5676498866827293,48.23008849557522,5.231764705882353
430310,RS,1,Intermediario,0.5761784026017017,49.9001996007984,5.3753125
430350,RS,1,Intermediario,0.4587476953288424,63.2,5.166774193548388
430370,RS,1,Intermediario,0.32847151088264126,66.66666666666666,5.6433333333333335
430390,RS,1,Intermediario,0.4414751267507596,64.15094339622641,5.4448
430400,RS,1,Intermediario,0.5211012480318193,75.0,5.1466666666666665
430420,RS,1,Intermediario,0.43638096651519515,69.66292134831461,5.125
430440,RS,1,Intermediario,0.4600115548042182,58.47953216374269,5.456666666666666
430450,RS,1,Intermediario,0.3819234518398145,66.12903225806451,5.265333333333333
430460,RS,1,Intermediario,0.5851024954130235,48.97045658012534,5.363974358974361
430466,RS,0,Critico,0.6779643673125867,43.925233644859816,5.2175
430467,RS,1,Intermediario,0.6265845133490127,40.0,5.654999999999999
430468,RS,1,Intermediario,0.4755016210119923,65.9090909090909,5.266250000000001
430470,RS,1,Intermediario,0.5151067054463353,61.30653266331658,5.408461538461537
430471,RS,1,Intermediario,0.30983546020425046,62.5,5.34
430480,RS,1,Intermediario,0.43134447003112464,61.261261261261254,5.733
430490,RS,1,Intermediario,0.2626324180498188,76.47058823529412,5.632499999999999
430500,RS,2,Consolidado,0.2980701542118672,68.57142857142857,5.2725
430510,RS,1,Intermediario,0.5301304757685721,56.233243967828415,5.494354838709677
430517,RS,1,Intermediario,0.5960124071932746,50.0,5.08
430520,RS,1,Intermediario,0.47986095778864013,54.71698113207547,5.304
430530,RS,1,Intermediario,0.405895264891924,53.125,5.6175
430535,RS,1,Intermediario,0.5092581089184708,59.285714285714285,5.492857142857143
430570,RS,1,Intermediario,0.286210825047626,64.51612903225806,5.3425
430580,RS,1,Intermediario,0.45654907173941695,71.11111111111111,5.616666666666667
430590,RS,1,Intermediario,0.4401296665896389,70.37037037037037,5.163333333333333
430600,RS,1,Intermediario,0.44344795098560935,62.22222222222222,5.396
430605,RS,1,Intermediario,0.4515954293007974,55.88235294117647,5.2475000000000005
430610,RS,1,Intermediario,0.5134905915271654,55.69620253164557,5.285000000000001
430620,RS,1,Intermediario,0.5108253135129217,48.484848484848484,5.3914285714285715
430640,RS,1,Intermediario,0.3943917390937866,71.29629629629629,5.5681818181818175
430650,RS,1,Intermediario,0.5291236486238444,69.44444444444444,4.848333333333334
430660,RS,1,Intermediario,0.5506080739760199,51.85185185185185,5.146315789473683
430680,RS,1,Intermediario,0.3570201574020532,70.27027027027027,5.448888888888889
430690,RS,1,Intermediario,0.4961477601025439,62.10526315789474,5.1525
430700,RS,1,Intermediario,0.5262804072185413,57.180156657963444,5.475185185185185
430710,RS,3,Atencao,0.4926551446958284,30.0,4.8975
430750,RS,1,Intermediario,0.4288950103439248,59.25925925925925,5.507499999999999
430755,RS,1,Intermediario,0.4733920199856736,73.91304347826086,5.670000000000001
430760,RS,1,Intermediario,0.5422105776322435,55.80357142857143,5.504666666666668
430770,RS,1,Intermediario,0.5590109590575288,50.18587360594795,5.332
430780,RS,1,Intermediario,0.5138916701082753,58.4070796460177,5.476923076923077
430790,RS,1,Intermediario,0.37190322130039727,73.00613496932516,5.6342857142857135
430810,RS,1,Intermediario,0.46489060221880674,61.904761904761905,5.666666666666667
430820,RS,1,Intermediario,0.3779802736085433,75.75757575757575,5.707333333333333
430830,RS,1,Intermediario,0.4308399656260739,62.96296296296296,5.084999999999999
430850,RS,1,Intermediario,0.3856907162801261,73.48484848484848,5.367500000000001
430860,RS,1,Intermediario,0.3971947033187843,68.69565217391305,5.51857142857143
430890,RS,1,Intermediario,0.3731881856779262,71.1864406779661,5.463750000000001
430900,RS,1,Intermediario,0.42664287356965375,66.66666666666666,5.174444444444445
430905,RS,1,Intermediario,0.5035747178980722,50.0,5.525
430910,RS,1,Intermediario,0.3855177174521856,67.36842105263158,5.53
430920,RS,1,Intermediario,0.5663608246681763,55.18590998043052,5.393529411764708
430930,RS,0,Critico,0.663111814223004,46.13526570048309,5.347419354838709
430950,RS,1,Intermediario,0.3119656246169236,65.21739130434783,5.486666666666667
430955,RS,2,Consolidado,0.27302378977207375,71.42857142857143,5.805
430960,RS,1,Intermediario,0.4431556866006073,66.23376623376623,5.575714285714286
430965,RS,1,Intermediario,0.5361004285562235,74.07407407407408,5.048
431000,RS,1,Intermediario,0.41974506459022715,57.74647887323944,5.692222222222222
431010,RS,1,Intermediario,0.4734257136506915,63.05732484076433,5.344666666666667
431020,RS,1,Intermediario,0.443509695574778,65.95092024539878,5.418787878787879
431040,RS,1,Intermediario,0.45290748385669855,66.66666666666666,5.375
431043,RS,1,Intermediario,0.3074496413349363,64.28571428571429,5.656666666666666
431080,RS,1,Intermediario,0.43269226907503266,71.42857142857143,5.766666666666667
431100,RS,1,Intermediario,0.5487994400266741,58.88888888888889,5.149333333333334
431112,RS,1,Intermediario,0.5161458307611415,66.66666666666666,5.295
431130,RS,1,Intermediario,0.4955590962528267,69.04761904761905,5.371764705882352
431140,RS,1,Intermediario,0.4683614276619634,61.563517915309454,5.504333333333333
431162,RS,1,Intermediario,0.5290368457473049,46.42857142857143,5.402
431171,RS,1,Intermediario,0.4652511820597726,61.904761904761905,5.301999999999999
431180,RS,1,Intermediario,0.5106179142041073,61.212121212121204,5.4345454545454555
431215,RS,2,Consolidado,0.3379368147196688,78.57142857142857,5.3566666666666665
431225,RS,1,Intermediario,0.44847371929448687,55.55555555555556,5.242000000000001
431230,RS,1,Intermediario,0.4203231807325097,59.09090909090909,4.883333333333334
431240,RS,1,Intermediario,0.5488786883353751,57.65765765765766,5.425714285714286
431245,RS,1,Intermediario,0.49685723647540253,55.00000000000001,5.406666666666667
431250,RS,1,Intermediario,0.6207009163430398,43.63636363636363,5.2725
431265,RS,1,Intermediario,0.40916094868805203,72.85714285714285,5.596666666666666
431270,RS,1,Intermediario,0.5718601732278648,51.06382978723404,5.24
431280,RS,1,Intermediario,0.3425614280899513,90.0,5.345000000000001
431290,RS,1,Intermediario,0.3676133549242861,66.66666666666666,5.566666666666667
431303,RS,2,Consolidado,0.300124228010758,85.71428571428571,5.27
431306,RS,1,Intermediario,0.5197866302812504,56.470588235294116,5.25
431320,RS,1,Intermediario,0.33715283499142057,71.15384615384616,5.781
431330,RS,1,Intermediario,0.3835296183365378,76.59574468085107,5.666
431337,RS,1,Intermediario,0.48807042393324557,65.57377049180327,5.359999999999999
431340,RS,1,Intermediario,0.5703247390592562,51.86480186480187,5.358461538461539
431350,RS,1,Intermediario,0.5615119158266061,53.06122448979592,5.568333333333334
431365,RS,1,Intermediario,0.5483956134255819,65.38461538461539,5.36
431370,RS,1,Intermediario,0.537172157317389,50.37593984962406,5.335333333333333
431380,RS,2,Consolidado,0.3291959903718651,65.78947368421053,4.983333333333333
431390,RS,1,Intermediario,0.41479729399093707,67.67676767676768,5.5581249999999995
431395,RS,1,Intermediario,0.5259071192497334,40.909090909090914,5.121666666666667
431400,RS,1,Intermediario,0.33913280346288416,75.75757575757575,5.654999999999999
431402,RS,1,Intermediario,0.3511992079490299,70.0,5.5525
431405,RS,1,Intermediario,0.5895346780259155,45.559845559845556,5.317619047619048
431407,RS,2,Consolidado,0.3190424384222089,91.66666666666666,5.3225
431410,RS,1,Intermediario,0.5997464072235813,47.83783783783784,5.4380952380952365
431415,RS,1,Intermediario,0.46754538751821206,70.96774193548387,5.3774999999999995
431420,RS,1,Intermediario,0.5785433470615562,54.54545454545454,5.1000000000000005
431442,RS,1,Intermediario,0.3238277002938799,77.27272727272727,5.783333333333333
431450,RS,1,Intermediario,0.5485357369387341,46.42857142857143,5.207999999999999
431460,RS,1,Intermediario,0.4904312624238954,66.66666666666666,5.175833333333333
431470,RS,1,Intermediario,0.4536736915589028,68.75,5.47
431480,RS,1,Intermediario,0.6056205736664543,55.94405594405595,5.418125000000001
431510,RS,1,Intermediario,0.41260338335073904,76.19047619047619,5.226000000000001
431530,RS,1,Intermediario,0.5383157071501102,61.904761904761905,5.136666666666666
431540,RS,2,Consolidado,0.31141681077430877,86.36363636363636,4.73
431550,RS,1,Intermediario,0.5465433362785528,60.46511627906976,5.37
431560,RS,1,Intermediario,0.5931449674509692,53.24074074074075,5.205441176470585
431570,RS,1,Intermediario,0.4468092432586819,64.46280991735537,5.208823529411765
431580,RS,1,Intermediario,0.4889809583030374,55.26315789473685,5.323333333333333
431590,RS,1,Intermediario,0.3360191140302435,65.21739130434783,5.556666666666667
431600,RS,2,Consolidado,0.27068977124626287,83.33333333333334,5.2837499999999995
431610,RS,1,Intermediario,0.4172867480835811,61.29032258064516,5.58
431640,RS,0,Critico,0.62618713034541,39.84375,5.2
431645,RS,1,Intermediario,0.3110907326184777,80.95238095238095,5.4174999999999995
431650,RS,2,Consolidado,0.2638991716215143,88.46153846153845,5.7299999999999995
431660,RS,1,Intermediario,0.43583067951139437,63.1578947368421,5.636666666666667
431670,RS,1,Intermediario,0.5178979134439878,52.5,5.7025
431675,RS,1,Intermediario,0.3992087101407385,73.07692307692307,5.59
431680,RS,1,Intermediario,0.4918432084546484,63.31096196868009,5.408157894736841
431690,RS,1,Intermediario,0.5563531576629688,53.56164383561644,5.366428571428571
431710,RS,1,Intermediario,0.5623272653613629,55.40983606557377,5.1000000000000005
431720,RS,1,Intermediario,0.46471453987942735,58.47750865051903,5.4675
431730,RS,1,Intermediario,0.5741647343698616,47.5,5.09875
431740,RS,1,Intermediario,0.42937926493084544,61.78343949044586,5.385294117647059
431750,RS,1,Intermediario,0.5435169459308875,52.156862745098046,5.223333333333334
431760,RS,1,Intermediario,0.4143556929936677,68.75,5.376315789473684
431770,RS,1,Intermediario,0.4437359641143137,63.888888888888886,5.03
431780,RS,1,Intermediario,0.37761460213786435,72.05882352941177,5.31125
431790,RS,1,Intermediario,0.3880663753843995,70.6896551724138,5.532
431800,RS,1,Intermediario,0.5169483638984637,59.388646288209614,5.180384615384616
431810,RS,1,Intermediario,0.46298621477968915,61.53846153846154,4.905714285714286
431820,RS,1,Intermediario,0.5738209780279624,58.24175824175825,5.283636363636364
431830,RS,1,Intermediario,0.5581682436766326,48.917748917748916,5.226923076923077
431840,RS,1,Intermediario,0.35028589278581895,73.91304347826086,5.095833333333333
431850,RS,1,Intermediario,0.5758195435749173,61.29032258064516,5.167272727272727
431860,RS,1,Intermediario,0.5510875570229353,57.14285714285714,5.526666666666666
431870,RS,1,Intermediario,0.6127463972705782,47.85276073619632,5.3845
431880,RS,1,Intermediario,0.45071948822853003,64.44444444444444,5.349473684210526
431890,RS,1,Intermediario,0.445487467073959,77.51937984496125,5.264705882352942
431900,RS,1,Intermediario,0.4080335683813776,58.97435897435898,5.646666666666667
431910,RS,1,Intermediario,0.33008091445502263,73.91304347826086,5.715
431915,RS,1,Intermediario,0.4545664537073872,56.00000000000001,5.196666666666666
431920,RS,0,Critico,0.5635840977855479,35.0,4.9025
431930,RS,1,Intermediario,0.3634564731383572,75.0,5.119999999999999
431935,RS,1,Intermediario,0.3917743105274133,61.904761904761905,5.82
431940,RS,1,Intermediario,0.3577472407044537,75.86206896551724,5.1274999999999995
431950,RS,1,Intermediario,0.5202801731211074,65.0485436893204,5.525
431960,RS,1,Intermediario,0.4499922456115664,60.0,5.153846153846154
431980,RS,1,Intermediario,0.47123829205449147,50.0,5.1433333333333335
431990,RS,1,Intermediario,0.5062912556878131,55.769230769230774,5.347826086956522
432000,RS,1,Intermediario,0.5528899666124871,49.11660777385159,5.364000000000001
432010,RS,1,Intermediario,0.46502822590320914,61.111111111111114,5.41125
432020,RS,1,Intermediario,0.33426000234064157,63.04347826086957,5.18
432026,RS,2,Consolidado,0.2987872720427557,71.42857142857143,5.1425
432040,RS,1,Intermediario,0.3824219652691,87.32394366197182,5.5528571428571425
432067,RS,1,Intermediario,0.5307540230074836,69.56521739130434,4.992
432070,RS,1,Intermediario,0.3449109524035507,74.13793103448276,5.23125
432080,RS,1,Intermediario,0.4539323338926802,65.76576576576578,5.291428571428571
432085,RS,0,Critico,0.6947937382162722,33.33333333333333,5.553333333333334
432090,RS,1,Intermediario,0.47432243803593144,58.91472868217055,5.536666666666667
432100,RS,1,Intermediario,0.31319080239621716,70.83333333333334,5.238333333333333
432110,RS,1,Intermediario,0.547676996542686,63.63636363636363,5.261666666666667
432120,RS,1,Intermediario,0.5443187715271663,52.04081632653062,5.287599999999999
432130,RS,1,Intermediario,0.6112721451697593,52.68817204301075,5.387000000000001
432135,RS,1,Intermediario,0.5842938956184759,55.00000000000001,5.1
432140,RS,1,Intermediario,0.41035030408500606,68.08510638297872,5.03875
432143,RS,1,Intermediario,0.4548829948569233,66.66666666666666,5.463333333333333
432145,RS,1,Intermediario,0.35420104328030666,71.69811320754717,5.5825
432150,RS,1,Intermediario,0.5347680464742984,55.376344086021504,5.4992857142857146
432160,RS,1,Intermediario,0.5620414571469076,50.18050541516246,5.338125
432166,RS,1,Intermediario,0.35500153585398675,69.04761904761905,5.4375
432170,RS,1,Intermediario,0.5928510997489664,48.38709677419355,5.377777777777778
432180,RS,1,Intermediario,0.43506813459088095,65.21739130434783,5.499999999999999
432185,RS,1,Intermediario,0.35311935158783975,70.37037037037037,5.273333333333333
432190,RS,1,Intermediario,0.3752295006629869,75.96153846153845,5.47
432195,RS,1,Intermediario,0.35524867567160723,74.07407407407408,5.136666666666667
432200,RS,1,Intermediario,0.41545358800256715,67.6923076923077,5.421176470588236
432220,RS,1,Intermediario,0.46657643609067884,67.6056338028169,5.201
432225,RS,1,Intermediario,0.3674176948343278,64.51612903225806,5.68
432230,RS,1,Intermediario,0.4423287031346862,54.83870967741935,5.63
432240,RS,1,Intermediario,0.5410733624329255,54.77272727272727,5.1535
432250,RS,1,Intermediario,0.4951652016822517,58.02047781569966,5.436521739130435
432254,RS,1,Intermediario,0.4845678834473042,67.85714285714286,5.733333333333334
432260,RS,1,Intermediario,0.39204373943195836,66.16915422885572,5.385600000000001
432270,RS,1,Intermediario,0.47726526375150075,56.043956043956044,5.3341666666666665
432280,RS,1,Intermediario,0.4430953603235268,66.21621621621621,5.65625
432300,RS,1,Intermediario,0.6109576141062087,50.884086444007856,5.230263157894735
432345,RS,1,Intermediario,0.569020959542472,57.14285714285714,5.234999999999999
432380,RS,1,Intermediario,0.6149081219199158,51.76470588235295,5.456
500020,MS,1,Intermediario,0.33194116833459,72.95597484276729,5.0425
500025,MS,1,Intermediario,0.3603900924618766,78.94736842105263,5.27
500060,MS,3,Atencao,0.5407973175404402,52.307692307692314,4.9484615384615385
500070,MS,0,Critico,0.6662484522467316,41.61490683229814,4.895384615384616
500080,MS,2,Consolidado,0.3280207641139621,73.46938775510205,5.2675
500085,MS,2,Consolidado,0.1664620382095466,90.10989010989012,5.144
500090,MS,1,Intermediario,0.5341594871412547,55.769230769230774,5.12
500100,MS,1,Intermediario,0.5399838476892284,52.20125786163522,5.058571428571428
500110,MS,1,Intermediario,0.4550182572803494,63.670411985018724,4.709090909090909
500124,MS,2,Consolidado,0.3359391412857206,72.85714285714285,4.918571428571428
500150,MS,3,Atencao,0.7144255482349072,41.07142857142857,5.142499999999999
500190,MS,3,Atencao,0.6331803433620968,50.39370078740157,5.112500000000001
500200,MS,1,Intermediario,0.5154913009674453,57.831325301204814,5.13
500210,MS,0,Critico,0.6303359072214901,51.388888888888886,4.921
500215,MS,0,Critico,0.6256905737816232,46.0,5.033333333333333
500220,MS,1,Intermediario,0.5280465111536059,52.5974025974026,5.089999999999999
500230,MS,1,Intermediario,0.5068109553476321,58.97435897435898,5.11
500240,MS,1,Intermediario,0.5082876992245005,58.82352941176471,5.037
500260,MS,3,Atencao,0.6430671767315733,44.827586206896555,5.01875
500270,MS,0,Critico,0.6215149913610819,46.40741694566057,5.270176470588234
500280,MS,1,Intermediario,0.5569118870331168,63.63636363636363,5.016666666666667
500290,MS,1,Intermediario,0.646649384096025,40.54054054054054,5.3
500295,MS,1,Intermediario,0.5493622982631327,48.10810810810811,5.255714285714285
500310,MS,3,Atencao,0.5950227047266489,56.00000000000001,5.159999999999999
500315,MS,2,Consolidado,0.3716615541699383,70.19867549668875,4.91
500320,MS,0,Critico,0.6774109977949968,41.84100418410041,4.880606060606061
500325,MS,1,Intermediario,0.6084611055099567,43.02325581395349,5.159999999999999
500330,MS,0,Critico,0.6905389394102468,38.333333333333336,5.160000000000001
500345,MS,2,Consolidado,0.24628255553537728,83.75,5.17375
500348,MS,0,Critico,0.6973728721453795,40.0,4.712857142857143
500350,MS,0,Critico,0.6079034506675931,56.00000000000001,4.78
500370,MS,1,Intermediario,0.6097350678377191,49.152542372881356,5.1322222222222225
500375,MS,1,Intermediario,0.4810440140369787,62.295081967213115,4.938
500380,MS,1,Intermediario,0.4806187752315199,57.14285714285714,5.088571428571428
500390,MS,1,Intermediario,0.4067548596176509,77.27272727272727,5.039999999999999
500400,MS,1,Intermediario,0.3578456424949059,75.43859649122807,5.324
500410,MS,1,Intermediario,0.5238168145620083,60.526315789473685,5.04
500430,MS,1,Intermediario,0.5735254989365757,50.0,5.002000000000001
500440,MS,0,Critico,0.6468532651367624,53.84615384615385,5.0225
500450,MS,1,Intermediario,0.48914265369714266,65.0,5.15125
500460,MS,2,Consolidado,0.3073159877935689,78.04878048780488,5.14
500470,MS,1,Intermediario,0.42383806378523686,64.70588235294117,5.05
500480,MS,0,Critico,0.7127822923584626,30.612244897959183,4.425
500490,MS,0,Critico,0.672002356055489,39.473684210526315,4.933333333333334
500500,MS,0,Critico,0.6292615640267066,45.16129032258064,5.0489999999999995
500510,MS,1,Intermediario,0.5366338547120888,64.28571428571429,5.29
500515,MS,0,Critico,0.7161008701871886,39.0625,5.075
500520,MS,0,Critico,0.770405674579138,31.932773109243694,4.867777777777777
500525,MS,2,Consolidado,0.2575012951364786,88.40579710144928,4.487500000000001
500540,MS,0,Critico,0.644237859801536,44.31372549019608,5.212727272727272
500560,MS,0,Critico,0.7405765949207936,26.41509433962264,4.737857142857143
500568,MS,1,Intermediario,0.39402512094157227,66.66666666666666,5.096
500570,MS,1,Intermediario,0.47836008095331556,60.73619631901841,5.129999999999999
500580,MS,3,Atencao,0.5129828144586188,56.043956043956044,4.8100000000000005
500600,MS,0,Critico,0.6108311340021185,42.0,5.111428571428571
500620,MS,1,Intermediario,0.49489248233725114,61.29032258064516,5.184
500625,MS,3,Atencao,0.5017071882354325,51.28205128205128,5.23
500627,MS,2,Consolidado,0.29041558707935466,67.21311475409836,5.155
500630,MS,0,Critico,0.652509140399892,42.780748663101605,5.141666666666667
500635,MS,3,Atencao,0.5383411199005608,54.6875,4.956666666666667
500640,MS,0,Critico,0.6333877283481867,38.0,5.075
500660,MS,1,Intermediario,0.49403676079679787,61.187845303867405,5.079629629629631
500690,MS,3,Atencao,0.5769541114820815,54.65116279069767,4.656666666666666
500710,MS,0,Critico,0.6814429841750911,35.80246913580247,5.0616666666666665
500720,MS,3,Atencao,0.606593338018998,45.77114427860697,5.047999999999999
500730,MS,1,Intermediario,0.5469412816330013,44.827586206896555,5.085
500740,MS,3,Atencao,0.6068953215831535,51.07913669064749,5.01
500750,MS,0,Critico,0.6405807963987715,32.432432432432435,5.1
500755,MS,3,Atencao,0.5789966533423312,48.07692307692308,5.033333333333333
500769,MS,1,Intermediario,0.491631556751787,54.83870967741935,5.22
500770,MS,3,Atencao,0.5500261391622557,56.451612903225815,5.1275
500780,MS,0,Critico,0.6789279903832303,30.303030303030305,5.1475
500790,MS,0,Critico,0.7048309113338234,36.330935251798564,5.0058823529411764
500793,MS,1,Intermediario,0.4336610424408742,67.03296703296702,5.085999999999999
500795,MS,0,Critico,0.5442172824576098,48.38709677419355,4.6775
500800,MS,1,Intermediario,0.5296858270077903,53.77358490566038,5.104444444444444
500830,MS,2,Consolidado,0.31492529018379767,74.52135493372607,5.206774193548386
500840,MS,1,Intermediario,0.49713302203621157,51.42857142857142,5.012
510020,MT,1,Intermediario,0.3931108841653793,68.21192052980133,5.226000000000001
510025,MT,1,Intermediario,0.4772031064596686,61.71003717472119,5.010500000000001
510030,MT,1,Intermediario,0.33154665865367794,76.05633802816901,5.208571428571428
510035,MT,1,Intermediario,0.4086794131761813,70.96774193548387,5.01
510040,MT,1,Intermediario,0.5945138164563841,49.275362318840585,5.2125
510050,MT,1,Intermediario,0.45410071091843957,54.054054054054056,4.691428571428571
510060,MT,1,Intermediario,0.3537010356486056,72.72727272727273,5.156666666666667
510080,MT,1,Intermediario,0.41586392319303983,70.9090909090909,4.887499999999999
510100,MT,2,Consolidado,0.09645882654643041,100.0,5.105
510125,MT,1,Intermediario,0.5208557143541114,64.47368421052632,5.095
510130,MT,1,Intermediario,0.4956090462751572,70.37037037037037,5.086
510140,MT,1,Intermediario,0.46923983865958707,54.54545454545454,4.836
510160,MT,3,Atencao,0.46622204223683716,50.0,4.67
510170,MT,1,Intermediario,0.44643846929865827,58.235294117647065,4.880909090909091
510180,MT,1,Intermediario,0.46413159747771915,64.45182724252491,5.199090909090908
510185,MT,1,Intermediario,0.4934838025796972,43.58974358974359,5.286666666666666
510190,MT,1,Intermediario,0.5077146419417733,56.30252100840336,4.968571428571428
510250,MT,3,Atencao,0.5846258534628004,49.2063492063492,4.839999999999997
510260,MT,0,Critico,0.677198645271988,48.275862068965516,4.0600000000000005
510263,MT,1,Intermediario,0.47480034948001515,67.94871794871796,5.141538461538462
510267,MT,1,Intermediario,0.517822044037131,60.816326530612244,5.16
510268,MT,1,Intermediario,0.5123172494706424,63.29113924050633,5.216666666666667
510269,MT,3,Atencao,0.5528198275958446,42.42424242424242,4.876666666666667
510270,MT,0,Critico,0.690087019169615,37.6,4.815
510279,MT,1,Intermediario,0.35159632474495794,68.96551724137932,4.9025
510285,MT,1,Intermediario,0.45761826611955186,52.38095238095239,4.835
510300,MT,1,Intermediario,0.5328745028362691,59.57446808510638,4.91
510305,MT,1,Intermediario,0.49891301885743133,52.72727272727272,5.007499999999999
510310,MT,1,Intermediario,0.44097764447939053,59.25925925925925,4.93
510320,MT,1,Intermediario,0.5213772370303262,60.91954022988506,5.175999999999999
510325,MT,3,Atencao,0.5400598782611304,49.404761904761905,4.6433333333333335
510330,MT,1,Intermediario,0.5597009160600008,59.63302752293578,4.922499999999999
510335,MT,0,Critico,0.6352343933981723,45.81497797356828,4.98875
510336,MT,1,Intermediario,0.4925210545235687,64.28571428571429,4.98
510337,MT,1,Intermediario,0.4910723398856213,66.66666666666666,4.8533333333333335
510340,MT,1,Intermediario,0.5768538908175898,51.04602510460251,5.085486725663716
510343,MT,1,Intermediario,0.42793643577145424,72.0,4.9350000000000005
510345,MT,2,Consolidado,0.3614932830809426,75.0,4.973333333333334
510350,MT,1,Intermediario,0.5552485786178486,55.64516129032258,5.0525
510360,MT,2,Consolidado,0.25313872308621177,78.78787878787878,4.8225
510370,MT,1,Intermediario,0.48965194061825196,70.0,4.935
510385,MT,1,Intermediario,0.5658862073386212,55.55555555555556,5.083333333333333
510390,MT,1,Intermediario,0.4423745237998827,59.09090909090909,5.076666666666666
510410,MT,1,Intermediario,0.47684110606587793,55.72139303482587,4.996666666666666
510420,MT,2,Consolidado,0.18605617107539402,78.0,5.103333333333333
510452,MT,1,Intermediario,0.4873148545090915,61.904761904761905,5.234999999999999
510454,MT,2,Consolidado,0.2264806940867221,80.35714285714286,5.216666666666667
510455,MT,1,Intermediario,0.4638146193466954,67.56756756756756,5.19
510460,MT,1,Intermediario,0.580626798405858,57.28155339805825,5.121666666666667
510480,MT,1,Intermediario,0.5390338968405243,55.00000000000001,5.0488888888888885
510490,MT,0,Critico,0.5022951514970424,59.57446808510638,4.413333333333334
510500,MT,1,Intermediario,0.4663913406773726,52.0,5.05
510510,MT,1,Intermediario,0.5370785789372065,50.0,5.009
510515,MT,3,Atencao,0.597590409132707,47.5,4.965714285714285
510517,MT,1,Intermediario,0.40156207171884567,67.74193548387096,4.916666666666667
510520,MT,1,Intermediario,0.5029454952404584,57.57575757575758,5.073999999999999
510523,MT,3,Atencao,0.5764116303386619,40.909090909090914,4.823333333333333
510525,MT,1,Intermediario,0.39249830115463247,66.46341463414635,5.137894736842106
510550,MT,0,Critico,0.5961681547988841,52.17391304347826,4.812857142857143
510558,MT,1,Intermediario,0.44264300622706754,64.91228070175438,4.93
510560,MT,1,Intermediario,0.48164329600948186,58.333333333333336,5.045
510562,MT,3,Atencao,0.5761460869066214,61.06194690265486,4.9255555555555555
510590,MT,1,Intermediario,0.4809994205792604,51.515151515151516,4.98875
510600,MT,1,Intermediario,0.523257224829331,70.37037037037037,4.986666666666667
510610,MT,2,Consolidado,0.32864335555629043,76.36363636363637,4.651111111111112
510615,MT,2,Consolidado,0.3200230180270014,66.29213483146067,4.965
510618,MT,3,Atencao,0.4613453127540741,69.04761904761905,4.823333333333333
510619,MT,2,Consolidado,0.29713271756427856,71.7948717948718,5.165
510620,MT,1,Intermediario,0.4150258011009852,73.07692307692307,5.01
510621,MT,3,Atencao,0.44286152581450466,56.25,4.968571428571428
510622,MT,1,Intermediario,0.3807998464997904,65.89595375722543,5.170909090909091
510623,MT,1,Intermediario,0.5372292014512952,65.0,4.971428571428571
510624,MT,1,Intermediario,0.4283444899305455,65.47619047619048,5.09
510625,MT,1,Intermediario,0.4723652396469104,64.0,5.09
510626,MT,1,Intermediario,0.49335169502682846,74.50980392156863,4.973333333333334
510628,MT,2,Consolidado,0.3058861623138979,82.05128205128204,5.106
510629,MT,1,Intermediario,0.39777067546570793,67.64705882352942,4.9471428571428575
510630,MT,1,Intermediario,0.5643147734173783,52.4822695035461,5.05
510637,MT,1,Intermediario,0.47580202224650114,66.99029126213593,5.095
510642,MT,0,Critico,0.6887516271294294,40.31413612565445,4.889166666666666
510645,MT,2,Consolidado,0.341141457014688,65.0,4.9
510650,MT,0,Critico,0.7069611336453201,31.3953488372093,4.6833333333333345
510665,MT,1,Intermediario,0.48589830783425364,51.85185185185185,5.135
510675,MT,1,Intermediario,0.41724832008257695,65.01766784452296,5.051666666666666
510677,MT,0,Critico,0.6754228612583757,50.76923076923077,4.88875
510680,MT,1,Intermediario,0.353390539688117,80.0,5.19
510682,MT,0,Critico,0.6191837997239646,41.509433962264154,4.75
510700,MT,0,Critico,0.6314646924588939,37.96296296296296,4.967777777777778
510704,MT,1,Intermediario,0.5858329126631547,54.07239819004525,5.291111111111111
510706,MT,1,Intermediario,0.4161434221987491,67.70186335403726,5.203
510710,MT,2,Consolidado,0.24078306704713842,76.62337662337663,5.038571428571427
510718,MT,1,Intermediario,0.4229870998320957,67.3076923076923,5.04
510719,MT,1,Intermediario,0.5699056587453634,45.0,5.385
510720,MT,1,Intermediario,0.43444826208911835,60.86956521739131,4.925
510724,MT,2,Consolidado,0.25854933012147946,83.87096774193549,5.045
510730,MT,1,Intermediario,0.3977455693102972,58.415841584158414,5.1000000000000005
510735,MT,0,Critico,0.6419523613936855,43.47826086956522,4.960000000000001
510740,MT,2,Consolidado,0.32083856319413784,78.57142857142857,5.0649999999999995
510757,MT,1,Intermediario,0.576794104177207,65.0,4.89
510760,MT,1,Intermediario,0.5136198604799169,56.91533948030176,5.18230769230769
510770,MT,3,Atencao,0.5348557727921937,44.0,4.807777777777778
510776,MT,1,Intermediario,0.4498830383346868,75.0,5.023333333333333
510777,MT,0,Critico,0.6612455356700436,31.25,4.784
510785,MT,0,Critico,0.728411927690923,35.84905660377358,4.765000000000001
510787,MT,1,Intermediario,0.3247073331626998,80.0,5.0649999999999995
510790,MT,1,Intermediario,0.5463715958391785,55.610724925521346,5.149428571428572
510792,MT,2,Consolidado,0.2608061294464082,79.7037037037037,5.191428571428571
510794,MT,1,Intermediario,0.5082704677143504,55.84415584415584,4.96
510795,MT,1,Intermediario,0.5605849870011476,53.90946502057613,5.120384615384616
510800,MT,1,Intermediario,0.4598059838196063,58.139534883720934,5.0975
510805,MT,1,Intermediario,0.4957752252960981,64.70588235294117,5.14375
510830,MT,1,Intermediario,0.4329953126627612,50.0,4.885
510840,MT,1,Intermediario,0.5622285581893999,53.9047619047619,5.00108108108108
510850,MT,1,Intermediario,0.6413275351897721,55.072463768115945,5.125
510860,MT,3,Atencao,0.5803390745066435,49.166666666666664,4.975714285714286
510880,MT,1,Intermediario,0.40266582293366515,65.38461538461539,4.986666666666667
510890,MT,1,Intermediario,0.46105709775918186,58.536585365853654,5.053333333333334
510895,MT,2,Consolidado,0.2023978609841072,89.70588235294117,5.043333333333333
520005,GO,1,Intermediario,0.46768466032339495,57.615894039735096,4.988333333333333
520010,GO,1,Intermediario,0.29269841745120506,75.0,5.035714285714286
520013,GO,1,Intermediario,0.3638228325581531,68.0,5.01
520017,GO,1,Intermediario,0.38166313126867757,51.724137931034484,5.0675
520025,GO,1,Intermediario,0.5799938543570553,50.71174377224199,4.891754385964912
520030,GO,1,Intermediario,0.32145880172286045,77.20588235294117,5.0600000000000005
520055,GO,1,Intermediario,0.3842737279037386,71.42857142857143,5.154999999999999
520060,GO,2,Consolidado,0.3112777296665747,66.66666666666666,5.056
520080,GO,1,Intermediario,0.42421447956543806,77.41935483870968,4.948333333333333
520085,GO,2,Consolidado,0.3156148252631836,75.86206896551724,4.803333333333334
520110,GO,1,Intermediario,0.3578487656914262,72.98888162197514,5.232626262626261
520130,GO,2,Consolidado,0.09657062333463434,96.875,5.1362499999999995
520140,GO,1,Intermediario,0.43705962723546016,64.45600346770698,5.096495726495727
520145,GO,1,Intermediario,0.3882290187985265,75.0,5.045
520170,GO,1,Intermediario,0.40333621296886757,72.41379310344827,5.111111111111112
520180,GO,1,Intermediario,0.508214692651377,65.71428571428571,4.935
520215,GO,1,Intermediario,0.5106623768473247,58.333333333333336,4.922
520250,GO,2,Consolidado,0.2248184561008508,92.10526315789474,5.0425
520320,GO,2,Consolidado,0.26114509012895354,73.52941176470588,5.170000000000001
520330,GO,1,Intermediario,0.4647044595922876,66.4179104477612,5.071538461538461
520340,GO,2,Consolidado,0.2975971886346792,80.64516129032258,5.0200000000000005
520350,GO,2,Consolidado,0.28537682599666153,76.99115044247787,5.165
520355,GO,1,Intermediario,0.34698430499795313,83.33333333333334,4.978
520360,GO,1,Intermediario,0.37398437833656445,63.63636363636363,4.835
520380,GO,2,Consolidado,0.17328178511321254,90.9090909090909,5.12
520390,GO,1,Intermediario,0.42375403289286256,69.04761904761905,5.385
520400,GO,2,Consolidado,0.2336709575953325,84.21052631578947,5.033333333333333
520410,GO,1,Intermediario,0.3232467121058207,70.37037037037037,5.1825
520425,GO,2,Consolidado,0.31628905326718093,79.48717948717949,5.19
520430,GO,2,Consolidado,0.23264081749940127,82.6086956521739,5.18
520440,GO,1,Intermediario,0.2642975216217963,75.80645161290323,5.23625
520450,GO,1,Intermediario,0.4814263507819486,61.71548117154811,5.108399999999999
520455,GO,2,Consolidado,0.38196001892340575,66.66666666666666,4.93
520470,GO,2,Consolidado,0.30205515269266187,82.08955223880598,5.074285714285715
520480,GO,1,Intermediario,0.30270538177410605,70.27027027027027,5.025
520485,GO,2,Consolidado,0.19548215329914337,80.85106382978722,5.04
520490,GO,1,Intermediario,0.37317864058452666,68.62745098039215,4.786666666666667
520500,GO,2,Consolidado,0.2247716427404003,95.83333333333334,5.042
520510,GO,1,Intermediario,0.3795739553567559,72.77628032345014,5.287741935483871
520520,GO,1,Intermediario,0.3042468617920457,70.0,5.0600000000000005
520530,GO,3,Atencao,0.3515933848091067,68.29268292682927,4.458333333333333
520540,GO,2,Consolidado,0.13919916834724708,94.28571428571428,5.2
520545,GO,1,Intermediario,0.516857428044013,44.44444444444444,5.125
520547,GO,2,Consolidado,0.21176843254500605,87.65432098765432,5.18
520549,GO,1,Intermediario,0.5153651823306471,57.08502024291497,5.042941176470587
520551,GO,2,Consolidado,0.22629513528376743,87.03703703703704,4.9783333333333335
520552,GO,3,Atencao,0.4820713844346849,55.00000000000001,4.890000000000001
520580,GO,2,Consolidado,0.2976067867749521,85.0,5.038
520590,GO,1,Intermediario,0.3134223934280668,75.0,5.265
520620,GO,1,Intermediario,0.4000832804073904,65.44502617801047,5.068695652173914
520640,GO,1,Intermediario,0.37469164030858404,70.37037037037037,5.11
520670,GO,2,Consolidado,0.31243834132492704,85.71428571428571,4.88
520725,GO,2,Consolidado,0.26396539367513855,86.20689655172413,5.223333333333333
520735,GO,2,Consolidado,0.21038444146921145,79.16666666666666,5.03
520740,GO,2,Consolidado,0.2961623362943354,74.19354838709677,5.2925
520753,GO,1,Intermediario,0.35477239617758044,64.28571428571429,4.902
520780,GO,1,Intermediario,0.3390278072373689,75.0,5.13
520790,GO,3,Atencao,0.41754972686886743,70.0,4.64625
520800,GO,1,Intermediario,0.45111718930072914,64.30062630480167,4.996153846153847
520830,GO,2,Consolidado,0.27421735369743505,95.65217391304348,4.465
520840,GO,1,Intermediario,0.38418736349635113,79.03225806451613,5.090000000000001
520860,GO,2,Consolidado,0.25203600008751165,81.35135135135135,5.136666666666667
520870,GO,1,Intermediario,0.40761187342601013,67.60363429869393,5.162078431372549
520880,GO,1,Intermediario,0.3265571321489671,73.09523809523809,5.053333333333333
520890,GO,2,Consolidado,0.2971393744895304,83.60655737704919,5.083333333333333
520910,GO,1,Intermediario,0.36151908547308115,66.43835616438356,5.313076923076922
520915,GO,1,Intermediario,0.4870691009294813,60.71428571428571,5.086666666666667
520920,GO,1,Intermediario,0.4091902176843151,63.095238095238095,4.987
520970,GO,1,Intermediario,0.41337030511089934,66.4179104477612,5.097777777777778
520990,GO,3,Atencao,0.4490496704640259,58.333333333333336,4.695
520993,GO,2,Consolidado,0.2673519060004195,80.0,5.029999999999999
520995,GO,2,Consolidado,0.3368742030925692,77.5,5.133333333333333
521000,GO,2,Consolidado,0.19753612071470233,82.63157894736842,5.124444444444444
521010,GO,1,Intermediario,0.38052736037805474,76.0,5.082307692307693
521020,GO,2,Consolidado,0.26649820987086836,83.33333333333334,5.259230769230769
521040,GO,2,Consolidado,0.2599530898741519,76.69902912621359,4.99
521056,GO,2,Consolidado,0.24429745138540152,84.0,5.096666666666667
521090,GO,2,Consolidado,0.24498313174946085,85.71428571428571,4.9925
521100,GO,3,Atencao,0.5722634618566591,45.45454545454545,4.93
521120,GO,2,Consolidado,0.22499122588802967,87.62886597938144,5.194000000000001
521130,GO,1,Intermediario,0.2728998117014022,76.0,5.1433333333333335
521140,GO,2,Consolidado,0.09981374905100353,97.14285714285714,5.19
521150,GO,1,Intermediario,0.36785016206920634,70.63829787234043,5.211199999999999
521170,GO,2,Consolidado,0.2739569231040886,81.81818181818183,5.116666666666666
521180,GO,2,Consolidado,0.22075401081080992,85.02415458937197,4.929411764705882
521190,GO,1,Intermediario,0.41252346568223247,64.57883369330453,5.288437500000001
521210,GO,1,Intermediario,0.44979759210623105,77.77777777777779,5.436000000000001
521220,GO,1,Intermediario,0.37812052271160745,69.44444444444444,5.085454545454546
521230,GO,1,Intermediario,0.32003850032204734,81.81818181818183,4.968
521250,GO,1,Intermediario,0.42932420322782083,64.62418300653596,5.034857142857142
521270,GO,3,Atencao,0.4724576955997697,62.745098039215684,4.97
521280,GO,2,Consolidado,0.27989172546811836,77.27272727272727,4.951428571428572
521300,GO,2,Consolidado,0.2635455658916231,79.62962962962963,4.93
521308,GO,2,Consolidado,0.2868720952692773,76.0,5.049166666666666
521310,GO,2,Consolidado,0.22814968705320793,85.44474393530997,5.126470588235295
521350,GO,2,Consolidado,0.30082956718296133,82.85714285714286,4.388333333333333
521370,GO,1,Intermediario,0.3684344249731236,73.80952380952381,5.24
521375,GO,1,Intermediario,0.356580892689366,72.22222222222221,5.175000000000001
521380,GO,1,Intermediario,0.45057408355885276,63.2768361581921,5.237647058823529
521390,GO,2,Consolidado,0.14286526799706156,90.0,5.19
521400,GO,1,Intermediario,0.49875051872461124,53.16455696202531,5.0875
521405,GO,2,Consolidado,0.11444882528746445,100.0,4.9625
521410,GO,2,Consolidado,0.09099834658844597,90.0,4.9
521440,GO,2,Consolidado,0.25467648357389006,80.48780487804879,5.15
521450,GO,1,Intermediario,0.38751998407787414,72.84768211920529,5.132222222222223
521460,GO,1,Intermediario,0.30435816585985964,73.52941176470588,5.052142857142856
521483,GO,1,Intermediario,0.39141758372567576,68.96551724137932,5.001666666666667
521486,GO,2,Consolidado,0.215622835698293,86.66666666666667,5.006666666666667
521487,GO,2,Consolidado,0.12280895703531354,100.0,5.0649999999999995
521500,GO,2,Consolidado,0.26043224533128506,89.47368421052632,5.026666666666667
521520,GO,1,Intermediario,0.3515508693973642,52.38095238095239,4.984999999999999
521523,GO,1,Intermediario,0.5490760778152467,56.91244239631337,4.884375000000001
521525,GO,2,Consolidado,0.16474553314802126,78.26086956521739,4.705
521530,GO,2,Consolidado,0.26387432698202856,84.78260869565217,5.06625
521540,GO,2,Consolidado,0.09558698076981534,92.3076923076923,5.225
521550,GO,1,Intermediario,0.32052163029048364,79.41176470588235,5.375
521560,GO,1,Intermediario,0.4580763730017114,56.62650602409639,4.897142857142858
521570,GO,1,Intermediario,0.3327872403166715,73.24840764331209,5.044444444444444
521630,GO,2,Consolidado,0.13220505334925106,95.65217391304348,5.306666666666667
521640,GO,1,Intermediario,0.4344177833542475,54.0,5.1866666666666665
521680,GO,1,Intermediario,0.3702212385261333,77.27272727272727,4.97
521710,GO,1,Intermediario,0.38979741073952484,71.27659574468085,5.196666666666667
521720,GO,2,Consolidado,0.35082457458872773,75.0,5.064
521730,GO,1,Intermediario,0.3848384765492978,66.38655462184873,5.059166666666667
521740,GO,1,Intermediario,0.3421446170186274,79.59183673469387,5.130833333333334
521760,GO,1,Intermediario,0.3783074186951343,69.60950764006792,4.909999999999998
521770,GO,1,Intermediario,0.26979117145529663,80.0,5.249999999999999
521800,GO,1,Intermediario,0.5846054838135787,48.63013698630137,4.934666666666666
521805,GO,2,Consolidado,0.25457838584120135,80.55555555555556,5.05
521830,GO,2,Consolidado,0.2868363930696776,79.01234567901234,4.863529411764705
521850,GO,1,Intermediario,0.3348601296773566,75.0,5.222857142857143
521860,GO,2,Consolidado,0.22396895433257474,79.62962962962963,5.06
521878,GO,2,Consolidado,0.19156356742919772,90.0,5.1899999999999995
521880,GO,2,Consolidado,0.17600556455660374,87.27810650887574,5.244500000000001
521890,GO,2,Consolidado,0.2550964591240231,82.1917808219178,5.178
521900,GO,1,Intermediario,0.19348624530737413,86.11111111111111,5.3425
521910,GO,2,Consolidado,0.14663315363896434,94.28571428571428,5.06
521925,GO,2,Consolidado,0.22619931175025898,87.5,4.913333333333334
521940,GO,2,Consolidado,0.26693033505781566,92.3076923076923,5.257499999999999
521950,GO,2,Consolidado,0.13594854722255437,81.81818181818183,5.109999999999999
521970,GO,2,Consolidado,0.16996692810258013,90.0,4.886666666666667
521971,GO,2,Consolidado,0.15610651192857505,88.46153846153845,5.0649999999999995
521973,GO,2,Consolidado,0.19512444528780462,86.20689655172413,5.165
521975,GO,0,Critico,0.5991574187808235,48.0,4.932380952380953
521980,GO,1,Intermediario,0.5357242338559585,51.42857142857142,4.7925
521990,GO,1,Intermediario,0.4248477096424727,62.857142857142854,5.025
522000,GO,2,Consolidado,0.1949632961791133,83.09859154929578,4.95
522010,GO,1,Intermediario,0.3653993923679584,75.42372881355932,5.255833333333333
522015,GO,2,Consolidado,0.28207896964674095,75.0,4.865
522020,GO,2,Consolidado,0.15487512954879293,88.18181818181819,4.9158333333333335
522040,GO,1,Intermediario,0.30779328228991826,79.0,5.151666666666666
522045,GO,1,Intermediario,0.5443971596431673,56.440903054448874,5.021212121212121
522050,GO,1,Intermediario,0.4764780205712632,61.111111111111114,5.15
522060,GO,2,Consolidado,0.1662663357317402,88.75,5.161249999999999
522068,GO,2,Consolidado,0.2817737563744344,92.3076923076923,4.8075
522100,GO,2,Consolidado,0.35489551005931536,80.0,5.04
522108,GO,3,Atencao,0.4841025883574233,67.85714285714286,4.3566666666666665
522119,GO,1,Intermediario,0.45783401295976417,55.00000000000001,5.005
522140,GO,1,Intermediario,0.3641002274567954,71.66172106824926,5.083846153846154
522150,GO,2,Consolidado,0.2840723784591371,85.71428571428571,5.16
522155,GO,2,Consolidado,0.2941845861482283,79.16666666666666,5.055
522160,GO,1,Intermediario,0.3424814596705422,78.18181818181819,5.137368421052632
522170,GO,2,Consolidado,0.16450455574899292,85.18518518518519,5.06375
522185,GO,1,Intermediario,0.48918318743010847,61.75115207373272,5.096999999999999
522200,GO,2,Consolidado,0.16082190189297232,91.42857142857143,4.998888888888889
522205,GO,2,Consolidado,0.2576606425729053,80.55555555555556,5.136666666666667
522220,GO,2,Consolidado,0.2541608655236764,81.48148148148148,4.656666666666667
522230,GO,2,Consolidado,0.3126306811509422,72.0,4.935
